id,edad,genero,nivel_educativo,region,ingreso_mensual,saldo_cuenta,score_crediticio,dias_mora_12m,monto_prestamo_solicitado,categorie_risque,PC1,PC2,categorie_revenu
1,56,M,Secundaria,Norte,3390.29,7044.24,630,5,8575.03,Risque moyen,1.785876237093296,-0.4499486454824234,Revenu élevé
4,32,F,Universitario,Norte,2951.14,6405.47,591,4,9040.18,Risque moyen,1.3480084465228384,-0.8583368094383976,Revenu moyen
5,60,F,Postgrado,Sur,3701.95,7720.67,641,8,12337.47,Risque moyen,2.322713084862322,0.7717709643420161,Revenu élevé
6,25,M,Secundaria,Centro,1419.09,1028.84,461,7,6198.48,Risque élevé,-1.6746975501661452,-0.24907234311152068,Revenu faible
7,38,F,Tecnico,Centro,2471.13,5243.97,551,11,4004.28,Risque moyen,-0.28810509575431187,1.4357279171559225,Revenu moyen
8,56,M,Tecnico,Centro,2542.31,3504.86,590,5,10339.74,Risque moyen,0.6277893156627343,-0.6780645430690704,Revenu moyen
9,75,M,Secundaria,Norte,1731.57,3968.05,566,6,4292.98,Risque moyen,-0.43677599357389546,-0.4967978454440971,Revenu moyen
10,36,F,Tecnico,Norte,5555.99,10830.6,765,7,19495.39,Risque faible,5.282249837208189,0.8771928661793499,Revenu élevé
12,28,M,Postgrado,Centro,4347.55,9188.65,703,6,15183.55,Risque faible,3.6851103174054267,0.23969732160987922,Revenu élevé
13,28,F,Tecnico,Occidente,3110.16,5786.8,729,3,10295.88,Risque faible,2.286643800066006,-1.2703441492268428,Revenu élevé
14,41,M,Universitario,Norte,1865.74,3160.1,577,11,5540.82,Risque moyen,-0.6716195158358023,1.2802487200507802,Revenu moyen
15,70,M,Secundaria,Occidente,1692.84,3030.23,607,6,5573.22,Risque moyen,-0.279007799339313,-0.5443723292855334,Revenu moyen
17,57,M,Secundaria,Centro,3052.76,5287.29,676,10,9672.18,Risque faible,1.3435571313103927,1.2079628866056433,Revenu élevé
20,39,F,Secundaria,Sur,1630.59,1899.43,549,7,7711.76,Risque moyen,-0.7288478908525347,-0.18384649060924185,Revenu moyen
25,47,F,Universitario,Sur,3552.84,5152.55,690,1,12538.55,Risque faible,2.462698919974579,-1.9118083625020963,Revenu élevé
27,19,M,Secundaria,Oriente,1076.31,3633.56,540,10,3064.21,Risque moyen,-1.3101832199619194,0.8355562144661697,Revenu faible
28,38,M,Secundaria,Oriente,1402.57,2166.02,539,5,1161.27,Risque moyen,-1.3737354112565958,-1.0488280989303083,Revenu faible
29,50,F,Secundaria,Occidente,937.86,1388.55,441,7,1462.95,Risque élevé,-2.4030580514042277,-0.3721272125389133,Revenu faible
31,75,F,Tecnico,Oriente,1650.35,3478.78,538,8,4572.75,Risque moyen,-0.8353568623985944,0.20116023956135484,Revenu moyen
36,44,M,Universitario,Occidente,2102.16,4157.24,634,6,5723.01,Risque moyen,0.30486387329038317,-0.44879018395653575,Revenu moyen
37,59,M,Primaria,Sur,1068.65,1819.64,514,10,2692.0,Risque moyen,-1.8889182699856617,0.7329589377846351,Revenu faible
38,45,M,Universitario,Centro,4938.18,9499.79,708,7,16223.32,Risque faible,4.071189380422665,0.6928510770634748,Revenu élevé
39,33,F,Secundaria,Oriente,1584.77,3575.98,619,5,5423.88,Risque moyen,-0.09070357072046369,-0.8893800372583169,Revenu moyen
40,32,F,Tecnico,Norte,4875.56,9124.41,660,4,16661.07,Risque faible,3.915485427303166,-0.3760841438345703,Revenu élevé
41,64,M,Postgrado,Centro,2861.69,4535.75,650,5,10194.82,Risque faible,1.3176783836062795,-0.6181422753091135,Revenu moyen
42,68,F,Primaria,Occidente,1047.38,679.05,526,9,924.23,Risque moyen,-2.187824841545994,0.261881212617239,Revenu faible
43,61,M,Secundaria,Oriente,2612.94,3797.23,544,9,6958.89,Risque moyen,-0.14841540366127398,0.7201741772893163,Revenu moyen
44,72,F,Primaria,Occidente,408.99,0.0,383,5,1048.0,Risque élevé,-3.176881456953608,-1.2014433036820393,Revenu faible
45,69,F,Secundaria,Sur,2246.25,6436.58,563,2,7763.49,Risque moyen,0.8896035212840886,-1.6551115963203515,Revenu moyen
46,74,F,Secundaria,Centro,1530.52,3282.38,598,13,4030.34,Risque moyen,-0.9420658322007094,1.926927812854147,Revenu moyen
47,20,M,Universitario,Inconnue,2417.51,4532.71,613,8,8556.54,Risque moyen,0.5583289315474281,0.3916718312685449,Revenu moyen
49,68,M,Tecnico,Oriente,2469.33,5194.83,617,8,8013.34,Risque moyen,0.6880335403147043,0.4209165079355962,Revenu moyen
52,26,F,Secundaria,Norte,3510.55,6798.24,671,4,13867.22,Risque faible,2.6308690630458624,-0.7091452458690657,Revenu élevé
53,56,M,Secundaria,Inconnue,1587.56,3190.98,529,9,4122.31,Risque moyen,-1.0842223279542806,0.5299286400228442,Revenu moyen
56,42,M,Tecnico,Centro,2521.18,4586.02,556,8,10024.75,Risque moyen,0.42820578386699276,0.4634868422750043,Revenu moyen
57,31,M,Primaria,Sur,1227.1,3077.88,499,7,3944.34,Risque élevé,-1.3284309333005238,-0.21664144381876901,Revenu faible
58,67,F,Secundaria,Oriente,1497.18,3298.18,518,9,2781.14,Risque moyen,-1.30161023302635,0.5021640660380956,Revenu faible
59,75,M,Primaria,Norte,980.59,2019.39,512,9,1983.63,Risque moyen,-1.9053315661417352,0.36346533573299383,Revenu faible
61,43,F,Secundaria,Norte,648.18,208.7,471,10,2584.34,Risque élevé,-2.6698020429326563,0.6164136415377424,Revenu faible
62,70,F,Primaria,Norte,871.69,1440.93,461,10,855.35,Risque élevé,-2.551728552440612,0.6745711248774081,Revenu faible
63,19,F,Secundaria,Norte,2587.54,4624.81,614,5,6973.65,Risque moyen,0.6796869246717037,-0.6957173023654489,Revenu moyen
64,37,F,Tecnico,Sur,1473.22,1794.93,529,10,2691.12,Risque moyen,-1.6371392785741674,0.763316416366245,Revenu faible
66,64,M,Secundaria,Inconnue,789.35,1967.05,428,4,1688.94,Risque élevé,-2.2082877588140915,-1.4144909763724824,Revenu faible
67,24,M,Universitario,Norte,2323.1,4312.88,526,8,5380.59,Risque moyen,-0.365538594845167,0.3372991140661524,Revenu moyen
71,52,M,Tecnico,Centro,1414.64,1456.42,607,12,6045.65,Risque moyen,-1.05503236100414,1.4939631140796126,Revenu faible
72,31,M,Tecnico,Occidente,1579.39,2694.73,532,7,5051.82,Risque moyen,-0.9547464049872451,-0.1950949842539659,Revenu moyen
73,34,F,Primaria,Norte,1165.25,1620.2,548,5,4145.18,Risque moyen,-1.2292063015115213,-1.0396930872000314,Revenu faible
74,53,F,Tecnico,Norte,665.66,555.91,435,8,3166.54,Risque élevé,-2.6160221616382766,-0.0475647249200813,Revenu faible
75,67,F,Secundaria,Norte,739.23,1374.95,479,7,1127.4,Risque élevé,-2.299689122683727,-0.4165366479475392,Revenu faible
76,57,M,Postgrado,Occidente,2681.53,4530.11,623,9,8434.83,Risque moyen,0.6518237569534658,0.7670022120692022,Revenu moyen
78,19,F,Tecnico,Norte,909.09,1193.08,553,3,2709.8,Risque moyen,-1.4195477753569892,-1.83870228521966,Revenu faible
79,23,M,Tecnico,Norte,2251.31,3946.41,639,8,8046.82,Risque moyen,0.4653986902442416,0.3186172325965491,Revenu moyen
80,71,F,Postgrado,Occidente,7357.55,12365.82,742,6,26090.97,Risque faible,6.963560876564592,0.9397777630763382,Revenu élevé
81,59,M,Postgrado,Inconnue,3027.09,5729.63,613,8,9307.04,Risque moyen,1.143383139154296,0.5361257069893046,Revenu élevé
83,71,M,Secundaria,Centro,2021.27,2938.48,587,7,4256.51,Risque moyen,-0.47669606063949427,-0.18157958506419528,Revenu moyen
84,46,M,Secundaria,Oriente,1588.97,3483.81,521,8,3263.59,Risque moyen,-1.094308584322285,0.17366096920918628,Revenu moyen
85,35,F,Secundaria,Norte,1118.67,3123.53,508,8,2092.61,Risque moyen,-1.5636087166892567,0.08733095595806041,Revenu faible
86,43,M,Tecnico,Oriente,2040.34,3615.94,643,10,5898.8,Risque moyen,-0.014590341995916096,0.9441331888760802,Revenu moyen
88,51,F,Universitario,Norte,4540.2,7917.29,750,8,17103.39,Risque faible,3.8447451976089853,0.9217342927411035,Revenu élevé
89,27,M,Secundaria,Centro,1322.48,1960.43,484,12,1902.94,Risque élevé,-2.135637481685721,1.4761183515114706,Revenu faible
90,53,F,Universitario,Oriente,2968.88,4595.14,687,2,7846.56,Risque faible,1.5391424898427342,-1.7469213590390253,Revenu moyen
92,48,F,Tecnico,Norte,1680.22,2415.02,609,9,4689.44,Risque moyen,-0.6810434064641633,0.47058772088554196,Revenu moyen
94,32,F,Tecnico,Sur,1364.76,4081.73,531,6,2336.91,Risque moyen,-0.9724866699278655,-0.5536312655360601,Revenu faible
96,31,F,Secundaria,Centro,1376.74,2567.39,541,8,5396.64,Risque moyen,-1.040444786890288,0.1395190751595396,Revenu faible
97,40,F,Universitario,Norte,2207.73,2934.19,607,11,4979.27,Risque moyen,-0.4578792467517982,1.2735525441027262,Revenu moyen
98,74,F,Primaria,Sur,1494.19,4528.82,520,11,5999.63,Risque moyen,-0.8249580405527528,1.360208746714467,Revenu faible
99,57,F,Secundaria,Centro,1632.58,3354.27,529,6,2366.09,Risque moyen,-1.0236271776830441,-0.5687165873851966,Revenu moyen
100,38,M,Secundaria,Occidente,1209.52,1883.66,540,3,5335.61,Risque moyen,-0.9548117842987087,-1.7048276028964091,Revenu faible
101,33,M,Universitario,Sur,2370.44,5477.28,596,9,9027.39,Risque moyen,0.6246420942630152,0.8178070749867853,Revenu moyen
102,62,F,Secundaria,Centro,1143.79,1262.37,549,9,4640.58,Risque moyen,-1.5072072150893694,0.37853857170036415,Revenu faible
103,35,M,Tecnico,Centro,1428.76,910.34,579,6,5188.0,Risque moyen,-1.0426942285501954,-0.6885417017736181,Revenu faible
107,43,M,Primaria,Occidente,1596.73,2303.85,620,7,4276.76,Risque moyen,-0.5921000310112672,-0.2732308215799346,Revenu moyen
110,58,M,Secundaria,Norte,1244.79,2231.51,498,8,2468.4,Risque élevé,-1.7202509267054469,0.06063529336605057,Revenu faible
111,46,F,Tecnico,Sur,1027.39,3356.32,503,8,3013.03,Risque moyen,-1.4873248399194627,0.1151815940231351,Revenu faible
112,32,F,Tecnico,Norte,1530.85,2958.85,527,7,3435.35,Risque moyen,-1.11437624359323,-0.21869813754180256,Revenu moyen
116,24,F,Secundaria,Oriente,2126.67,2656.73,729,8,9197.78,Risque faible,0.7878003267559154,0.21747897209807907,Revenu moyen
118,41,F,Universitario,Occidente,1163.51,2299.27,512,10,2419.28,Risque moyen,-1.787460073753447,0.7645411992205096,Revenu faible
122,41,M,Primaria,Centro,1362.58,1825.17,514,7,4833.31,Risque moyen,-1.3578215777097276,-0.26300752996168736,Revenu faible
123,28,F,Postgrado,Norte,2590.03,6352.7,650,8,9367.39,Risque faible,1.31689984994131,0.5152984243101214,Revenu moyen
124,68,F,Universitario,Sur,2761.5,5367.54,669,6,11705.18,Risque faible,1.656443429420366,-0.1963148756507407,Revenu moyen
125,34,M,Secundaria,Centro,1824.29,3118.56,609,9,2714.27,Risque moyen,-0.6745770268192031,0.48045856211743093,Revenu moyen
128,52,M,Tecnico,Sur,1051.65,3169.38,535,8,2155.0,Risque moyen,-1.4165940987773193,0.07285846040130563,Revenu faible
129,50,F,Tecnico,Centro,1535.35,2276.65,562,3,3343.55,Risque moyen,-0.8105779134279002,-1.7059196238843106,Revenu moyen
131,59,F,Universitario,Occidente,4600.03,7239.37,725,7,14557.68,Risque faible,3.380166292534682,0.48427773304002036,Revenu élevé
132,56,M,Secundaria,Oriente,1237.15,2360.06,511,9,3035.9,Risque moyen,-1.62394999828681,0.43190411708630055,Revenu faible
133,75,F,Primaria,Centro,1135.74,2300.24,563,6,3033.16,Risque moyen,-1.1857976850057146,-0.6774018904014598,Revenu faible
134,58,F,Tecnico,Sur,1766.81,3328.19,568,12,4570.37,Risque moyen,-0.8923438082865732,1.62024697970117,Revenu moyen
136,24,M,Universitario,Oriente,1356.2,2849.74,550,6,2665.17,Risque moyen,-1.0916178673562824,-0.6269999680788344,Revenu faible
138,25,M,Secundaria,Centro,2213.16,4173.86,651,2,6276.84,Risque faible,0.7615401664009006,-1.8626530697420423,Revenu moyen
139,29,M,Tecnico,Inconnue,1513.73,3357.16,515,14,3306.62,Risque moyen,-1.5583672648139675,2.3082305723312855,Revenu moyen
140,51,M,Tecnico,Norte,4174.23,7850.01,650,5,13107.05,Risque faible,2.8666370288469953,-0.2350761293899711,Revenu élevé
141,50,M,Secundaria,Oriente,1024.17,2366.54,542,3,2359.07,Risque moyen,-1.2235975659854297,-1.7626825115518687,Revenu faible
142,65,F,Postgrado,Centro,2750.83,5503.77,646,3,9342.71,Risque moyen,1.490505978456229,-1.305188173486412,Revenu moyen
143,72,M,Secundaria,Centro,2252.66,4753.64,702,5,7001.95,Risque faible,1.08791464702553,-0.7591371131909526,Revenu moyen
144,40,F,Secundaria,Occidente,1517.28,3511.29,506,8,4065.56,Risque moyen,-1.1243492573991793,0.19330019634041273,Revenu moyen
145,41,F,Universitario,Centro,2162.43,4852.93,627,5,4803.14,Risque moyen,0.4043121389037272,-0.7779254085651929,Revenu moyen
146,54,M,Primaria,Occidente,742.8,1684.8,482,8,4878.7,Risque élevé,-1.892344094562138,0.04277852637365799,Revenu faible
148,61,M,Tecnico,Centro,4259.17,7803.5,751,6,18588.4,Risque faible,3.986632669551285,0.20633179672375584,Revenu élevé
150,39,M,Postgrado,Norte,4254.88,7292.92,707,4,15299.63,Risque faible,3.4051768643322218,-0.5933477804534651,Revenu élevé
151,44,F,Secundaria,Inconnue,1138.22,640.13,514,6,1730.17,Risque moyen,-1.958576990767517,-0.7808029671415122,Revenu faible
152,52,F,Tecnico,Norte,2005.0,4769.81,594,14,9069.45,Risque moyen,0.0023245747881525595,2.5316544822025002,Revenu moyen
153,18,M,Primaria,Occidente,1010.37,1973.8,526,9,3247.53,Risque moyen,-1.6904596250957828,0.38592857934963,Revenu faible
154,52,M,Secundaria,Oriente,873.23,1707.4,506,7,2881.86,Risque moyen,-1.8343754609296992,-0.35698675463499524,Revenu faible
155,54,F,Tecnico,Centro,1325.03,3104.09,560,7,3382.03,Risque moyen,-0.9808026419557957,-0.24595458842810988,Revenu faible
157,31,F,Universitario,Norte,6031.69,10771.6,666,5,19334.11,Risque faible,4.994194895123373,0.24489166234664825,Revenu élevé
158,20,F,Secundaria,Sur,3332.19,5530.59,625,8,8560.93,Risque moyen,1.222566646506178,0.5314011530395806,Revenu élevé
159,18,M,Tecnico,Occidente,807.98,1304.52,441,14,2019.92,Risque élevé,-2.8553238488090105,2.1261899577130428,Revenu faible
162,72,F,Tecnico,Sur,1930.58,3784.97,591,6,4715.49,Risque moyen,-0.202047245343667,-0.4901449746811017,Revenu moyen
163,31,F,Primaria,Occidente,1107.23,503.71,471,10,3128.03,Risque élevé,-2.3599041473663642,0.6895596349974198,Revenu faible
164,56,M,Tecnico,Sur,4255.43,8713.95,619,7,14898.36,Risque moyen,2.9600680949215734,0.5923282488343441,Revenu élevé
166,26,F,Secundaria,Norte,3291.14,6312.92,612,6,11320.37,Risque moyen,1.7029220649472947,-0.07406933112998838,Revenu élevé
167,32,F,Tecnico,Oriente,2721.87,5333.76,661,4,8368.07,Risque faible,1.3681277962546687,-0.9890182517230567,Revenu moyen
168,32,M,Primaria,Sur,1144.36,1822.17,539,8,1052.63,Risque moyen,-1.7529752773143559,-0.02312363649721944,Revenu faible
169,43,F,Universitario,Sur,1800.48,3588.24,544,7,2601.77,Risque moyen,-0.8540182551640625,-0.18300550553077552,Revenu moyen
172,68,F,Primaria,Norte,1746.34,2949.77,538,7,3141.43,Risque moyen,-0.9918111291402848,-0.2102800874561658,Revenu moyen
173,49,M,Postgrado,Occidente,3822.77,7244.54,691,10,14583.5,Risque faible,2.6720036780749177,1.4990853832008013,Revenu élevé
174,56,F,Primaria,Centro,459.44,555.06,419,10,500.0,Risque élevé,-3.1950858451042077,0.5947941338038978,Revenu faible
175,66,M,Secundaria,Occidente,1258.45,2135.69,567,7,4007.31,Risque moyen,-1.1084169105475163,-0.2974575501198393,Revenu faible
176,69,F,Universitario,Sur,2141.94,4518.77,603,3,8120.96,Risque moyen,0.6492645558074429,-1.428588553137501,Revenu moyen
177,49,M,Secundaria,Centro,1678.34,3338.09,625,6,7165.27,Risque moyen,0.049494059287370405,-0.5000223572494581,Revenu moyen
180,54,M,Tecnico,Centro,2131.35,2808.09,610,10,5362.65,Risque moyen,-0.3969840269574902,0.9087094372706814,Revenu moyen
181,40,F,Secundaria,Norte,2241.08,5562.93,653,6,7794.12,Risque faible,0.9850697147690111,-0.31579518314899174,Revenu moyen
182,56,M,Primaria,Occidente,943.38,1907.98,449,6,4635.67,Risque élevé,-1.855479564198799,-0.630941791464945,Revenu faible
185,60,M,Universitario,Oriente,1614.38,2515.39,477,8,2531.3,Risque élevé,-1.62295878494121,0.12319362485058138,Revenu moyen
186,46,F,Tecnico,Centro,1610.61,3006.14,649,10,3483.74,Risque moyen,-0.5357287184829315,0.8105318182295085,Revenu moyen
187,53,M,Tecnico,Occidente,4533.74,8160.97,708,9,15556.26,Risque faible,3.4252687058973654,1.2767465353936054,Revenu élevé
188,30,M,Secundaria,Norte,1257.64,2202.86,506,6,1871.71,Risque moyen,-1.6101539956298792,-0.6720258500991839,Revenu faible
189,49,M,Universitario,Centro,1483.83,1404.08,584,5,6129.64,Risque moyen,-0.7265323745849868,-0.9932037077927351,Revenu faible
190,24,M,Tecnico,Norte,1423.79,2471.11,539,7,2995.46,Risque moyen,-1.236948350266077,-0.2725222396108565,Revenu faible
191,68,M,Universitario,Norte,5097.37,9448.23,694,12,19162.99,Risque faible,4.0336126605663285,2.5656264580713475,Revenu élevé
192,39,F,Secundaria,Sur,1316.46,2099.9,563,8,3270.86,Risque moyen,-1.2534051806939766,0.048718872353300836,Revenu faible
193,45,F,Universitario,Norte,1679.08,3806.35,582,10,5803.78,Risque moyen,-0.4936881812439108,0.9460467616110131,Revenu moyen
194,19,F,Tecnico,Norte,789.04,2207.07,384,8,1637.48,Risque élevé,-2.6716907909644667,0.04830853805889025,Revenu faible
197,74,M,Secundaria,Centro,1758.84,3452.2,568,9,6773.16,Risque moyen,-0.45582905456839384,0.603763256137309,Revenu moyen
198,70,M,Secundaria,Centro,1310.43,2756.59,553,4,5966.5,Risque moyen,-0.6489746357869015,-1.2786263803008384,Revenu faible
200,45,M,Secundaria,Centro,3191.7,5148.32,691,3,8229.23,Risque faible,1.749673506665493,-1.3291966907488226,Revenu élevé
201,45,M,Tecnico,Centro,4741.25,9209.75,678,7,19102.79,Risque faible,4.046579044575586,0.7358571712650307,Revenu élevé
202,61,M,Tecnico,Occidente,2097.58,4118.43,632,7,5825.69,Risque moyen,0.23101119604660605,-0.09068710810461006,Revenu moyen
203,61,M,Primaria,Norte,2487.15,4157.63,602,6,5066.99,Risque moyen,0.2100002644030105,-0.41249778108846485,Revenu moyen
204,37,M,Universitario,Centro,2636.33,4869.69,613,5,5325.2,Risque moyen,0.5768539804306552,-0.7136821589774992,Revenu moyen
205,47,M,Postgrado,Sur,1388.63,1761.82,616,4,2730.28,Risque moyen,-0.7886018609311984,-1.430349451894647,Revenu faible
206,28,M,Secundaria,Oriente,1301.29,832.76,485,3,1095.32,Risque élevé,-1.8980324475312438,-1.8280950021752649,Revenu faible
208,72,M,Tecnico,Norte,972.7,1960.46,476,6,2701.03,Risque élevé,-1.8718306241358855,-0.6809881438285097,Revenu faible
209,45,M,Tecnico,Oriente,1813.25,3024.71,641,4,4686.37,Risque moyen,0.004079929376528619,-1.2837020046379988,Revenu moyen
210,42,M,Tecnico,Oriente,1287.93,2654.25,477,15,1177.55,Risque élevé,-2.3061530497256246,2.572506311413388,Revenu faible
211,56,M,Tecnico,Norte,2014.23,4290.18,629,11,5597.78,Risque moyen,-0.058383762738523484,1.3377970366568144,Revenu moyen
213,18,M,Universitario,Oriente,4913.18,8328.69,645,3,16345.3,Risque moyen,3.7043998481157345,-0.7765822594540667,Revenu élevé
214,74,F,Secundaria,Centro,1572.19,3159.38,534,6,4757.9,Risque moyen,-0.8152079046911729,-0.5339568863242227,Revenu moyen
215,44,M,Secundaria,Norte,909.5,1326.63,472,4,500.0,Risque élevé,-2.15698334326469,-1.486844625863479,Revenu faible
216,74,M,Primaria,Centro,1002.48,1546.35,547,5,4717.79,Risque moyen,-1.2598964726871573,-1.046095297446913,Revenu faible
217,69,F,Secundaria,Norte,1308.57,3195.85,530,7,4574.52,Risque moyen,-1.0223485032893351,-0.20174585034644973,Revenu faible
220,20,F,Postgrado,Centro,3972.08,6495.68,674,2,15023.6,Risque faible,3.0207001088034073,-1.3730428828817627,Revenu élevé
221,56,F,Primaria,Occidente,2013.51,4733.75,636,8,5852.73,Risque moyen,0.2901271175357631,0.29335020316648186,Revenu moyen
223,25,M,Tecnico,Centro,1909.72,2521.36,600,10,3954.61,Risque moyen,-0.7535982919321055,0.8436363190152623,Revenu moyen
225,26,M,Universitario,Occidente,1864.58,1955.55,550,10,5306.38,Risque moyen,-1.0477762643060635,0.8595932664815197,Revenu moyen
226,54,F,Tecnico,Centro,1035.2,0.0,510,5,4264.04,Risque moyen,-1.8381762725105775,-1.1262242173777706,Revenu faible
227,50,M,Secundaria,Centro,2273.71,4856.34,601,8,7272.55,Risque moyen,0.36449082067234917,0.3731050157698365,Revenu moyen
228,68,M,Universitario,Sur,8662.57,14888.68,742,4,32414.85,Risque faible,8.816845577933059,0.6382283642004316,Revenu élevé
229,59,F,Tecnico,Occidente,3420.43,5181.67,631,4,9683.2,Risque moyen,1.5859119241829265,-0.8880220087616931,Revenu élevé
230,61,F,Tecnico,Norte,1886.49,2943.22,627,5,3929.95,Risque moyen,-0.20512462754859861,-0.9346736267599044,Revenu moyen
233,71,M,Tecnico,Centro,2282.51,3383.64,711,7,8027.27,Risque faible,0.8433003532580933,-0.10145148163249787,Revenu moyen
234,49,F,Universitario,Oriente,2088.91,3726.96,523,14,4490.49,Risque moyen,-1.071375214956799,2.4076509495971727,Revenu moyen
236,41,M,Primaria,Norte,1425.18,3921.19,533,7,4088.26,Risque moyen,-0.8522478283198465,-0.16092358578754218,Revenu faible
237,58,M,Universitario,Centro,2726.42,4615.17,683,6,8926.72,Risque faible,1.2795735241894808,-0.31238052817781115,Revenu moyen
238,69,M,Primaria,Sur,3599.12,6445.03,714,8,11175.68,Risque faible,2.3197814630297238,0.6288998554113145,Revenu élevé
239,66,M,Tecnico,Oriente,5255.46,8727.72,711,5,17997.53,Risque faible,4.364748450333038,0.0019513330822165601,Revenu élevé
240,66,F,Universitario,Oriente,2188.52,4457.42,614,2,4446.93,Risque moyen,0.40581036809064674,-1.8732725176637193,Revenu moyen
241,75,F,Secundaria,Oriente,2543.46,5910.59,673,10,9792.82,Risque faible,1.2578042431886183,1.1996303404498248,Revenu moyen
242,69,M,Primaria,Norte,676.14,1140.03,487,9,2516.05,Risque élevé,-2.3111706863193215,0.30675602364561994,Revenu faible
243,29,M,Secundaria,Inconnue,2233.45,3516.19,674,5,5647.93,Risque faible,0.5139654285236956,-0.8507088002292927,Revenu moyen
244,56,M,Tecnico,Centro,2301.24,4286.64,624,5,6063.0,Risque moyen,0.4539146613708275,-0.767695563468714,Revenu moyen
245,19,F,Postgrado,Sur,2100.86,4163.3,576,6,5827.56,Risque moyen,-0.024931747585020425,-0.42009354587372616,Revenu moyen
248,54,F,Tecnico,Sur,1736.86,2853.58,536,8,4680.7,Risque moyen,-0.9324136211493756,0.17650216112442174,Revenu moyen
249,66,M,Universitario,Sur,2685.91,3910.4,641,5,9580.06,Risque moyen,0.9957564589747601,-0.6809944966217778,Revenu moyen
251,34,F,Universitario,Norte,2539.61,4234.39,658,11,8723.72,Risque faible,0.6405452940953915,1.4422448096095872,Revenu moyen
252,66,F,Secundaria,Centro,1047.71,2323.2,455,10,4031.03,Risque élevé,-2.0006705747314846,0.8169788861957505,Revenu faible
253,19,M,Universitario,Centro,1903.88,3211.34,503,3,7825.46,Risque moyen,-0.34584464831223255,-1.4887425072238027,Revenu moyen
256,71,M,Universitario,Centro,2020.29,3298.68,586,6,6545.08,Risque moyen,-0.10927530504760372,-0.4661789513988955,Revenu moyen
259,49,M,Universitario,Occidente,1585.37,3229.68,583,6,4675.24,Risque moyen,-0.5149828749102561,-0.5525487209356276,Revenu moyen
260,50,M,Tecnico,Centro,994.57,1801.14,474,11,500.0,Risque élevé,-2.446591532735723,1.0508501011754632,Revenu faible
262,36,F,Tecnico,Sur,744.27,1057.51,432,6,3383.89,Risque élevé,-2.3472949350680308,-0.7198666971437078,Revenu faible
263,19,F,Universitario,Sur,1566.36,2130.48,605,6,4013.44,Risque moyen,-0.6943076809913336,-0.6429449693259247,Revenu moyen
264,70,M,Tecnico,Centro,3303.57,5275.04,640,7,11241.92,Risque moyen,1.582402050502485,0.21013968048297843,Revenu élevé
265,61,M,Secundaria,Oriente,777.11,687.34,413,8,1891.9,Risque élevé,-2.8019373872920283,-0.04823232570986254,Revenu faible
266,43,F,Tecnico,Centro,2717.46,5902.66,624,5,7584.93,Risque moyen,1.126254364075996,-0.599938292406889,Revenu moyen
267,49,F,Tecnico,Centro,998.11,2578.51,561,9,5291.46,Risque moyen,-1.1517148763791105,0.4502635484455754,Revenu faible
268,23,M,Universitario,Sur,2899.55,4877.7,631,5,8490.57,Risque moyen,1.1192137846121537,-0.6246810277344623,Revenu moyen
269,49,F,Primaria,Centro,3975.9,7290.27,678,6,14178.96,Risque faible,2.8775445255614787,0.08276579054785692,Revenu élevé
270,72,M,Tecnico,Centro,2488.18,5036.63,575,8,7243.36,Risque moyen,0.33622248008716366,0.41504176010202504,Revenu moyen
271,21,M,Primaria,Centro,1055.77,1427.63,519,10,2251.03,Risque moyen,-1.9931987949236047,0.6967875225459256,Revenu faible
272,72,M,Tecnico,Oriente,1773.78,3094.24,622,6,6064.75,Risque moyen,-0.09295433923592909,-0.5285878055180906,Revenu moyen
275,34,M,Secundaria,Sur,1665.17,3534.83,442,6,5889.63,Risque élevé,-1.1220086959383753,-0.43633788245534905,Revenu moyen
276,55,F,Tecnico,Sur,1495.95,2744.6,618,4,3654.9,Risque moyen,-0.4288987487211528,-1.3431467699645447,Revenu faible
278,22,M,Secundaria,Oriente,643.7,2068.52,411,12,500.0,Risque élevé,-2.9695479580740027,1.418832451159042,Revenu faible
279,69,M,Tecnico,Norte,1449.53,2266.0,537,7,2964.04,Risque moyen,-1.2846594815012256,-0.28176947429264126,Revenu faible
280,51,M,Universitario,Centro,5467.18,10412.44,804,1,24995.89,Risque faible,6.325567790535355,-1.1941443724325944,Revenu élevé
284,65,F,Universitario,Sur,6214.49,10552.15,712,9,21395.69,Risque faible,5.256294470649026,1.7057616680344607,Revenu élevé
290,46,F,Primaria,Oriente,632.79,993.8,475,5,3039.74,Risque élevé,-2.1271459561174706,-1.1188876776694492,Revenu faible
291,20,M,Universitario,Centro,2101.59,4459.77,572,5,6693.43,Risque moyen,0.1660193533235807,-0.7390328386536814,Revenu moyen
292,37,F,Universitario,Oriente,1430.92,2174.09,562,9,5334.25,Risque moyen,-1.0464995584523196,0.4685887532532731,Revenu faible
295,43,F,Secundaria,Occidente,1383.33,2700.4,523,6,5068.55,Risque moyen,-1.024119170204942,-0.566592883201008,Revenu faible
296,20,M,Primaria,Norte,1083.95,2558.22,512,8,2270.64,Risque moyen,-1.656073640378879,0.05347330017012339,Revenu faible
298,37,F,Secundaria,Sur,865.18,801.5,493,11,3363.8,Risque élevé,-2.306667021961938,1.0367475980235872,Revenu faible
299,49,F,Secundaria,Sur,1400.29,2214.49,559,14,2799.7,Risque moyen,-1.64096934686078,2.199912362712329,Revenu faible
302,58,F,Tecnico,Occidente,1872.44,2551.23,605,8,5606.53,Risque moyen,-0.43887474860140113,0.16176740588420319,Revenu moyen
303,50,F,Secundaria,Occidente,1779.27,2626.0,548,4,3240.97,Risque moyen,-0.7901479632327134,-1.3008669543083167,Revenu moyen
304,57,F,Secundaria,Norte,2690.53,3158.95,616,9,5561.71,Risque moyen,0.02895634596229564,0.6265780565788498,Revenu moyen
305,56,M,Universitario,Centro,2698.24,3212.73,562,5,7320.23,Risque moyen,0.1562901953180752,-0.7357875160885972,Revenu moyen
308,18,F,Secundaria,Sur,741.41,949.05,414,7,1550.6,Risque élevé,-2.7280413384106534,-0.4021963870896192,Revenu faible
309,28,M,Tecnico,Occidente,3178.25,5961.23,611,8,8542.65,Risque moyen,1.165317225940987,0.5475817057929248,Revenu élevé
310,45,F,Secundaria,Oriente,1712.75,3014.39,573,8,3371.03,Risque moyen,-0.8251223959221563,0.13726902336337535,Revenu moyen
312,42,M,Primaria,Oriente,2032.5,4381.99,614,8,6340.13,Risque moyen,0.14409884405350598,0.29568747282922125,Revenu moyen
314,40,M,Secundaria,Oriente,1133.23,1880.09,552,6,3655.61,Risque moyen,-1.2767050871275956,-0.6829770528719235,Revenu faible
315,48,F,Tecnico,Centro,2637.07,5114.71,679,4,11047.53,Risque faible,1.6672562920917091,-0.9573350902230431,Revenu moyen
316,47,F,Tecnico,Centro,1557.14,1288.44,550,7,5129.57,Risque moyen,-1.1481201351277224,-0.2850854670648611,Revenu moyen
318,52,M,Secundaria,Norte,864.32,2068.8,512,5,1959.76,Risque moyen,-1.695880629934637,-1.0755653471299749,Revenu faible
319,24,F,Secundaria,Centro,2164.52,3779.31,537,5,4794.41,Risque moyen,-0.35275535018925797,-0.7996540509135639,Revenu moyen
320,33,F,Secundaria,Oriente,1154.39,2260.2,509,7,2966.85,Risque moyen,-1.5735260220740364,-0.29757043681382056,Revenu faible
321,43,M,Primaria,Oriente,1788.25,3058.65,541,5,3655.29,Risque moyen,-0.7558762464362596,-0.9048451520986256,Revenu moyen
322,65,M,Primaria,Norte,1568.16,3308.6,531,10,3774.03,Risque moyen,-1.1538654864198326,0.8836938007137541,Revenu moyen
323,74,F,Secundaria,Centro,2987.25,6087.6,631,4,9154.43,Risque moyen,1.5428095283593446,-0.8887441640825735,Revenu moyen
324,69,F,Postgrado,Centro,1625.46,1244.93,597,3,5579.31,Risque moyen,-0.5561630265273347,-1.7223581761021645,Revenu moyen
327,18,F,Secundaria,Inconnue,2254.37,888.61,524,1,6787.55,Risque moyen,-0.5497237845001858,-2.338038541680492,Revenu moyen
328,65,M,Secundaria,Occidente,989.53,2248.39,493,6,1714.05,Risque élevé,-1.8050751374888652,-0.6926535709714824,Revenu faible
330,22,F,Primaria,Centro,1178.03,1715.87,471,9,500.0,Risque élevé,-2.2807665101059196,0.3496069037227954,Revenu faible
331,54,M,Secundaria,Oriente,1402.98,1972.02,537,7,6049.73,Risque moyen,-1.0496592629152088,-0.23350009569545097,Revenu faible
332,49,F,Postgrado,Centro,2483.0,4329.39,592,8,5764.34,Risque moyen,0.1324218481104929,0.33246448325093314,Revenu moyen
333,72,M,Secundaria,Centro,1085.91,4194.54,484,8,500.0,Risque élevé,-1.6550265550283787,0.12110012364517093,Revenu faible
334,26,F,Primaria,Occidente,937.23,851.05,511,9,1908.45,Risque moyen,-2.184587946728005,0.2903523186686742,Revenu faible
335,58,M,Primaria,Occidente,1546.74,1704.52,566,5,5291.02,Risque moyen,-0.8286046800525838,-0.9806446706868429,Revenu moyen
336,52,M,Universitario,Sur,2466.94,4920.15,686,7,6882.13,Risque faible,0.9812059264817564,-0.00943031470374728,Revenu moyen
338,65,M,Secundaria,Norte,1161.85,2399.84,465,11,1621.28,Risque élevé,-2.1877849092858335,1.1308984214827873,Revenu faible
340,20,F,Universitario,Oriente,1772.2,2939.27,546,11,6982.84,Risque moyen,-0.7918410756053228,1.3050796428689133,Revenu moyen
341,37,F,Secundaria,Norte,1878.85,2182.23,606,10,7741.18,Risque moyen,-0.4143780744192167,0.9039248508300279,Revenu moyen
343,71,M,Tecnico,Oriente,2598.87,6221.01,657,6,9016.43,Risque faible,1.4228281679888688,-0.2177137794761376,Revenu moyen
344,73,F,Secundaria,Norte,1971.48,3149.83,535,9,5007.35,Risque moyen,-0.8065684818790193,0.5814410571412206,Revenu moyen
345,50,M,Tecnico,Occidente,3190.03,6867.87,644,3,10195.48,Risque moyen,2.0386056435918234,-1.1640703292192867,Revenu élevé
346,41,F,Universitario,Occidente,4483.31,8343.82,616,5,13240.5,Risque moyen,2.913907774282903,-0.15866918225211946,Revenu élevé
348,28,F,Secundaria,Oriente,802.79,106.37,432,13,1131.46,Risque élevé,-3.1930250185525564,1.6826360963259717,Revenu faible
351,53,M,Secundaria,Oriente,1313.32,2647.92,503,5,5221.71,Risque moyen,-1.103926696092252,-0.921412454368189,Revenu faible
352,55,M,Secundaria,Centro,1387.01,2700.57,531,8,5283.5,Risque moyen,-1.0783912980537118,0.15016227550724948,Revenu faible
353,57,M,Secundaria,Sur,3201.43,5058.98,652,8,8952.92,Risque faible,1.2671654690095315,0.4883054275654855,Revenu élevé
354,37,F,Primaria,Centro,1693.21,2147.78,569,5,5429.93,Risque moyen,-0.6416437378876416,-0.9391977070735471,Revenu moyen
356,65,M,Secundaria,Centro,984.64,1810.79,543,6,5749.0,Risque moyen,-1.1914898524397708,-0.6497874327479621,Revenu faible
357,42,F,Tecnico,Oriente,1612.79,2808.4,586,7,6306.61,Risque moyen,-0.4701956812049071,-0.18126414813727207,Revenu moyen
358,52,F,Tecnico,Centro,2181.94,4931.14,609,10,5512.0,Risque moyen,0.08342842451308286,1.04043469514185,Revenu moyen
359,42,F,Secundaria,Centro,2013.01,4976.95,565,9,4815.63,Risque moyen,-0.24524769456813128,0.6734843946367683,Revenu moyen
361,35,M,Universitario,Norte,3200.99,5016.48,648,4,8055.05,Risque moyen,1.3922386655507701,-0.9629686307321839,Revenu élevé
363,35,F,Primaria,Sur,2760.95,4630.5,597,9,6731.03,Risque moyen,0.3783785608953043,0.7535819297072525,Revenu moyen
364,19,M,Tecnico,Norte,1517.6,2621.26,539,6,4597.69,Risque moyen,-0.9390376732048407,-0.5762278570272774,Revenu moyen
365,71,M,Secundaria,Centro,2396.81,3352.95,658,6,5730.62,Risque faible,0.39940962350048875,-0.4779624529178947,Revenu moyen
366,52,F,Primaria,Occidente,944.8,2703.2,531,7,1677.89,Risque moyen,-1.569984383354376,-0.3309037421158786,Revenu faible
367,33,F,Postgrado,Sur,2286.46,3737.24,588,8,3478.98,Risque moyen,-0.33318229776381114,0.22954548444093759,Revenu moyen
368,58,F,Secundaria,Centro,841.65,2798.16,458,10,1177.48,Risque élevé,-2.2612699959499443,0.7590208351208565,Revenu faible
369,53,M,Tecnico,Centro,1032.7,1757.08,509,10,3208.61,Risque moyen,-1.8935719067596604,0.7398336119239619,Revenu faible
370,50,M,Secundaria,Centro,1231.47,1832.51,523,10,3848.95,Risque moyen,-1.6465325480151645,0.7713248886401189,Revenu faible
371,21,F,Primaria,Norte,2073.57,3196.73,515,9,4608.61,Risque moyen,-0.9126297765101475,0.5938795597976589,Revenu moyen
373,31,M,Tecnico,Centro,792.04,1599.72,438,7,500.0,Risque élevé,-2.535660987754353,-0.3942002356870977,Revenu faible
374,38,M,Secundaria,Oriente,2164.04,3850.74,580,8,4248.01,Risque moyen,-0.3283616510003829,0.2454408513226684,Revenu moyen
375,65,M,Secundaria,Centro,1565.99,3460.17,513,7,3950.61,Risque moyen,-1.0229740648576393,-0.16833793079563725,Revenu moyen
376,37,M,Postgrado,Norte,6469.78,11027.05,770,5,26183.19,Risque faible,6.54608545573238,0.4094626210032489,Revenu élevé
377,73,F,Secundaria,Oriente,1276.59,2483.3,510,6,1829.03,Risque moyen,-1.5236677906449574,-0.6567271445815046,Revenu faible
378,25,F,Primaria,Inconnue,772.36,2359.38,477,6,500.0,Risque élevé,-2.0909473266552743,-0.727159428961423,Revenu faible
380,20,M,Tecnico,Oriente,2706.54,4289.48,598,5,9040.1,Risque moyen,0.7762582139784509,-0.6499029611362711,Revenu moyen
382,50,M,Primaria,Norte,1434.91,2085.39,557,8,2517.39,Risque moyen,-1.3196856931660415,0.04483691134571413,Revenu faible
383,65,F,Secundaria,Norte,727.69,619.41,386,6,3614.13,Risque élevé,-2.694072524330575,-0.7209354202048518,Revenu faible
384,29,M,Primaria,Sur,1798.56,3774.06,598,5,6860.41,Risque moyen,0.06437687794211938,-0.815596206229971,Revenu moyen
385,68,F,Tecnico,Centro,1147.38,1166.22,512,10,2213.99,Risque moyen,-2.055345214103279,0.6926783200058093,Revenu faible
387,72,M,Primaria,Norte,2374.67,4461.07,600,10,8879.92,Risque moyen,0.3569927352615404,1.1117331119004847,Revenu moyen
388,39,M,Secundaria,Sur,1797.47,3092.41,565,7,4663.02,Risque moyen,-0.625203955071763,-0.17489634840626142,Revenu moyen
391,55,M,Secundaria,Oriente,1484.5,2050.84,506,10,5467.81,Risque moyen,-1.4285342992460213,0.852343763204414,Revenu faible
393,62,F,Postgrado,Oriente,3965.42,7118.72,685,6,14044.43,Risque faible,2.864200196171402,0.06563017521140925,Revenu élevé
394,68,M,Primaria,Centro,3602.3,5972.46,719,3,11746.67,Risque faible,2.621448074701917,-1.1753783292993327,Revenu élevé
395,71,M,Postgrado,Centro,3196.71,4712.75,646,5,9256.68,Risque moyen,1.3751748991094563,-0.5953542448729873,Revenu élevé
396,25,M,Primaria,Norte,1787.34,2270.16,531,7,5616.63,Risque moyen,-0.905832393528037,-0.18667040939191784,Revenu moyen
397,44,M,Secundaria,Oriente,2482.64,4733.74,623,6,7321.63,Risque moyen,0.6851718401349263,-0.33801779161278833,Revenu moyen
398,44,M,Secundaria,Centro,1646.63,3470.79,590,7,3968.97,Risque moyen,-0.5321213856572119,-0.19427904951283057,Revenu moyen
399,51,M,Primaria,Norte,2256.08,2956.65,633,10,7011.25,Risque moyen,-0.008904995819526348,0.9561228646186749,Revenu moyen
400,38,M,Primaria,Occidente,936.33,1530.58,434,15,3996.15,Risque élevé,-2.6546913518102353,2.556918410854769,Revenu faible
401,47,F,Secundaria,Centro,2234.65,3691.53,631,4,6605.92,Risque moyen,0.459428255013298,-1.1569891270766322,Revenu moyen
402,50,F,Postgrado,Occidente,2101.28,3258.12,581,9,6603.06,Risque moyen,-0.2950044931703236,0.6154552997643002,Revenu moyen
405,50,F,Tecnico,Sur,1726.67,3241.79,507,7,3771.21,Risque moyen,-1.0559047705010454,-0.16703723089281206,Revenu moyen
407,65,M,Tecnico,Occidente,2656.72,4847.8,676,8,7957.25,Risque faible,1.0341030258411246,0.3908355528555572,Revenu moyen
408,36,F,Secundaria,Occidente,2994.98,5375.3,583,11,8525.31,Risque moyen,0.6106799346756492,1.5810618328610497,Revenu moyen
415,47,F,Universitario,Norte,2337.83,4394.35,638,9,9026.79,Risque moyen,0.6286339511633637,0.7330014333848586,Revenu moyen
416,46,M,Primaria,Centro,492.51,2132.68,385,7,1430.84,Risque élevé,-2.7640459613917856,-0.3469569280567354,Revenu faible
418,70,F,Primaria,Sur,1333.72,2334.08,644,8,6049.99,Risque moyen,-0.43472908201160426,0.09030088032032355,Revenu faible
419,23,F,Secundaria,Sur,513.79,0.0,416,4,1856.7,Risque élevé,-2.793478497677188,-1.5455962387362399,Revenu faible
420,52,M,Secundaria,Centro,2900.67,4095.21,642,8,6674.66,Risque moyen,0.6447479478030267,0.3567703293144118,Revenu moyen
421,58,M,Postgrado,Sur,6612.5,12803.8,734,6,22757.33,Risque faible,6.356179540162271,0.8224015177699366,Revenu élevé
423,41,F,Secundaria,Centro,791.42,1091.53,465,8,2318.75,Risque élevé,-2.360544194980791,-0.03719356914812034,Revenu faible
424,46,F,Primaria,Sur,2024.1,3316.67,520,11,5064.09,Risque moyen,-0.9566693178753344,1.3192992912001207,Revenu moyen
425,66,M,Postgrado,Centro,5788.47,10066.22,739,5,20755.28,Risque faible,5.318622714815464,0.18008357276484435,Revenu élevé
426,63,M,Universitario,Norte,3106.92,6942.36,628,1,9149.17,Risque moyen,1.9431442712893954,-1.899259351944132,Revenu élevé
427,70,F,Tecnico,Sur,1555.49,2332.44,520,5,2696.79,Risque moyen,-1.2288389852162727,-0.9813440945821329,Revenu moyen
428,48,M,Secundaria,Norte,1063.53,3247.23,450,7,4406.16,Risque élevé,-1.601723845077005,-0.18992047000518184,Revenu faible
429,52,F,Secundaria,Oriente,2005.11,3646.55,547,10,7326.94,Risque moyen,-0.4410792251790717,1.0180413344883774,Revenu moyen
433,49,F,Secundaria,Occidente,2367.82,4392.95,652,6,6610.92,Risque faible,0.6627279685751054,-0.3978359250691956,Revenu moyen
434,40,M,Secundaria,Norte,2937.55,5131.36,674,6,10334.36,Risque faible,1.568590118407405,-0.2264630543193187,Revenu moyen
437,35,M,Tecnico,Inconnue,1523.15,1839.78,609,7,2152.12,Risque moyen,-1.0039393427261398,-0.3502212662872867,Revenu moyen
438,42,F,Secundaria,Sur,1488.88,2621.2,569,7,4321.1,Risque moyen,-0.8653971826872673,-0.24115557728431222,Revenu faible
439,59,F,Primaria,Centro,700.22,1956.55,435,8,734.32,Risque élevé,-2.554463048257251,-0.0180506993218437,Revenu faible
440,48,M,Secundaria,Norte,1960.41,3880.36,647,14,6516.93,Risque moyen,-0.1548959352661563,2.394288710306203,Revenu moyen
441,71,F,Universitario,Norte,5941.57,9664.7,714,6,23300.87,Risque faible,5.349135545790966,0.5977607004153163,Revenu élevé
442,75,M,Secundaria,Sur,934.87,2320.87,469,11,2163.81,Risque élevé,-2.2200255816187604,1.1151488039465,Revenu faible
443,20,F,Secundaria,Norte,1563.01,3221.41,505,8,5405.23,Risque moyen,-1.0350651748052009,0.2115859989063224,Revenu moyen
444,57,M,Primaria,Occidente,2174.7,4014.29,552,6,7379.86,Risque moyen,-0.0075729833829594265,-0.37580328784458417,Revenu moyen
446,41,M,Universitario,Norte,1723.24,3835.49,438,4,2712.11,Risque élevé,-1.2587687270367443,-1.1985339429525055,Revenu moyen
447,67,M,Secundaria,Centro,1706.56,3777.97,525,11,6825.64,Risque moyen,-0.7812213472861987,1.3533430714386867,Revenu moyen
448,49,F,Secundaria,Sur,2117.12,2409.81,597,5,4949.15,Risque moyen,-0.29380226896680045,-0.9070729664068599,Revenu moyen
449,64,F,Postgrado,Norte,1951.36,4025.59,639,4,3897.19,Risque moyen,0.1810259939080833,-1.2294535733103404,Revenu moyen
450,39,M,Universitario,Oriente,3805.89,6616.29,696,5,12646.13,Risque faible,2.674849965198884,-0.3728287840311124,Revenu élevé
451,40,M,Tecnico,Occidente,1630.51,3203.9,610,7,4326.35,Risque moyen,-0.4410397190352834,-0.21221150405547423,Revenu moyen
452,19,F,Secundaria,Inconnue,1061.3,1161.65,492,6,3442.46,Risque élevé,-1.833869329406643,-0.7092942142754651,Revenu faible
453,44,M,Secundaria,Oriente,755.86,2095.3,545,7,1847.13,Risque moyen,-1.677899825331707,-0.386629553291759,Revenu faible
454,59,M,Tecnico,Occidente,1387.61,3352.21,478,4,2908.84,Risque élevé,-1.2456951199530921,-1.2720982866753419,Revenu faible
455,19,F,Tecnico,Sur,1308.58,2277.36,494,6,2652.64,Risque élevé,-1.5635600951496063,-0.6397982579754687,Revenu faible
456,43,M,Tecnico,Centro,1054.09,540.84,536,2,3915.91,Risque moyen,-1.4109767917445906,-2.18534697117792,Revenu faible
457,34,F,Primaria,Oriente,1462.64,3059.89,550,8,5863.25,Risque moyen,-0.7993899216688679,0.18275407656695683,Revenu faible
458,57,F,Secundaria,Centro,1651.16,3134.0,533,15,4848.91,Risque moyen,-1.346572304024625,2.6927209838678046,Revenu moyen
459,50,F,Universitario,Norte,3792.99,5293.69,687,7,14698.5,Risque faible,2.4219445653985057,0.3148472906552364,Revenu élevé
462,71,M,Tecnico,Sur,1653.28,1183.89,647,8,7433.14,Risque moyen,-0.3854554699093428,0.08399524866941822,Revenu moyen
464,56,M,Universitario,Sur,1203.17,2344.58,550,9,2186.21,Risque moyen,-1.4991512891764982,0.3910075240008088,Revenu faible
466,59,F,Postgrado,Centro,3677.38,6433.51,629,4,15460.28,Risque moyen,2.5396008059124897,-0.6594741936862096,Revenu élevé
468,43,F,Secundaria,Centro,2160.91,3720.55,625,10,7763.77,Risque moyen,0.14340708574210426,1.0119472990862108,Revenu moyen
470,67,F,Tecnico,Oriente,3291.49,6303.82,702,8,13491.71,Risque faible,2.3285850565467285,0.6491447479360445,Revenu élevé
473,30,F,Primaria,Sur,2326.09,3635.82,623,10,5495.01,Risque moyen,-0.050245291881501036,0.9723966096415345,Revenu moyen
474,75,F,Universitario,Oriente,3015.16,5324.18,596,5,12112.52,Risque moyen,1.4278918223264772,-0.49015433058415303,Revenu élevé
476,74,M,Universitario,Norte,2130.43,3305.79,653,5,7412.35,Risque faible,0.48392833953245545,-0.8233903240258518,Revenu moyen
477,53,M,Tecnico,Centro,1266.99,1748.59,508,4,1690.3,Risque moyen,-1.5843811953730684,-1.4176070056433603,Revenu faible
478,62,F,Tecnico,Sur,2924.75,4584.47,675,5,6831.35,Risque faible,1.1561870894510937,-0.6965877187383233,Revenu moyen
479,37,F,Secundaria,Centro,582.31,593.66,350,6,2492.01,Risque élevé,-3.0872001267423848,-0.7454456780908042,Revenu faible
482,63,F,Secundaria,Norte,669.2,2113.83,377,6,2112.77,Risque élevé,-2.6088872521734205,-0.6697617414050874,Revenu faible
485,29,F,Primaria,Occidente,1601.27,2422.78,541,8,3863.53,Risque moyen,-1.1347396679269395,0.1178823521378861,Revenu moyen
486,68,M,Universitario,Occidente,3896.29,6042.61,690,4,11981.7,Risque faible,2.5500085562660684,-0.7673561437255741,Revenu élevé
488,32,M,Secundaria,Sur,1833.25,1837.16,589,9,6643.93,Risque moyen,-0.656686970291917,0.5048553582630995,Revenu moyen
489,45,F,Tecnico,Sur,3516.57,6202.67,662,4,11773.01,Risque faible,2.239278268860057,-0.7863843280993535,Revenu élevé
491,19,F,Tecnico,Centro,2533.96,3438.63,557,7,7861.93,Risque moyen,0.03679729413537932,-0.008718195208682852,Revenu moyen
494,39,M,Primaria,Oriente,902.05,885.3,483,10,2212.22,Risque élevé,-2.388072942835151,0.6660223170449403,Revenu faible
495,68,M,Secundaria,Occidente,1212.45,2255.91,562,8,1897.02,Risque moyen,-1.4106531026102453,0.01724526572712986,Revenu faible
496,42,F,Secundaria,Occidente,1276.76,2339.44,594,5,4192.2,Risque moyen,-0.754780847969546,-1.007010750450076,Revenu faible
499,75,F,Secundaria,Oriente,2704.96,5705.1,653,9,8257.28,Risque faible,1.0688650842165413,0.8198354253505707,Revenu moyen
502,66,M,Universitario,Oriente,1548.25,2635.74,549,7,5005.52,Risque moyen,-0.8849673743284866,-0.210181163041862,Revenu moyen
503,69,F,Postgrado,Sur,2200.55,2381.89,647,5,5689.66,Risque moyen,0.10530470205036536,-0.9065061464191981,Revenu moyen
505,23,M,Secundaria,Norte,2345.2,4900.19,609,8,10949.48,Risque moyen,0.8280946399189875,0.4619735247351509,Revenu moyen
507,71,M,Primaria,Sur,847.1,3012.86,529,8,5231.48,Risque moyen,-1.25465723396873,0.11652939832122439,Revenu faible
508,60,M,Tecnico,Occidente,1977.34,4412.43,533,8,6553.17,Risque moyen,-0.327204174385647,0.3334685060570636,Revenu moyen
510,50,M,Universitario,Norte,4004.46,7287.94,663,12,13485.02,Risque faible,2.3545496785769915,2.2218285919266245,Revenu élevé
512,70,F,Secundaria,Centro,1486.29,2885.99,511,11,500.0,Risque moyen,-1.7937990338432988,1.1439551865727706,Revenu faible
514,61,M,Secundaria,Norte,964.15,1190.09,483,7,1228.38,Risque élevé,-2.2110889787481325,-0.40533305364912636,Revenu faible
517,21,M,Universitario,Occidente,1557.51,399.43,549,3,1750.0,Risque moyen,-1.4391490607365856,-1.84280272389122,Revenu moyen
519,62,F,Universitario,Centro,1548.91,3746.33,483,11,3173.57,Risque élevé,-1.4756987588549775,1.2728355455149574,Revenu moyen
522,47,M,Primaria,Oriente,1878.1,2117.27,579,3,4599.89,Risque moyen,-0.4723240125400442,-1.661743607756248,Revenu moyen
525,72,M,Secundaria,Occidente,1335.56,3006.19,511,6,5427.61,Risque moyen,-1.013014805982344,-0.5399014026215256,Revenu faible
527,69,F,Secundaria,Norte,1492.98,2050.95,551,5,3719.92,Risque moyen,-1.0271549159871334,-0.994447121692534,Revenu faible
528,33,F,Universitario,Norte,1794.73,2472.78,592,7,4900.19,Risque moyen,-0.5744312660672816,-0.21787045679166925,Revenu moyen
529,30,F,Postgrado,Oriente,3878.52,8230.29,717,6,12704.79,Risque faible,3.1142470174125725,0.07710269673545307,Revenu élevé
531,59,F,Tecnico,Sur,1801.99,3868.28,578,9,3956.77,Risque moyen,-0.5798958145722714,0.563834396837243,Revenu moyen
532,47,F,Tecnico,Centro,3578.6,6472.54,697,7,11104.25,Risque faible,2.272177133573106,0.27700763871799533,Revenu élevé
533,36,F,Universitario,Norte,1567.88,3713.71,542,8,3871.4,Risque moyen,-0.8684478459889067,0.18926528219236655,Revenu moyen
536,36,F,Secundaria,Centro,2443.59,3466.67,616,9,7993.34,Risque moyen,0.24068512386364854,0.6758447033909911,Revenu moyen
537,45,M,Secundaria,Sur,1444.62,1688.53,579,3,5445.72,Risque moyen,-0.6572642951496729,-1.708796319540714,Revenu faible
538,75,F,Primaria,Centro,1012.11,812.52,460,7,2703.26,Risque élevé,-2.255023314473965,-0.37895970143654345,Revenu faible
539,72,M,Tecnico,Centro,1948.96,3417.56,576,5,5053.27,Risque moyen,-0.2633267121099217,-0.852874161273415,Revenu moyen
541,54,M,Secundaria,Occidente,1120.95,1284.11,554,11,2164.23,Risque moyen,-1.8618672083629926,1.0345326779562578,Revenu faible
542,43,F,Tecnico,Centro,959.22,898.68,486,11,4350.49,Risque élevé,-2.1867406479116087,1.0767985274036682,Revenu faible
543,70,F,Tecnico,Centro,2037.01,3810.08,563,9,5874.87,Risque moyen,-0.3855257124675658,0.6329694874858951,Revenu moyen
544,40,M,Secundaria,Centro,1505.11,3821.73,471,7,3536.69,Risque élevé,-1.2613817376857448,-0.14363225044716996,Revenu moyen
545,26,M,Universitario,Occidente,1953.46,4134.3,627,5,3966.6,Risque moyen,0.0789649933321221,-0.8584127795790517,Revenu moyen
546,29,M,Secundaria,Sur,1274.65,2221.24,523,7,817.35,Risque moyen,-1.6698434465977805,-0.34325518375657077,Revenu faible
550,75,M,Postgrado,Centro,6283.2,11776.86,755,4,24630.3,Risque faible,6.441933631475378,0.049228500017521805,Revenu élevé
551,18,M,Secundaria,Centro,1942.53,3703.0,503,8,2373.31,Risque moyen,-1.0975974985683155,0.20804523915676384,Revenu moyen
555,71,F,Tecnico,Norte,2065.42,2116.41,584,4,6082.64,Risque moyen,-0.27520686037602804,-1.2551052929938122,Revenu moyen
556,65,M,Postgrado,Sur,2046.71,4457.47,629,2,2955.04,Risque moyen,0.2817665126765281,-1.9272603670151947,Revenu moyen
561,18,F,Tecnico,Centro,2053.94,1799.66,557,6,6214.44,Risque moyen,-0.6174305587314559,-0.5442934689631572,Revenu moyen
564,22,F,Primaria,Centro,1544.9,3197.45,599,5,4883.26,Risque moyen,-0.3607186090872391,-0.918342433967534,Revenu moyen
566,46,M,Tecnico,Norte,1790.08,4119.39,596,8,7900.81,Risque moyen,0.0415625876067179,0.30073732346957155,Revenu moyen
567,72,F,Tecnico,Sur,1205.7,3564.18,520,7,3940.77,Risque moyen,-1.1111237726803462,-0.20002229520576273,Revenu faible
569,29,M,Tecnico,Sur,2245.51,3628.01,620,4,8481.6,Risque moyen,0.5783002923925956,-1.1122874294509697,Revenu moyen
571,33,M,Tecnico,Sur,2678.45,5180.98,569,12,10212.76,Risque moyen,0.4657404183592515,1.9416396619657517,Revenu moyen
572,68,M,Secundaria,Sur,2723.04,4438.13,714,8,11488.38,Risque faible,1.5610057240314807,0.4361211011896118,Revenu moyen
573,54,M,Universitario,Sur,2842.93,5096.94,636,5,11049.4,Risque moyen,1.4340996596206368,-0.561778763215624,Revenu moyen
574,39,M,Universitario,Oriente,1430.37,1830.32,532,5,1199.09,Risque moyen,-1.4705703347929038,-1.0616339232147314,Revenu faible
575,74,M,Universitario,Norte,1875.07,3416.48,618,11,6353.98,Risque moyen,-0.2886961292948815,1.2959272579497823,Revenu moyen
576,46,F,Tecnico,Occidente,1436.96,3917.85,472,8,4599.43,Risque élevé,-1.2169812335868206,0.2365846923745708,Revenu faible
577,31,F,Tecnico,Inconnue,3045.41,4891.76,674,6,13148.25,Risque faible,1.8516575750403403,-0.1664674036989998,Revenu élevé
578,45,M,Primaria,Sur,1330.6,2406.82,574,13,3739.22,Risque moyen,-1.3821197521419029,1.8613366435805585,Revenu faible
579,22,M,Tecnico,Occidente,1271.61,2681.77,473,10,4934.31,Risque élevé,-1.632624474119405,0.8714226630150973,Revenu faible
581,66,F,Secundaria,Norte,2850.92,6054.34,641,4,12931.09,Risque moyen,1.9253457283303084,-0.8228000512136423,Revenu moyen
582,47,M,Secundaria,Oriente,1998.62,4179.01,606,7,8325.44,Risque moyen,0.3061420577575358,-0.02840052687309597,Revenu moyen
583,63,M,Universitario,Occidente,3998.68,7524.16,626,10,13306.23,Risque moyen,2.2911114576265703,1.5324476107571912,Revenu élevé
584,69,M,Secundaria,Norte,956.95,4018.03,549,6,5557.6,Risque moyen,-0.719695763908187,-0.5314957686886363,Revenu faible
585,22,F,Secundaria,Sur,1312.16,2928.29,554,5,2306.31,Risque moyen,-1.0441628614380531,-0.994124325630584,Revenu faible
586,29,F,Postgrado,Oriente,2411.32,4571.41,569,10,8586.94,Risque moyen,0.18319461031873296,1.1289537020129232,Revenu moyen
588,43,M,Primaria,Centro,1130.85,2498.57,553,9,1952.89,Risque moyen,-1.5030013229871244,0.386417203146514,Revenu faible
589,43,M,Universitario,Norte,1858.69,5380.49,594,11,6263.91,Risque moyen,-0.029837310032939404,1.41698997884666,Revenu moyen
590,65,F,Secundaria,Centro,636.17,696.94,425,8,3396.54,Risque élevé,-2.633678723105942,-0.032499823728254676,Revenu faible
591,38,F,Tecnico,Sur,3371.5,6030.37,666,4,9069.42,Risque faible,1.8882608641108876,-0.8731124623840252,Revenu élevé
592,56,F,Tecnico,Occidente,3569.36,5356.87,654,6,12277.33,Risque faible,1.9618077030450676,-0.10024821376806071,Revenu élevé
594,50,M,Tecnico,Occidente,2013.27,2682.66,583,10,6532.92,Risque moyen,-0.5115899908770465,0.9287888193281767,Revenu moyen
595,47,F,Secundaria,Oriente,2320.81,4274.68,630,5,7112.39,Risque moyen,0.602562286978951,-0.7455038376450519,Revenu moyen
601,22,F,Primaria,Inconnue,1536.96,3719.51,499,13,3349.08,Risque élevé,-1.4991896217847787,1.9820439485377008,Revenu moyen
603,51,F,Secundaria,Centro,4085.83,7006.96,693,4,14677.49,Risque faible,3.127799902888523,-0.6337997451984747,Revenu élevé
604,69,M,Primaria,Sur,1092.28,510.33,514,11,4460.7,Risque moyen,-2.0374336870761405,1.0568559765511878,Revenu faible
605,48,F,Secundaria,Norte,1312.81,1283.77,565,10,5390.29,Risque moyen,-1.323527712898315,0.76320233186759,Revenu faible
606,27,F,Postgrado,Oriente,2671.31,5406.1,620,11,8650.54,Risque moyen,0.7126828277723043,1.5381737823520232,Revenu moyen
607,75,M,Secundaria,Sur,1055.48,872.63,555,8,1353.22,Risque moyen,-1.8662713138129943,-0.08704897614939686,Revenu faible
610,49,M,Primaria,Oriente,1966.31,3527.9,543,9,4195.06,Risque moyen,-0.7649198695305468,0.5809039169465788,Revenu moyen
611,18,F,Primaria,Occidente,2422.06,4809.97,642,12,6284.62,Risque moyen,0.30646143600536063,1.7740446876189937,Revenu moyen
612,73,M,Universitario,Centro,2667.44,5661.84,688,5,9612.99,Risque faible,1.63908585135105,-0.6016311203520909,Revenu moyen
613,22,M,Postgrado,Inconnue,3756.04,5593.61,652,6,11313.39,Risque faible,1.979173003295842,-0.08961928960897093,Revenu élevé
614,62,M,Primaria,Norte,1674.12,1909.08,588,4,5366.52,Risque moyen,-0.5324136627980239,-1.3224087643204399,Revenu moyen
615,21,F,Tecnico,Sur,1429.31,2363.12,575,7,4629.97,Risque moyen,-0.87793672056434,-0.2575137887239616,Revenu faible
616,33,M,Postgrado,Centro,2004.07,4564.19,529,3,7076.35,Risque moyen,0.058717619216840884,-1.4294011775243665,Revenu moyen
617,41,F,Primaria,Centro,1279.3,2318.15,589,5,2909.54,Risque moyen,-0.91930547389729,-1.0347455703542756,Revenu faible
618,33,M,Secundaria,Norte,1195.16,3078.84,503,11,500.0,Risque moyen,-1.9215097481192258,1.1309869743478191,Revenu faible
619,72,F,Universitario,Inconnue,6751.14,10830.17,807,0,27385.0,Risque faible,7.275299766730567,-1.352462951195992,Revenu élevé
621,66,F,Primaria,Centro,1224.71,2264.01,544,10,1622.11,Risque moyen,-1.6629262912159437,0.7359078438464345,Revenu faible
622,45,M,Secundaria,Centro,1719.88,2237.32,637,7,4494.67,Risque moyen,-0.4324073262023932,-0.26807583142621744,Revenu moyen
625,37,F,Universitario,Centro,2443.52,4091.36,646,2,6770.99,Risque moyen,0.8614998032020201,-1.832058824255949,Revenu moyen
627,29,F,Tecnico,Norte,2108.8,4770.0,551,7,6386.24,Risque moyen,-0.045308142583220225,-0.0027158886764503255,Revenu moyen
629,52,F,Primaria,Norte,1032.57,2110.02,509,3,1666.68,Risque moyen,-1.5396835811314904,-1.777550183131273,Revenu faible
630,50,F,Primaria,Occidente,1723.38,3328.79,598,11,3849.7,Risque moyen,-0.7453053704650566,1.2287808230116428,Revenu moyen
631,50,M,Universitario,Norte,5261.16,10732.45,731,10,18491.62,Risque faible,4.647857021140837,1.9087206282870721,Revenu élevé
632,68,M,Tecnico,Norte,2978.77,6977.82,671,7,12552.77,Risque faible,2.124599333235143,0.29357216140571846,Revenu moyen
635,29,F,Universitario,Oriente,2034.39,3423.6,648,10,6675.08,Risque moyen,0.051269550665240624,0.9477122442600888,Revenu moyen
636,20,M,Tecnico,Norte,1769.47,3893.16,615,5,3965.4,Risque moyen,-0.119648267614656,-0.8845549371685779,Revenu moyen
639,57,M,Secundaria,Sur,1065.43,2674.88,466,7,5984.92,Risque élevé,-1.466017274450699,-0.19443500474589984,Revenu faible
641,60,F,Tecnico,Occidente,1621.09,3846.23,554,6,2583.19,Risque moyen,-0.7547992152573529,-0.5476371448444071,Revenu moyen
642,61,M,Tecnico,Sur,1702.7,2352.62,594,8,3662.22,Risque moyen,-0.8160884954708488,0.09507691536923712,Revenu moyen
643,46,F,Universitario,Centro,3394.85,5251.73,644,5,9757.82,Risque moyen,1.6117423580846395,-0.5329949523462958,Revenu élevé
644,30,F,Postgrado,Centro,2056.4,4182.92,606,9,4717.58,Risque moyen,-0.16420873607566436,0.6109180927260406,Revenu moyen
645,29,M,Secundaria,Norte,642.02,2069.56,474,13,1240.08,Risque élevé,-2.5858671338204293,1.764673178425232,Revenu faible
647,63,M,Secundaria,Occidente,2091.42,4611.57,642,4,5788.56,Risque moyen,0.5754274430085141,-1.1407312631812767,Revenu moyen
649,68,M,Universitario,Occidente,1695.06,2996.32,604,7,2777.2,Risque moyen,-0.6523944782697996,-0.2504090879465678,Revenu moyen
650,67,M,Universitario,Oriente,3317.41,4709.72,740,6,12662.21,Risque faible,2.265055473780243,-0.19178830941519787,Revenu élevé
651,52,M,Tecnico,Occidente,1032.43,903.48,492,6,1970.94,Risque élevé,-2.0516605119546045,-0.7602747558934088,Revenu faible
653,34,M,Primaria,Oriente,2339.28,3915.67,570,7,7559.74,Risque moyen,0.10210223448712846,-0.012301143350839367,Revenu moyen
654,43,M,Secundaria,Occidente,1968.06,5028.46,610,6,7748.91,Risque moyen,0.500227069268294,-0.35446969697111663,Revenu moyen
655,25,M,Universitario,Oriente,2246.16,4176.67,601,8,6450.85,Risque moyen,0.12463720794923756,0.3125036387113126,Revenu moyen
656,46,M,Secundaria,Oriente,1417.93,2375.74,468,8,1129.19,Risque élevé,-1.9314068540744058,0.06873097535262021,Revenu faible
657,43,M,Primaria,Oriente,732.88,1119.79,438,9,802.25,Risque élevé,-2.7559985521166723,0.2943071907486821,Revenu faible
658,27,M,Secundaria,Oriente,3019.83,6237.66,682,6,10366.74,Risque faible,1.8877384848359728,-0.15735514636207307,Revenu élevé
659,43,F,Postgrado,Centro,5214.48,9291.03,732,8,22210.85,Risque faible,4.835561291632433,1.1891920843733015,Revenu élevé
660,51,M,Tecnico,Centro,2625.28,4759.04,626,11,7731.0,Risque moyen,0.49728756996650536,1.4727892642142395,Revenu moyen
661,68,F,Universitario,Centro,2421.53,4608.18,656,5,11568.63,Risque faible,1.3256393546161385,-0.6275440739922485,Revenu moyen
662,58,M,Universitario,Norte,2102.83,2710.39,542,10,4752.4,Risque moyen,-0.8923328990478757,0.917140159330742,Revenu moyen
663,24,F,Tecnico,Centro,1234.4,2300.23,511,7,2684.55,Risque moyen,-1.5488598879373794,-0.29490501241603867,Revenu faible
665,75,F,Secundaria,Sur,707.05,1637.92,395,8,1451.6,Risque élevé,-2.780862006035624,-0.0016537837680707303,Revenu faible
667,67,M,Universitario,Oriente,1239.96,2043.01,550,5,5222.18,Risque moyen,-0.9861245091878157,-0.9846167560160993,Revenu faible
668,62,F,Secundaria,Occidente,1424.19,2968.72,537,8,3438.36,Risque moyen,-1.1601399222196018,0.12484312487351176,Revenu faible
669,28,F,Primaria,Oriente,1154.63,993.94,491,3,4870.52,Risque élevé,-1.502293125834993,-1.7500960167092185,Revenu faible
670,46,M,Tecnico,Oriente,1020.6,3433.04,444,7,2670.44,Risque élevé,-1.7937293911133687,-0.21977411045520037,Revenu faible
671,73,F,Primaria,Norte,867.43,2794.17,482,8,1632.85,Risque élevé,-1.938423798069711,0.04560078022682125,Revenu faible
672,53,F,Tecnico,Centro,2554.62,4331.64,651,5,9704.54,Risque faible,1.101835707482563,-0.6707755414673031,Revenu moyen
674,38,M,Secundaria,Norte,1714.03,1344.54,614,8,7303.24,Risque moyen,-0.5335644704273753,0.1110159493877061,Revenu moyen
675,74,F,Secundaria,Norte,1171.21,2644.7,467,11,500.0,Risque élevé,-2.235316872178977,1.1197399798945262,Revenu faible
676,53,F,Tecnico,Occidente,1190.55,1555.94,442,5,3372.44,Risque élevé,-1.9352756894066576,-1.0107629493591652,Revenu faible
677,27,F,Tecnico,Oriente,1252.57,952.93,524,8,2516.07,Risque moyen,-1.8300472023949845,-0.023370053494990144,Revenu faible
679,26,M,Universitario,Centro,2612.08,3975.17,641,7,8379.94,Risque moyen,0.7305077792569896,0.0037324388610197787,Revenu moyen
680,41,F,Primaria,Centro,2082.5,2924.79,542,18,5010.95,Risque moyen,-1.3287632800967615,3.7940224448625655,Revenu moyen
683,52,F,Primaria,Norte,737.29,1550.54,496,5,3140.31,Risque élevé,-1.8316802017436666,-1.083830907727456,Revenu faible
684,65,F,Secundaria,Oriente,1428.3,3577.48,476,8,1928.71,Risque élevé,-1.5433068848455525,0.1538580670516563,Revenu faible
689,49,F,Primaria,Sur,1494.67,1935.72,521,9,4606.16,Risque moyen,-1.3863753894415587,0.46284279673639656,Revenu faible
691,40,M,Secundaria,Sur,2033.96,4780.35,640,11,6129.6,Risque moyen,0.17302265539936132,1.375163798513454,Revenu moyen
692,49,M,Postgrado,Norte,2208.22,3772.65,565,4,4894.04,Risque moyen,-0.09846301534040194,-1.1637940809698901,Revenu moyen
693,54,F,Secundaria,Centro,2908.12,3742.77,604,11,8029.46,Risque moyen,0.3011801589955801,1.4574815603496531,Revenu moyen
695,66,M,Universitario,Sur,3338.95,6309.9,680,3,11803.5,Risque faible,2.359399551342128,-1.1620787570084095,Revenu élevé
696,72,M,Universitario,Oriente,4222.18,7640.01,713,10,15854.53,Risque faible,3.1823991749575646,1.57890917806093,Revenu élevé
698,40,M,Tecnico,Oriente,1703.11,3144.41,584,6,5852.7,Risque moyen,-0.357172366238074,-0.5201044802537704,Revenu moyen
700,52,M,Universitario,Occidente,1681.39,3167.53,605,10,5743.96,Risque moyen,-0.4988932386635547,0.8975287695168643,Revenu moyen
702,47,M,Primaria,Norte,2041.19,3833.42,586,10,7657.83,Risque moyen,-0.12298897119400994,1.022238896335023,Revenu moyen
703,34,M,Tecnico,Sur,1613.88,3222.62,531,7,2995.49,Risque moyen,-1.04544571451507,-0.20723591421029092,Revenu moyen
706,65,F,Postgrado,Oriente,3842.56,7461.26,618,2,11688.81,Risque moyen,2.499454664093158,-1.379585215849386,Revenu élevé
707,42,M,Universitario,Occidente,1980.18,3917.1,554,13,6456.22,Risque moyen,-0.6298084052186883,2.08122196326565,Revenu moyen
708,39,M,Primaria,Centro,1487.53,3660.28,583,4,3222.62,Risque moyen,-0.4886967858694376,-1.2848832194264934,Revenu faible
709,30,F,Tecnico,Centro,3681.5,6781.25,593,2,12892.68,Risque moyen,2.2646177191882924,-1.395893234350931,Revenu élevé
710,36,M,Universitario,Norte,3845.9,7731.54,636,5,14238.18,Risque moyen,2.738232392631759,-0.2413692085330617,Revenu élevé
711,66,M,Postgrado,Occidente,1215.43,411.2,572,6,3540.28,Risque moyen,-1.4478013499181728,-0.7719055555474011,Revenu faible
712,53,M,Secundaria,Centro,2117.73,2965.62,564,6,3689.66,Risque moyen,-0.5617116932465219,-0.5308411967108585,Revenu moyen
715,36,M,Secundaria,Norte,2596.38,3833.18,595,10,7224.89,Risque moyen,0.11718497329288183,1.0613055716065276,Revenu moyen
721,48,M,Tecnico,Occidente,2145.79,3220.4,560,7,5056.32,Risque moyen,-0.441764684785237,-0.12313590007312396,Revenu moyen
722,69,M,Primaria,Centro,1695.02,2324.77,610,9,4880.84,Risque moyen,-0.6684602768367298,0.47064270753875237,Revenu moyen
723,36,F,Secundaria,Sur,2004.5,1641.23,651,4,6332.9,Risque faible,0.018593109072067775,-1.3129590037540875,Revenu moyen
725,64,F,Universitario,Centro,1489.73,3422.38,562,11,4299.94,Risque moyen,-0.9885961794546304,1.2383171036875085,Revenu faible
726,33,F,Secundaria,Inconnue,914.45,1232.1,503,5,2095.95,Risque moyen,-1.89122419441161,-1.1121629708121707,Revenu faible
727,70,M,Tecnico,Sur,2145.76,5943.65,603,8,5619.49,Risque moyen,0.3835771905491156,0.3856770380093455,Revenu moyen
728,22,M,Tecnico,Centro,2810.51,7784.48,562,13,8102.76,Risque moyen,0.7522614365133637,2.418181461128242,Revenu moyen
729,52,M,Tecnico,Sur,2153.5,5320.22,666,9,8806.98,Risque faible,0.8900757013667895,0.7515350941702764,Revenu moyen
730,29,M,Tecnico,Sur,680.35,650.39,349,11,1765.58,Risque élevé,-3.4271540797173854,1.0390592261483742,Revenu faible
732,69,M,Secundaria,Oriente,784.39,943.01,488,9,2581.79,Risque élevé,-2.2951078894067285,0.306688077181502,Revenu faible
733,38,F,Tecnico,Oriente,2432.84,3859.19,600,8,7552.42,Risque moyen,0.2424592966114198,0.3372419952989364,Revenu moyen
734,53,M,Primaria,Occidente,954.57,1993.37,527,9,2049.77,Risque moyen,-1.8266565868749214,0.3542202991106843,Revenu faible
736,40,F,Universitario,Norte,6164.7,9582.34,734,5,23838.8,Risque faible,5.660188563634107,0.2598426330615177,Revenu élevé
737,33,F,Secundaria,Oriente,1257.77,1146.35,597,11,5262.49,Risque moyen,-1.2629371554393711,1.0902659482765056,Revenu faible
739,56,M,Universitario,Sur,2029.96,5169.95,625,11,6444.95,Risque moyen,0.19801455249509084,1.4112481137325603,Revenu moyen
744,56,F,Universitario,Centro,1860.79,4203.69,562,6,5471.78,Risque moyen,-0.2354588208359889,-0.4423748185606342,Revenu moyen
745,31,F,Tecnico,Norte,1962.79,4137.72,586,8,2982.56,Risque moyen,-0.44612830957187044,0.21159076242539915,Revenu moyen
746,48,F,Tecnico,Oriente,1515.78,814.86,458,9,3621.11,Risque élevé,-2.086859101445831,0.4059669424465991,Revenu moyen
747,75,F,Universitario,Centro,4695.38,7932.45,631,6,15534.73,Risque moyen,3.176501956216956,0.24037175367180538,Revenu élevé
748,22,M,Tecnico,Centro,1605.06,3434.58,550,6,2658.15,Risque moyen,-0.8645556093515875,-0.5695343714458309,Revenu moyen
749,52,M,Tecnico,Sur,1576.94,3490.89,581,6,5305.17,Risque moyen,-0.4102643392031016,-0.5230702490233987,Revenu moyen
750,40,M,Tecnico,Oriente,1918.74,3082.97,539,9,8198.24,Risque moyen,-0.4916935508914508,0.6428645463721048,Revenu moyen
751,46,M,Tecnico,Norte,2051.56,1980.78,521,3,5512.66,Risque moyen,-0.6764322667710426,-1.6063847132730689,Revenu moyen
753,28,M,Postgrado,Oriente,3109.23,4371.01,636,10,6282.57,Risque moyen,0.5897026885758294,1.101612262890997,Revenu élevé
755,64,M,Tecnico,Centro,1130.19,3161.4,537,9,2434.56,Risque moyen,-1.4075333860121801,0.4428691333360452,Revenu faible
757,26,F,Universitario,Norte,3660.53,6023.24,730,9,14347.26,Risque faible,2.6132265127410372,1.0323581276242337,Revenu élevé
761,34,F,Universitario,Centro,4634.79,9517.82,665,7,16164.76,Risque faible,3.6893709376365016,0.6830095841239104,Revenu élevé
762,55,M,Primaria,Centro,1037.59,1131.0,493,8,2528.24,Risque élevé,-2.0631900533062604,-0.019309421679552696,Revenu faible
763,24,F,Secundaria,Centro,1911.66,2606.93,549,13,7621.6,Risque moyen,-0.8458206856438832,2.0273306736649475,Revenu moyen
764,63,F,Tecnico,Centro,8536.93,15744.1,789,5,35890.26,Risque faible,9.516441558313879,1.090814931553636,Revenu élevé
767,59,F,Tecnico,Norte,1747.3,4978.5,615,10,6078.16,Risque moyen,0.005482833403664364,1.0118495771563034,Revenu moyen
771,75,F,Universitario,Occidente,2258.46,3538.4,611,10,6777.35,Risque moyen,-0.03809901216374591,0.9946900818475825,Revenu moyen
772,19,M,Secundaria,Oriente,1383.86,2501.31,537,10,4702.11,Risque moyen,-1.2712763840753447,0.8376048535726006,Revenu faible
773,22,M,Primaria,Centro,1209.69,337.3,505,7,2150.23,Risque moyen,-2.0652449165378064,-0.4204321944494067,Revenu faible
774,46,M,Tecnico,Sur,3672.6,6608.61,678,8,13736.6,Risque faible,2.4361435385368013,0.7194773029947545,Revenu élevé
777,36,F,Universitario,Centro,3274.04,5727.8,631,6,9865.58,Risque moyen,1.5342775479392687,-0.15105573862229205,Revenu élevé
778,25,M,Universitario,Sur,2398.44,3958.39,620,6,8913.89,Risque moyen,0.6315220162715417,-0.3536500924051436,Revenu moyen
779,65,F,Secundaria,Occidente,2113.32,2812.33,555,9,5292.34,Risque moyen,-0.6719544434830107,0.57283478921234,Revenu moyen
780,62,M,Secundaria,Centro,1482.69,3919.8,508,10,2504.88,Risque moyen,-1.325626598695417,0.8926442475014268,Revenu faible
781,18,M,Tecnico,Inconnue,2896.42,5331.89,672,7,10383.42,Risque faible,1.5246935638872396,0.14081924951919408,Revenu moyen
782,39,M,Secundaria,Norte,2652.47,5089.55,569,8,5782.94,Risque moyen,0.23079865107173425,0.40345818520385884,Revenu moyen
783,69,F,Primaria,Sur,1711.8,2629.27,597,9,6482.36,Risque moyen,-0.5090457475754487,0.5319465949942753,Revenu moyen
787,62,F,Universitario,Centro,2963.94,6528.23,742,4,11167.82,Risque faible,2.486220108765333,-0.8698726301423838,Revenu moyen
788,21,M,Secundaria,Oriente,2960.46,5825.87,654,10,9418.59,Risque faible,1.2636803953010278,1.2345580025268255,Revenu moyen
789,53,M,Secundaria,Centro,2564.41,4229.75,610,8,9564.47,Risque moyen,0.6412463990665047,0.41224389801575717,Revenu moyen
790,23,M,Postgrado,Oriente,2816.47,5382.81,604,8,7756.21,Risque moyen,0.7698591742935678,0.4649407443762477,Revenu moyen
792,36,F,Universitario,Oriente,1037.52,1543.99,491,8,3161.7,Risque élevé,-1.9224594898858585,0.0198446501271575,Revenu faible
793,61,M,Secundaria,Norte,1566.67,2823.12,597,8,5035.23,Risque moyen,-0.6145865930239066,0.13907223910245778,Revenu moyen
794,71,F,Universitario,Sur,2315.56,4799.32,623,11,6396.71,Risque moyen,0.2219567392654853,1.4167936056404116,Revenu moyen
795,56,F,Tecnico,Sur,1051.73,1246.33,500,9,3096.23,Risque moyen,-1.9958538140535,0.3559806598223286,Revenu faible
798,43,M,Tecnico,Oriente,4744.31,8840.17,657,8,16546.0,Risque faible,3.5210618112951715,1.023950450055563,Revenu élevé
799,36,M,Universitario,Centro,2504.21,4696.47,604,10,7791.2,Risque moyen,0.3727229286560797,1.1113169368402138,Revenu moyen
800,56,M,Primaria,Centro,1732.47,3084.96,570,12,7299.28,Risque moyen,-0.6663468444095895,1.6636573715079919,Revenu moyen
801,20,M,Tecnico,Norte,2602.02,4956.14,686,5,10438.04,Risque faible,1.5351684685295577,-0.6292277677530004,Revenu moyen
802,62,M,Secundaria,Centro,3222.82,5319.61,668,7,12164.81,Risque faible,1.8176220342323792,0.213284928388125,Revenu élevé
803,30,M,Universitario,Norte,4775.06,8176.21,680,4,15888.23,Risque faible,3.7109812613849815,-0.46710355305828694,Revenu élevé
804,67,F,Universitario,Norte,3854.06,5684.62,716,5,16076.47,Risque faible,2.9673151133617255,-0.353710932832512,Revenu élevé
807,37,M,Primaria,Centro,993.3,924.1,487,9,2134.08,Risque élevé,-2.2637642294917737,0.3158340680766157,Revenu faible
808,45,F,Tecnico,Oriente,1026.28,1215.69,557,10,3969.74,Risque moyen,-1.650414195382589,0.7034358779218925,Revenu faible
809,25,F,Secundaria,Sur,1227.02,3528.78,526,10,5568.35,Risque moyen,-1.0948336540970578,0.9067517332013904,Revenu faible
811,56,F,Postgrado,Sur,1069.86,2262.86,495,10,3307.0,Risque élevé,-1.8431697287792057,0.7812219902232934,Revenu faible
813,20,M,Universitario,Sur,3831.89,5978.68,652,8,9538.88,Risque faible,1.7853051058508715,0.6149592370284805,Revenu élevé
815,45,M,Primaria,Sur,742.23,2216.85,403,6,4539.5,Risque élevé,-2.1545144696550467,-0.6136775970933235,Revenu faible
816,74,F,Secundaria,Oriente,2099.77,4959.7,641,4,4884.31,Risque moyen,0.5539802832253228,-1.1397431617456415,Revenu moyen
818,42,M,Secundaria,Centro,3286.49,6438.82,633,9,7722.33,Risque moyen,1.2944462516610051,0.9147089218109535,Revenu élevé
819,73,M,Universitario,Oriente,906.11,2082.97,527,6,1278.48,Risque moyen,-1.7195947405532401,-0.7353435509376924,Revenu faible
820,50,F,Secundaria,Sur,478.43,131.66,416,16,500.0,Risque élevé,-3.6694611569026305,2.718819099934929,Revenu faible
821,55,M,Secundaria,Norte,1472.38,2713.0,528,7,4589.31,Risque moyen,-1.0665438400460892,-0.21288959755211387,Revenu faible
822,70,M,Universitario,Sur,2059.57,4508.56,596,6,5882.16,Risque moyen,0.15427610553877857,-0.41178158693679495,Revenu moyen
823,23,F,Secundaria,Oriente,1630.98,4085.09,550,7,3044.54,Risque moyen,-0.738730872987131,-0.1630502301097096,Revenu moyen
824,75,F,Secundaria,Sur,1928.69,3417.72,574,11,6526.12,Risque moyen,-0.5072797380384604,1.3248055025602994,Revenu moyen
827,49,F,Universitario,Oriente,2981.14,5365.45,678,8,9980.93,Risque faible,1.4986646525810847,0.49660966635354653,Revenu moyen
828,62,F,Primaria,Oriente,690.56,2184.05,394,11,500.0,Risque élevé,-2.9630492096046708,1.0800798189645924,Revenu faible
829,64,F,Secundaria,Oriente,4748.91,8157.94,708,2,17476.2,Risque faible,4.148916097390106,-1.162500283740591,Revenu élevé
830,38,F,Universitario,Centro,3919.38,7590.11,729,6,14534.67,Risque faible,3.254080457288862,0.0798461044045865,Revenu élevé
831,33,M,Postgrado,Centro,4825.14,9618.68,677,2,17543.01,Risque faible,4.314702296971757,-1.0550891771812405,Revenu élevé
832,71,F,Secundaria,Sur,1103.6,1667.98,509,4,3056.37,Risque moyen,-1.523552875055296,-1.4074250585771586,Revenu faible
835,54,M,Primaria,Norte,1639.16,3248.06,629,7,7212.39,Risque moyen,-0.020050972618914,-0.15214298312921323,Revenu moyen
839,37,F,Postgrado,Oriente,2294.26,3219.45,595,10,9127.02,Risque moyen,0.05628982919995049,1.0399257304224099,Revenu moyen
840,74,F,Secundaria,Norte,1896.18,4044.65,549,11,6622.99,Risque moyen,-0.5251629461341918,1.3714933930629079,Revenu moyen
844,66,F,Universitario,Sur,3195.58,5645.59,670,7,11476.59,Risque faible,1.8164535311181704,0.21312953363898227,Revenu élevé
848,18,F,Secundaria,Centro,669.11,952.57,430,5,1285.93,Risque élevé,-2.5655145567935422,-1.1372044624431226,Revenu faible
849,70,F,Primaria,Norte,1325.78,2393.09,598,4,3412.86,Risque moyen,-0.7169221988238073,-1.3762131561547097,Revenu faible
850,71,F,Tecnico,Oriente,2987.22,5901.15,703,4,12321.81,Risque faible,2.2520374115281188,-0.8603679513937841,Revenu moyen
852,20,M,Tecnico,Inconnue,2969.69,4780.5,588,5,7797.89,Risque moyen,0.8037839862198168,-0.6199334148031468,Revenu moyen
853,33,F,Secundaria,Sur,3139.38,5070.21,597,8,8019.41,Risque moyen,0.8242154851111284,0.48669683075829523,Revenu élevé
855,74,F,Tecnico,Inconnue,3062.02,4734.78,654,7,7797.31,Risque faible,1.09593202855664,0.07163322074486175,Revenu élevé
856,28,M,Tecnico,Sur,1055.21,602.53,482,10,3216.18,Risque élevé,-2.2869044358787387,0.6873715615609868,Revenu faible
857,29,F,Primaria,Norte,524.96,1332.14,369,12,1860.73,Risque élevé,-3.28259361824087,1.4144876825453097,Revenu faible
858,27,F,Universitario,Norte,5384.8,11792.2,749,9,21786.65,Risque faible,5.430614422262796,1.6907516512101766,Revenu élevé
859,49,F,Secundaria,Oriente,974.6,2449.28,481,14,1411.28,Risque élevé,-2.3703363134929822,2.176673389474385,Revenu faible
860,33,M,Primaria,Sur,1980.58,4345.04,501,9,6332.58,Risque moyen,-0.6135479359220617,0.6968560166380956,Revenu moyen
861,25,M,Primaria,Centro,1401.66,2892.61,604,10,2254.3,Risque moyen,-1.0379576698953312,0.7764987106452992,Revenu faible
862,55,F,Postgrado,Sur,7478.76,12383.89,746,7,27777.44,Risque faible,7.152124443534125,1.3462672265535727,Revenu élevé
866,70,M,Secundaria,Occidente,2171.55,3523.0,608,6,7028.57,Risque moyen,0.18045641728506137,-0.43773088909322017,Revenu moyen
867,25,F,Tecnico,Centro,1359.82,1400.27,549,6,1466.95,Risque moyen,-1.5261062216375332,-0.7373179209502959,Revenu faible
868,75,F,Primaria,Centro,2047.98,3288.61,574,6,4805.3,Risque moyen,-0.3490331793216362,-0.49804817092939413,Revenu moyen
870,53,F,Secundaria,Norte,2477.77,5758.15,532,5,4793.32,Risque moyen,0.16774369846279383,-0.6528537338481617,Revenu moyen
871,43,F,Universitario,Norte,3999.49,7329.02,682,4,14474.37,Risque faible,3.0744357038630654,-0.6229989488417234,Revenu élevé
872,25,F,Tecnico,Centro,2001.84,4853.93,599,8,6229.85,Risque moyen,0.13172409289628528,0.32438318086929957,Revenu moyen
873,75,M,Secundaria,Sur,1504.82,3245.21,553,8,5785.4,Risque moyen,-0.7328575634423388,0.19440777134433887,Revenu moyen
878,58,M,Secundaria,Sur,1385.19,2179.83,540,10,3499.26,Risque moyen,-1.4446500095928871,0.7905553086367892,Revenu faible
879,53,M,Tecnico,Oriente,1656.94,2892.08,539,13,5368.43,Risque moyen,-1.1818144676921944,1.9731532831571155,Revenu moyen
880,44,M,Secundaria,Occidente,1471.64,1816.74,602,5,4205.69,Risque moyen,-0.7357471108697485,-1.0220336740048424,Revenu faible
883,26,F,Postgrado,Centro,1730.86,3471.86,551,10,7836.63,Risque moyen,-0.5167007536256798,0.9914948115275718,Revenu moyen
885,70,F,Secundaria,Centro,2850.92,5300.52,672,10,11463.13,Risque faible,1.4224127776303392,1.2317745674613154,Revenu moyen
887,30,F,Postgrado,Centro,4133.21,7716.05,637,3,12414.47,Risque moyen,2.7985324047765707,-0.9716922161653806,Revenu élevé
889,65,M,Secundaria,Centro,1880.05,2508.81,577,4,5310.0,Risque moyen,-0.38991710469159185,-1.2643395795855954,Revenu moyen
891,30,M,Universitario,Centro,3074.06,4972.29,624,4,9509.68,Risque moyen,1.3379920164010226,-0.9339457873896655,Revenu élevé
894,23,F,Tecnico,Oriente,2537.09,3755.65,586,7,4039.68,Risque moyen,-0.11640951225017916,-0.08949263716897211,Revenu moyen
895,35,M,Universitario,Centro,5182.28,7892.04,733,4,18680.03,Risque faible,4.419123025855363,-0.4055131454607623,Revenu élevé
896,68,M,Secundaria,Inconnue,1416.9,2616.9,586,7,3519.76,Risque moyen,-0.8785726080464176,-0.27403082218733826,Revenu faible
897,22,F,Universitario,Norte,2501.0,5022.73,593,3,8502.26,Risque moyen,0.8861990888171454,-1.3520294543743627,Revenu moyen
898,64,M,Universitario,Occidente,9935.15,16703.5,741,1,35611.02,Risque faible,10.242137863654722,-0.13527637392991795,Revenu élevé
901,27,F,Tecnico,Centro,1197.99,493.33,538,3,2997.73,Risque moyen,-1.5059518645163457,-1.838471853284632,Revenu faible
902,73,F,Universitario,Oriente,2646.38,4680.92,680,3,10268.41,Risque faible,1.5676291433945033,-1.357224987229314,Revenu moyen
904,67,F,Universitario,Sur,3007.93,6586.57,673,6,10901.24,Risque faible,1.9586089826774185,-0.12212965249436092,Revenu élevé
905,62,F,Secundaria,Norte,1762.38,1837.78,583,3,3306.7,Risque moyen,-0.689039518728017,-1.7200076256074797,Revenu moyen
906,22,F,Secundaria,Sur,593.21,1885.56,394,11,593.24,Risque élevé,-3.0573547519216278,1.0556045035648505,Revenu faible
907,72,F,Primaria,Sur,706.36,1912.26,495,5,500.0,Risque élevé,-2.0448325918021157,-1.125040778169771,Revenu faible
908,73,M,Secundaria,Occidente,1481.22,2369.59,440,6,4368.41,Risque élevé,-1.613590371909562,-0.5549076056846926,Revenu faible
910,71,M,Secundaria,Centro,996.28,2059.05,422,7,3026.69,Risque élevé,-2.187894808886702,-0.28379006238610915,Revenu faible
912,35,F,Primaria,Sur,2460.11,4679.96,648,5,4826.48,Risque moyen,0.6178556633512116,-0.7685041704739494,Revenu moyen
913,49,F,Secundaria,Norte,3136.44,5174.82,721,2,8749.46,Risque faible,2.024630251598305,-1.692239674533157,Revenu élevé
914,64,M,Primaria,Oriente,1761.53,2490.61,483,8,5066.24,Risque élevé,-1.2713036993147513,0.1903817138326232,Revenu moyen
915,66,M,Secundaria,Centro,1207.86,2400.72,578,9,3733.82,Risque moyen,-1.1616995446438048,0.41708833641561976,Revenu faible
916,28,F,Universitario,Sur,4523.79,9986.71,678,7,15591.53,Risque faible,3.7600526790431044,0.680803504935146,Revenu élevé
920,39,M,Tecnico,Centro,1810.18,3171.35,545,6,7197.49,Risque moyen,-0.3982212213172597,-0.4603857613088083,Revenu moyen
924,50,M,Secundaria,Oriente,1706.98,3493.05,620,8,2034.2,Risque moyen,-0.5867761310375491,0.11309537268104539,Revenu moyen
927,52,F,Universitario,Norte,2742.07,4100.68,609,10,7371.77,Risque moyen,0.3321199203835067,1.0877180622503564,Revenu moyen
928,18,F,Tecnico,Sur,1349.02,1737.18,541,11,3319.98,Risque moyen,-1.6285453156933716,1.114512290763029,Revenu faible
929,38,F,Secundaria,Centro,856.34,1793.45,548,8,3962.14,Risque moyen,-1.5276737905315985,0.009474472765699527,Revenu faible
930,65,M,Secundaria,Centro,1590.18,3342.0,528,7,5098.33,Risque moyen,-0.8318550073814782,-0.15369133055400677,Revenu moyen
931,72,F,Universitario,Occidente,3093.81,4608.69,687,4,11193.92,Risque faible,1.8127518745599176,-0.943427907005492,Revenu élevé
932,23,F,Universitario,Norte,6346.54,10870.69,740,6,22679.66,Risque faible,5.862906475811235,0.6805292892663015,Revenu élevé
933,45,M,Tecnico,Oriente,1881.9,2951.45,553,5,3890.15,Risque moyen,-0.6447927588273834,-0.902226005219556,Revenu moyen
935,22,F,Universitario,Centro,2029.65,2007.95,569,9,6860.57,Risque moyen,-0.6339738069916756,0.5473751505710106,Revenu moyen
936,48,F,Universitario,Centro,4075.62,6284.59,649,7,11070.65,Risque moyen,2.1539045423624805,0.33433051675701003,Revenu élevé
939,20,F,Universitario,Centro,2539.31,4020.93,568,1,6186.61,Risque moyen,0.43011466412797233,-2.162681182941057,Revenu moyen
941,40,F,Primaria,Norte,1417.92,2627.54,504,7,500.0,Risque moyen,-1.6683271708742984,-0.3046668853402248,Revenu faible
942,54,F,Universitario,Centro,1304.67,2905.32,597,10,2622.13,Risque moyen,-1.0791760409129083,0.7794561188157718,Revenu faible
944,54,F,Universitario,Oriente,2189.45,3237.66,537,11,7649.47,Risque moyen,-0.539008798875578,1.3812672956993912,Revenu moyen
945,27,F,Secundaria,Norte,1778.27,2816.05,536,3,7320.18,Risque moyen,-0.33971836440786696,-1.5499054332191582,Revenu moyen
946,27,F,Universitario,Occidente,2496.31,3509.32,629,7,8102.75,Risque moyen,0.48442413499542814,-0.035172701670700635,Revenu moyen
947,36,F,Secundaria,Norte,2699.11,6067.23,601,9,9947.0,Risque moyen,1.0106257473696227,0.9018709658589459,Revenu moyen
948,34,M,Universitario,Centro,2827.42,4740.27,641,4,10052.05,Risque moyen,1.3415912596308106,-0.9662968510993681,Revenu moyen
951,26,M,Secundaria,Oriente,1555.24,3944.0,545,11,5062.71,Risque moyen,-0.8724648652044296,1.2996938626957784,Revenu moyen
952,63,M,Universitario,Centro,2270.73,2897.5,689,5,7911.6,Risque faible,0.7190348540711266,-0.8386057341148667,Revenu moyen
954,68,F,Secundaria,Norte,873.9,13.37,516,7,1683.84,Risque moyen,-2.257171016557642,-0.48671011412492704,Revenu faible
957,21,M,Tecnico,Oriente,1324.42,2368.39,573,9,3299.28,Risque moyen,-1.1939254048685026,0.41875215336445115,Revenu faible
958,18,F,Postgrado,Centro,2446.82,5622.04,607,7,7459.12,Risque moyen,0.715924537197046,0.07794229667316203,Revenu moyen
960,57,M,Tecnico,Occidente,2895.16,5181.24,620,10,8577.22,Risque moyen,0.813423794837421,1.1872487296894236,Revenu moyen
961,49,M,Postgrado,Sur,2325.85,4338.4,636,7,6528.85,Risque moyen,0.46859745886453746,-0.04208377604604572,Revenu moyen
962,51,F,Tecnico,Occidente,1418.2,3464.65,501,6,4032.47,Risque moyen,-1.08342041879597,-0.5324814764645635,Revenu faible
963,45,M,Tecnico,Centro,2861.64,4576.73,607,12,7697.61,Risque moyen,0.37959094580360614,1.850114489454734,Revenu moyen
965,25,F,Secundaria,Oriente,1337.98,2484.33,567,4,4538.95,Risque moyen,-0.7593163942148946,-1.3303536491491463,Revenu faible
966,56,F,Secundaria,Sur,1551.26,2860.19,496,8,1875.03,Risque élevé,-1.5318076314152351,0.11377981654468206,Revenu moyen
967,43,F,Secundaria,Inconnue,1859.05,3202.22,594,5,4591.72,Risque moyen,-0.2879420438773713,-0.8924622893353296,Revenu moyen
968,75,F,Universitario,Norte,2127.29,5141.83,568,5,4625.37,Risque moyen,0.08546287439745108,-0.74198888701242,Revenu moyen
969,51,F,Secundaria,Sur,1460.58,3306.03,577,14,5344.08,Risque moyen,-1.0174516796128488,2.318348787633011,Revenu faible
971,71,F,Universitario,Centro,3458.9,5824.37,679,4,11234.84,Risque faible,2.179840279888147,-0.8336284327236712,Revenu élevé
972,20,M,Tecnico,Sur,3260.07,6266.02,622,7,10595.92,Risque moyen,1.6020092177371579,0.25694220496571196,Revenu élevé
973,67,F,Universitario,Sur,4220.85,7933.7,751,6,17232.85,Risque faible,3.859092634297342,0.17958647069846714,Revenu élevé
974,29,M,Tecnico,Sur,2772.65,5874.63,603,7,8228.25,Risque moyen,0.9608387913702642,0.14282757050879433,Revenu moyen
976,71,F,Tecnico,Oriente,3406.35,6453.25,660,8,12070.39,Risque faible,2.015172869243368,0.6555321795403498,Revenu élevé
978,22,F,Secundaria,Sur,646.61,61.46,426,10,500.0,Risque élevé,-3.1803724175767454,0.5808684937161485,Revenu faible
979,47,M,Secundaria,Centro,1034.42,1316.45,434,11,1836.74,Risque élevé,-2.6308139963818924,1.0747697434036056,Revenu faible
980,47,M,Secundaria,Oriente,1454.52,2176.2,571,9,4488.36,Risque moyen,-1.0700708942959472,0.4477890920653808,Revenu faible
982,34,F,Secundaria,Oriente,2035.26,4270.59,576,5,4041.85,Risque moyen,-0.15037447893121492,-0.8180588389488022,Revenu moyen
983,65,F,Tecnico,Centro,2738.2,5027.9,664,10,9745.27,Risque faible,1.094209095674405,1.1699967704100374,Revenu moyen
984,64,M,Secundaria,Norte,1318.65,3840.65,515,6,4285.74,Risque moyen,-0.9369255713105866,-0.520749134777651,Revenu faible
986,32,F,Primaria,Sur,1783.35,3470.67,585,3,4057.49,Risque moyen,-0.24546456839198305,-1.6072764775366892,Revenu moyen
988,38,M,Secundaria,Centro,718.2,715.91,442,10,1830.09,Risque élevé,-2.7811579378703137,0.6484954529279288,Revenu faible
991,28,F,Postgrado,Centro,3697.49,6987.8,680,10,11529.52,Risque faible,2.187130054392229,1.4081797178745192,Revenu élevé
992,68,F,Tecnico,Centro,2675.22,4708.28,638,9,9809.73,Risque moyen,0.916323295954123,0.8010562887035149,Revenu moyen
993,56,F,Tecnico,Inconnue,2762.36,4588.34,636,7,9000.93,Risque moyen,0.9574708886186576,0.06989031027210837,Revenu moyen
994,55,M,Postgrado,Sur,1917.56,2870.45,577,10,5312.81,Risque moyen,-0.6722806983879492,0.90567409653346,Revenu moyen
996,55,F,Universitario,Centro,3029.33,5620.73,674,6,8509.45,Risque faible,1.5232757937506332,-0.23059558402659236,Revenu élevé
997,67,M,Primaria,Centro,1288.5,2878.88,468,12,3937.39,Risque élevé,-1.8405328627063218,1.5793121822287075,Revenu faible
998,51,M,Tecnico,Norte,1491.79,1537.69,583,3,1736.15,Risque moyen,-1.026758824034884,-1.7986962537489735,Revenu faible
999,35,M,Universitario,Occidente,2219.04,4881.83,588,3,4928.76,Risque moyen,0.3424603000678892,-1.4655973717010433,Revenu moyen
1000,47,M,Universitario,Sur,1664.69,2837.99,498,12,4381.46,Risque élevé,-1.470097287737464,1.6093327369216919,Revenu moyen
1002,44,F,Primaria,Occidente,487.65,284.2,377,6,500.0,Risque élevé,-3.237873912187122,-0.8295882751470518,Revenu faible
1005,69,F,Secundaria,Sur,1174.18,2744.93,533,9,4854.32,Risque moyen,-1.2525886415016598,0.4794150591192978,Revenu faible
1006,74,F,Secundaria,Oriente,1309.63,2003.41,550,5,4114.66,Risque moyen,-1.0791160647993017,-1.0053062328739377,Revenu faible
1007,55,F,Secundaria,Sur,989.77,378.84,514,15,3202.18,Risque moyen,-2.4872099014450773,2.4412882976463126,Revenu faible
1008,50,F,Secundaria,Oriente,1376.84,1988.6,567,10,4886.42,Risque moyen,-1.187408459536389,0.7978760008152994,Revenu faible
1009,41,M,Secundaria,Sur,459.08,388.16,391,11,2253.34,Risque élevé,-3.277874791327492,0.9948879750822771,Revenu faible
1010,32,M,Postgrado,Occidente,1623.83,3254.91,511,10,5229.92,Risque moyen,-1.1102524544565133,0.9277984146696227,Revenu moyen
1012,72,F,Tecnico,Centro,1101.19,1354.89,524,7,550.43,Risque moyen,-1.9473205449529418,-0.4164959751983045,Revenu faible
1013,59,F,Universitario,Sur,1735.25,2838.11,553,4,4589.49,Risque moyen,-0.5957420636685063,-1.264534881963974,Revenu moyen
1014,68,M,Tecnico,Oriente,1888.45,3360.47,636,6,7114.47,Risque moyen,0.20143405877306833,-0.4847978246319746,Revenu moyen
1015,34,F,Secundaria,Sur,1105.97,1731.69,532,4,5478.84,Risque moyen,-1.1250882928938344,-1.359100699331685,Revenu faible
1019,27,M,Tecnico,Occidente,1478.93,1834.38,561,7,3362.58,Risque moyen,-1.1817243803517556,-0.30578295900724023,Revenu faible
1020,73,M,Universitario,Norte,2192.79,4677.07,665,2,5411.94,Risque faible,0.8532646902190891,-1.861274199658724,Revenu moyen
1021,34,M,Universitario,Centro,1664.22,3883.96,659,6,6159.44,Risque faible,0.2560797124270751,-0.5077623332151837,Revenu moyen
1024,37,M,Primaria,Oriente,1731.79,3997.44,602,6,6394.14,Risque moyen,-0.0029692832366090605,-0.4637822346380803,Revenu moyen
1026,22,F,Secundaria,Sur,1372.47,1680.23,500,4,1949.21,Risque moyen,-1.5753408710464745,-1.4020629665832216,Revenu faible
1027,51,F,Universitario,Occidente,2001.86,1555.25,615,7,5934.23,Risque moyen,-0.44093600835152563,-0.23829789497810988,Revenu moyen
1028,23,F,Primaria,Centro,1500.6,2704.37,573,5,5202.54,Risque moyen,-0.6038968831497462,-0.9322299807505022,Revenu moyen
1029,70,M,Primaria,Centro,857.67,1646.25,484,8,500.0,Risque élevé,-2.290239321191721,-0.04838373644573958,Revenu faible
1032,60,F,Universitario,Occidente,2788.75,5810.25,586,10,9449.69,Risque moyen,0.7917925311251965,1.248596028747446,Revenu moyen
1033,60,M,Universitario,Centro,1515.07,3629.26,561,6,3352.42,Risque moyen,-0.7248778426389857,-0.5560836291231576,Revenu moyen
1037,64,F,Universitario,Norte,2095.12,2848.86,599,9,5414.87,Risque moyen,-0.4003400063246276,0.5561828982862085,Revenu moyen
1038,74,M,Postgrado,Norte,6169.43,10055.03,717,5,18033.7,Risque faible,5.06645113795569,0.1641296457828514,Revenu élevé
1039,40,M,Primaria,Occidente,579.76,109.85,348,12,500.0,Risque élevé,-3.78194390244136,1.3275466835822423,Revenu faible
1040,72,F,Secundaria,Occidente,2030.24,3829.92,727,8,7205.18,Risque faible,0.7798520345480818,0.23215939737347022,Revenu moyen
1041,33,F,Primaria,Norte,1357.9,1780.05,528,10,5709.42,Risque moyen,-1.3845024132327446,0.8201377984688623,Revenu faible
1043,28,M,Universitario,Sur,3751.19,7285.36,629,6,10996.26,Risque moyen,2.167732834802034,0.011176411004201308,Revenu élevé
1044,71,M,Primaria,Centro,565.29,1013.39,485,9,500.0,Risque élevé,-2.6029651992570737,0.24417830710671776,Revenu faible
1046,25,M,Secundaria,Centro,1832.3,3184.43,588,11,5841.58,Risque moyen,-0.58482662870891,1.2803190933269113,Revenu moyen
1047,21,F,Universitario,Centro,5485.12,11155.26,732,5,18997.75,Risque faible,5.201194630611484,0.17772720766802128,Revenu élevé
1048,57,F,Primaria,Oriente,2861.85,6186.27,628,5,8912.22,Risque moyen,1.4063797500131832,-0.541532793135837,Revenu moyen
1049,21,F,Secundaria,Sur,1744.66,1180.53,535,5,5634.17,Risque moyen,-1.0042123127919276,-0.9704469668791904,Revenu moyen
1050,73,M,Tecnico,Centro,2146.53,3475.53,617,6,6287.67,Risque moyen,0.1368644651719643,-0.4636658001564923,Revenu moyen
1051,42,M,Primaria,Sur,1682.51,3040.17,588,5,4562.92,Risque moyen,-0.43421696494349593,-0.9166338437855237,Revenu moyen
1053,49,F,Secundaria,Sur,1462.62,2484.49,461,10,4006.66,Risque élevé,-1.7605311171742306,0.8626246569984847,Revenu faible
1054,20,M,Universitario,Sur,3552.99,6073.17,704,4,11074.14,Risque faible,2.4024306619967093,-0.8251219142270386,Revenu élevé
1055,44,M,Tecnico,Sur,3596.7,6282.98,690,6,10592.4,Risque faible,2.208329840164846,-0.09824377047099044,Revenu élevé
1056,46,M,Tecnico,Centro,1575.88,2743.62,571,6,2806.15,Risque moyen,-0.884387835480017,-0.6184787101177721,Revenu moyen
1057,49,M,Postgrado,Centro,3937.77,7259.51,649,6,14773.81,Risque moyen,2.745535375609739,0.10384720031679001,Revenu élevé
1058,67,F,Postgrado,Sur,4483.4,8362.62,745,7,17982.89,Risque faible,4.038743352957976,0.6066994498565709,Revenu élevé
1061,36,M,Tecnico,Centro,1321.09,2404.22,519,11,2947.25,Risque moyen,-1.6665667010669831,1.1519968396038542,Revenu faible
1062,38,F,Secundaria,Oriente,930.65,2601.36,502,5,3691.96,Risque moyen,-1.4363979242591827,-0.9947139700864382,Revenu faible
1063,22,M,Postgrado,Centro,1606.05,2951.24,564,7,6190.37,Risque moyen,-0.5841198229128496,-0.16635107211439568,Revenu moyen
1066,59,M,Primaria,Norte,1386.69,572.64,554,6,4123.04,Risque moyen,-1.3882145654863758,-0.7249484480754586,Revenu faible
1067,39,F,Primaria,Centro,1049.1,1762.45,495,9,2630.35,Risque élevé,-1.9648289058781752,0.37737022791420655,Revenu faible
1068,38,F,Secundaria,Centro,1761.24,838.15,599,6,5342.62,Risque moyen,-0.7856819291313087,-0.6665435542262638,Revenu moyen
1069,23,M,Secundaria,Oriente,996.32,812.84,558,11,2388.56,Risque moyen,-1.9671773643677972,0.9986035348471929,Revenu faible
1071,22,M,Secundaria,Sur,1057.35,1884.0,516,8,547.8,Risque moyen,-1.9633343953623086,-0.0288913393568439,Revenu faible
1073,29,F,Secundaria,Centro,636.47,0.0,496,10,3162.76,Risque élevé,-2.5124424820092828,0.6050207761285384,Revenu faible
1075,63,F,Secundaria,Oriente,1947.19,3225.46,563,7,5507.15,Risque moyen,-0.45965206290658744,-0.13293179132538718,Revenu moyen
1076,51,M,Universitario,Norte,2919.31,6897.42,620,7,9590.31,Risque moyen,1.4785964975480566,0.23923571602998378,Revenu moyen
1080,62,F,Secundaria,Oriente,1895.73,3195.43,637,8,3974.74,Risque moyen,-0.2718581964748221,0.15004454923967134,Revenu moyen
1082,26,F,Secundaria,Centro,2756.4,5765.86,601,6,8958.82,Risque moyen,1.0567174921552906,-0.20518122905453995,Revenu moyen
1083,43,F,Tecnico,Occidente,1254.36,1575.17,489,7,2822.23,Risque élevé,-1.8094776272477362,-0.3220212677356665,Revenu faible
1084,74,M,Tecnico,Centro,2675.61,4488.69,644,6,8437.42,Risque moyen,0.9518723874164988,-0.3180618444446971,Revenu moyen
1086,74,M,Secundaria,Oriente,2762.27,5677.19,587,8,8866.03,Risque moyen,0.823501622109489,0.5095785687694153,Revenu moyen
1087,39,F,Universitario,Oriente,2397.39,5613.24,642,4,6697.29,Risque moyen,1.0086403045040526,-1.032958227645331,Revenu moyen
1088,64,F,Secundaria,Norte,1407.96,3862.72,531,8,3344.59,Risque moyen,-1.0224119817219939,0.17570411291448787,Revenu faible
1089,73,F,Primaria,Sur,1084.95,1783.74,578,4,3273.39,Risque moyen,-1.0785412225135802,-1.4286434588244536,Revenu faible
1090,47,F,Secundaria,Centro,1414.83,3775.2,537,9,1255.25,Risque moyen,-1.2797274633229532,0.47892553870725946,Revenu faible
1092,65,M,Primaria,Centro,992.81,1497.82,513,4,3449.14,Risque moyen,-1.5419958155940412,-1.420771709689319,Revenu faible
1093,34,M,Tecnico,Oriente,1364.3,1826.68,577,6,2784.91,Risque moyen,-1.1338571348085777,-0.6949828637795377,Revenu faible
1095,53,F,Secundaria,Norte,1191.41,3423.09,573,12,3229.52,Risque moyen,-1.2205837989859478,1.538345470425455,Revenu faible
1098,66,F,Secundaria,Norte,2082.16,4024.64,651,6,3902.33,Risque faible,0.18157027790886457,-0.5071899110631108,Revenu moyen
1099,52,F,Primaria,Occidente,1623.64,2239.08,578,12,6422.43,Risque moyen,-0.9339298617907521,1.5808258794684735,Revenu moyen
1100,69,F,Postgrado,Centro,7077.31,12907.1,790,4,25629.18,Risque faible,7.321303843001731,0.19726596052990608,Revenu élevé
1101,32,M,Secundaria,Inconnue,1690.25,3415.28,568,13,2499.58,Risque moyen,-1.180880036029406,1.928758713707672,Revenu moyen
1102,64,M,Universitario,Sur,1264.19,2526.18,580,9,3916.2,Risque moyen,-1.0811190633816263,0.43295286822240187,Revenu faible
1104,39,M,Universitario,Oriente,1790.75,2648.62,561,8,2813.43,Risque moyen,-0.9979123861163295,0.11629643198383592,Revenu moyen
1105,31,M,Universitario,Oriente,1510.03,3787.99,533,7,4662.99,Risque moyen,-0.786068673108469,-0.14756682460763895,Revenu moyen
1106,43,F,Tecnico,Norte,2924.91,4968.43,664,11,7413.45,Risque faible,0.8577007482703034,1.4892052847752553,Revenu moyen
1107,45,M,Universitario,Oriente,2964.11,4426.04,628,7,11330.9,Risque moyen,1.1993605085544758,0.13597858453565867,Revenu moyen
1108,40,F,Primaria,Sur,1234.54,3025.4,532,5,2375.87,Risque moyen,-1.1782875450982235,-0.9844183822456039,Revenu faible
1109,31,F,Secundaria,Sur,753.07,1721.99,460,6,1583.64,Risque élevé,-2.22285530293332,-0.7338024432121492,Revenu faible
1110,41,M,Tecnico,Occidente,1732.6,3895.56,535,4,1993.95,Risque moyen,-0.7451052211260798,-1.2540527159297685,Revenu moyen
1111,19,M,Tecnico,Oriente,4898.27,8938.16,693,6,18097.15,Risque faible,4.1020915988918265,0.34802753308461104,Revenu élevé
1112,62,M,Universitario,Oriente,1713.07,1336.93,554,6,3188.21,Risque moyen,-1.186007492529836,-0.6706631995352793,Revenu moyen
1113,43,F,Secundaria,Norte,1363.4,1783.27,548,5,4183.06,Risque moyen,-1.1080680146320174,-1.0104967901413862,Revenu faible
1115,73,F,Secundaria,Occidente,1307.51,2306.7,530,7,1394.04,Risque moyen,-1.5376415421022538,-0.3252841047816761,Revenu faible
1116,68,M,Universitario,Sur,2052.92,5137.02,595,4,6028.96,Risque moyen,0.41882723473876937,-1.0873506763354968,Revenu moyen
1117,24,M,Postgrado,Norte,2873.53,4533.51,578,5,9268.8,Risque moyen,0.8034538877974281,-0.6056679021587471,Revenu moyen
1120,40,M,Tecnico,Oriente,2718.3,2967.99,670,4,5508.85,Risque faible,0.624835982834659,-1.1951874216530671,Revenu moyen
1121,63,F,Tecnico,Occidente,1570.8,2812.45,488,11,4540.95,Risque élevé,-1.4946736644088432,1.2494408680740292,Revenu moyen
1123,64,M,Tecnico,Centro,1558.04,3855.45,549,5,5121.67,Risque moyen,-0.4855370444825647,-0.8510502977552155,Revenu moyen
1125,35,F,Secundaria,Occidente,551.09,1610.49,477,9,1861.13,Risque élevé,-2.3897352903959765,0.3118076483855258,Revenu faible
1126,75,F,Primaria,Sur,1417.62,2868.34,645,6,1821.04,Risque moyen,-0.5897119526133463,-0.6819079773689095,Revenu faible
1127,55,M,Universitario,Sur,1088.02,3010.42,549,10,3685.17,Risque moyen,-1.3206417451787429,0.8105329584531158,Revenu faible
1129,68,M,Tecnico,Centro,2005.09,4226.37,636,5,6907.03,Risque moyen,0.47478627309881966,-0.7857397415174675,Revenu moyen
1130,32,F,Universitario,Centro,5853.99,9648.14,727,8,19358.52,Risque faible,4.8559404789804645,1.2086255661955836,Revenu élevé
1131,42,M,Tecnico,Oriente,1385.13,4143.09,511,8,4416.63,Risque moyen,-0.9801755331468193,0.22301609977089243,Revenu faible
1132,72,M,Tecnico,Occidente,4164.29,7156.37,730,3,18501.72,Risque faible,3.864922056066227,-0.9054391323853909,Revenu élevé
1133,54,F,Secundaria,Norte,1348.05,1236.99,542,11,3134.83,Risque moyen,-1.7480555608006831,1.080787631107796,Revenu faible
1134,45,M,Universitario,Inconnue,3669.78,5910.44,774,2,17154.55,Risque faible,3.5776465392856367,-1.4326263498055076,Revenu élevé
1135,27,F,Secundaria,Centro,1862.04,4126.54,592,9,4404.92,Risque moyen,-0.37173759195291944,0.5883583884318321,Revenu moyen
1137,74,F,Tecnico,Centro,8058.62,15313.18,677,8,29834.1,Risque faible,7.757432457903471,2.0064670304997136,Revenu élevé
1138,34,F,Tecnico,Occidente,3672.6,7875.43,585,12,8750.49,Risque moyen,1.395627005706524,2.1523442961755688,Revenu élevé
1139,56,M,Universitario,Norte,2951.43,6090.42,630,5,9847.97,Risque moyen,1.5312704801496455,-0.5182996628333969,Revenu moyen
1141,43,F,Universitario,Norte,2722.04,4102.59,675,7,10922.76,Risque faible,1.2644504184358258,0.06377433313219673,Revenu moyen
1142,61,F,Secundaria,Occidente,2320.25,3564.29,654,5,8715.05,Risque faible,0.7575174835393627,-0.7613158816904546,Revenu moyen
1143,42,F,Postgrado,Norte,3543.39,5431.61,587,8,11780.52,Risque moyen,1.396610745974963,0.6356729782429112,Revenu élevé
1148,21,F,Postgrado,Sur,1970.08,2265.25,631,5,6316.74,Risque moyen,-0.04537480564723499,-0.9138589819194199,Revenu moyen
1151,58,F,Secundaria,Oriente,2190.44,4294.86,601,6,6552.07,Risque moyen,0.26179349165269755,-0.3988042603328088,Revenu moyen
1153,35,M,Universitario,Occidente,3107.73,4266.61,625,3,10773.83,Risque moyen,1.4006444902052335,-1.3010897860742339,Revenu élevé
1154,64,F,Universitario,Inconnue,2642.42,4091.07,654,2,9310.29,Risque faible,1.2521571737850565,-1.759320128446715,Revenu moyen
1155,53,M,Secundaria,Oriente,2451.93,5338.54,615,9,7862.46,Risque moyen,0.6214789357301292,0.7826472228202965,Revenu moyen
1156,64,F,Tecnico,Centro,1755.67,3931.51,520,5,4826.34,Risque moyen,-0.5878875746221346,-0.821426575465611,Revenu moyen
1157,39,F,Tecnico,Centro,2582.62,3978.15,516,3,6923.27,Risque moyen,0.08379416043354232,-1.405839685302968,Revenu moyen
1162,66,F,Primaria,Centro,1168.68,1941.86,505,5,2359.7,Risque moyen,-1.595891417117786,-1.0417234112158495,Revenu faible
1163,61,M,Primaria,Oriente,2308.16,4932.71,565,13,8463.4,Risque moyen,-0.006986377390981959,2.211779199322863,Revenu moyen
1164,36,F,Universitario,Sur,2772.9,4792.72,646,3,11056.36,Risque moyen,1.5249435901234183,-1.3055702164489442,Revenu moyen
1167,54,M,Secundaria,Norte,1035.37,1466.52,501,7,2146.53,Risque moyen,-1.9226418005164843,-0.369867594246863,Revenu faible
1168,23,M,Secundaria,Norte,1012.39,1783.67,501,7,725.96,Risque moyen,-2.0108406101646445,-0.385782654774958,Revenu faible
1169,69,M,Secundaria,Centro,1540.13,1531.05,599,2,5539.81,Risque moyen,-0.4609465975897081,-2.073265827769647,Revenu moyen
1172,73,F,Universitario,Oriente,1161.2,1173.63,566,6,4060.31,Risque moyen,-1.2908097602227284,-0.7184195667973315,Revenu faible
1174,23,M,Tecnico,Occidente,1567.55,2882.06,553,12,4505.73,Risque moyen,-1.1649286846658418,1.5806820185937156,Revenu moyen
1175,54,M,Secundaria,Sur,2928.95,5414.66,698,4,11821.86,Risque faible,2.04390098658937,-0.9031750303580699,Revenu moyen
1176,74,M,Secundaria,Sur,1626.72,3253.55,556,7,4522.43,Risque moyen,-0.7297077441337372,-0.18095667461661427,Revenu moyen
1178,70,M,Universitario,Oriente,6567.75,12102.49,768,10,25494.55,Risque faible,6.419951754051448,2.2543217369724107,Revenu élevé
1179,39,M,Tecnico,Sur,1087.92,1772.08,515,11,5223.25,Risque moyen,-1.6877479112930707,1.146373034223592,Revenu faible
1180,38,M,Secundaria,Sur,2886.35,4726.48,643,7,10948.84,Risque moyen,1.2796117792807946,0.13059638573727708,Revenu moyen
1183,72,F,Secundaria,Oriente,1460.89,2234.43,547,11,3649.36,Risque moyen,-1.4073827405383152,1.158746344130949,Revenu faible
1185,21,M,Tecnico,Centro,2010.15,2884.75,623,8,5951.65,Risque moyen,-0.16939789411365708,0.19392719128390154,Revenu moyen
1186,47,F,Universitario,Centro,5113.36,9064.36,723,7,19011.75,Risque faible,4.426503984184758,0.7405836147564713,Revenu élevé
1187,28,F,Secundaria,Occidente,1903.66,2328.03,629,5,5255.45,Risque moyen,-0.18049257176702224,-0.9396394616702402,Revenu moyen
1188,47,F,Secundaria,Sur,796.57,1098.17,507,12,500.0,Risque moyen,-2.5464978731485988,1.3339402143927113,Revenu faible
1190,41,M,Universitario,Norte,1433.0,2000.59,543,9,6336.09,Risque moyen,-1.0913590480239959,0.48992640711138014,Revenu faible
1191,72,F,Secundaria,Sur,1239.8,2364.11,448,8,2561.43,Risque élevé,-1.9788849239939155,0.092454763518401,Revenu faible
1192,26,F,Universitario,Norte,3812.66,6817.26,657,5,13115.89,Risque faible,2.539002239796939,-0.332360415802913,Revenu élevé
1193,72,M,Secundaria,Centro,2477.23,5334.07,593,3,9913.94,Risque moyen,1.08714526750223,-1.3043365251782675,Revenu moyen
1194,20,F,Universitario,Sur,2337.4,4782.81,567,6,6130.36,Risque moyen,0.1831799267742566,-0.35073824498698164,Revenu moyen
1195,68,F,Secundaria,Sur,1138.97,1757.68,527,7,3223.09,Risque moyen,-1.5542288929695445,-0.33048205437556905,Revenu faible
1196,48,M,Secundaria,Occidente,1387.97,3260.16,567,6,4739.48,Risque moyen,-0.6784580614320125,-0.5609430959651017,Revenu faible
1197,57,M,Tecnico,Norte,1763.2,3061.74,512,9,8480.36,Risque moyen,-0.6910152390953682,0.6453384003529097,Revenu moyen
1200,41,M,Secundaria,Norte,1242.62,3405.81,522,7,4109.52,Risque moyen,-1.100183771441593,-0.20277008141144176,Revenu faible
1202,23,F,Secundaria,Oriente,1300.17,2178.32,456,8,2457.94,Risque élevé,-1.95660761099742,0.08149818763999318,Revenu faible
1204,37,F,Secundaria,Occidente,1666.41,2812.2,520,7,5497.27,Risque moyen,-0.9184238029706576,-0.16452057100664677,Revenu moyen
1206,28,M,Secundaria,Sur,955.01,1631.06,511,13,2038.07,Risque moyen,-2.2485431697898797,1.770468913373305,Revenu faible
1207,21,F,Postgrado,Occidente,3518.19,4619.92,625,6,12108.95,Risque moyen,1.5963827554441936,-0.13860092800399298,Revenu élevé
1208,32,F,Secundaria,Norte,2058.47,2760.73,606,5,6030.08,Risque moyen,-0.08001972657250013,-0.8719372740245344,Revenu moyen
1210,71,F,Primaria,Oriente,1355.66,3089.94,554,5,4671.23,Risque moyen,-0.7490178042728933,-0.9271503917977677,Revenu faible
1211,66,F,Universitario,Sur,3806.65,5513.19,760,9,15376.94,Risque faible,2.848340449701338,1.0264886711533372,Revenu élevé
1212,47,F,Secundaria,Sur,1056.88,1773.28,517,7,2515.39,Risque moyen,-1.7166620171779294,-0.34889786275282497,Revenu faible
1213,73,M,Primaria,Centro,894.09,1551.5,550,2,4725.8,Risque moyen,-1.0981001953731724,-2.1300021100648707,Revenu faible
1214,55,F,Universitario,Oriente,2333.16,4068.8,689,7,8051.31,Risque faible,0.8826385279255914,-0.04645808583091625,Revenu moyen
1215,68,F,Universitario,Inconnue,3586.54,6718.92,669,8,13235.69,Risque faible,2.3192307868181183,0.710397789024718,Revenu élevé
1216,74,F,Universitario,Norte,667.23,1817.5,578,9,500.0,Risque moyen,-1.8428318576789569,0.2586508664634216,Revenu faible
1217,19,M,Secundaria,Occidente,1312.21,2397.29,577,8,3104.47,Risque moyen,-1.1268682853017264,0.05549153381872425,Revenu faible
1220,25,M,Secundaria,Oriente,1387.87,1684.63,508,8,2396.82,Risque moyen,-1.7249230911739728,0.036450188599932924,Revenu faible
1221,43,F,Primaria,Sur,2012.19,5071.28,612,10,5530.61,Risque moyen,0.06184001044757169,1.0314495861112918,Revenu moyen
1222,68,M,Secundaria,Norte,2113.88,5760.7,650,6,6332.56,Risque faible,0.8062204821767874,-0.3481408406288377,Revenu moyen
1223,62,M,Postgrado,Sur,3098.33,6056.18,689,8,10743.14,Risque faible,1.8368899199183018,0.5601003619995523,Revenu élevé
1224,61,F,Primaria,Oriente,787.82,0.0,448,4,3891.96,Risque élevé,-2.281925252850017,-1.4878755355557065,Revenu faible
1225,22,M,Universitario,Sur,2699.9,5071.54,590,9,7665.92,Risque moyen,0.5011223042853694,0.7976138652832251,Revenu moyen
1229,21,M,Secundaria,Sur,1541.16,2230.43,597,5,5068.13,Risque moyen,-0.5599740510570416,-0.9696799147460384,Revenu moyen
1232,50,F,Secundaria,Oriente,299.31,0.0,355,11,669.51,Risque élevé,-3.801189623705884,0.9375600559782632,Revenu faible
1233,37,F,Universitario,Norte,2413.95,4965.02,569,5,8252.98,Risque moyen,0.5458617602514358,-0.64336773628993,Revenu moyen
1234,66,F,Tecnico,Norte,1229.46,701.64,477,8,2267.2,Risque élevé,-2.195027274688922,-0.02461113249446276,Revenu faible
1238,43,F,Tecnico,Centro,1722.57,4053.94,574,8,1643.48,Risque moyen,-0.772187683751771,0.15897012490350662,Revenu moyen
1240,55,F,Postgrado,Oriente,8661.75,15008.28,753,6,31002.89,Risque faible,8.63666510302833,1.3233532529578431,Revenu élevé
1242,28,M,Primaria,Centro,653.06,1638.3,481,11,2833.98,Risque élevé,-2.3428736505890964,1.0584655827617182,Revenu faible
1243,53,M,Primaria,Norte,2941.44,3795.26,667,7,9495.77,Risque faible,1.097356593797215,0.03821501555311989,Revenu moyen
1244,30,M,Secundaria,Sur,1294.98,2275.0,526,16,4334.77,Risque moyen,-1.833685229427991,2.9580714083346065,Revenu faible
1245,60,F,Postgrado,Norte,3015.77,5478.37,651,6,5853.8,Risque faible,1.0795420458263365,-0.2898167993099124,Revenu élevé
1251,27,M,Secundaria,Oriente,1360.9,2151.09,525,5,1526.83,Risque moyen,-1.4391433334747943,-1.0391008218817586,Revenu faible
1252,22,F,Tecnico,Norte,1446.57,3473.49,523,13,2870.45,Risque moyen,-1.4969555680703046,1.937544795235777,Revenu faible
1253,40,F,Primaria,Oriente,1284.4,2075.55,577,9,4303.28,Risque moyen,-1.1460899453602622,0.4188551442887523,Revenu faible
1257,30,M,Tecnico,Occidente,1243.68,1912.91,569,9,6534.44,Risque moyen,-1.0156084860549763,0.4595792914943938,Revenu faible
1259,19,M,Secundaria,Sur,1463.77,3955.4,515,3,4538.11,Risque moyen,-0.638674875702353,-1.5672652172796906,Revenu faible
1261,18,M,Tecnico,Centro,2014.27,2678.53,555,9,5771.32,Risque moyen,-0.6924804428374866,0.5664640917479875,Revenu moyen
1262,54,M,Secundaria,Centro,3754.75,5567.62,632,6,11605.42,Risque moyen,1.8854232214397517,-0.07564583102255451,Revenu élevé
1264,34,M,Primaria,Norte,664.62,1204.43,429,6,2335.39,Risque élevé,-2.4746769210408806,-0.7412912227209889,Revenu faible
1266,28,M,Secundaria,Oriente,1032.28,928.33,490,10,1888.76,Risque élevé,-2.3166170075672348,0.6704674576129183,Revenu faible
1267,32,F,Tecnico,Oriente,2425.3,4313.67,595,13,5535.79,Risque moyen,-0.2132423849276283,2.107378687697741,Revenu moyen
1268,41,F,Primaria,Centro,1428.37,2020.88,504,10,1984.21,Risque moyen,-1.8276372609961617,0.7674139221009528,Revenu faible
1271,52,F,Tecnico,Sur,826.76,1342.03,483,10,2387.47,Risque élevé,-2.3047305395025317,0.6892849470703113,Revenu faible
1272,47,F,Universitario,Occidente,1858.65,2361.55,549,13,5096.48,Risque moyen,-1.179119406555478,1.9509751528848471,Revenu moyen
1273,48,F,Secundaria,Centro,1977.59,3251.43,607,3,7966.66,Risque moyen,0.31983493679594355,-1.5230118402886332,Revenu moyen
1274,66,F,Primaria,Sur,1352.57,1873.81,543,10,2735.62,Risque moyen,-1.5838356673031684,0.7510939721528839,Revenu faible
1275,22,F,Tecnico,Oriente,3030.54,5297.83,636,7,7194.35,Risque moyen,1.0342992475103063,0.09574637668869107,Revenu élevé
1276,61,M,Postgrado,Sur,2486.87,4143.96,645,5,7201.2,Risque moyen,0.741543264544068,-0.741998084396528,Revenu moyen
1278,31,M,Universitario,Norte,1787.86,3402.47,529,10,1902.47,Risque moyen,-1.2461514107007994,0.8686717439453322,Revenu moyen
1280,73,F,Secundaria,Centro,2244.11,4834.44,620,7,7928.7,Risque moyen,0.5891289188843655,0.01772543071191892,Revenu moyen
1283,51,F,Tecnico,Oriente,3416.3,6312.17,675,2,10097.23,Risque faible,2.250098021377662,-1.548460870745301,Revenu élevé
1284,29,F,Secundaria,Norte,1787.58,3452.72,554,14,5055.64,Risque moyen,-1.0148334133443544,2.3618530311005648,Revenu moyen
1285,52,F,Tecnico,Centro,1887.31,2978.96,554,5,5935.71,Risque moyen,-0.4208629753718474,-0.8543278644151975,Revenu moyen
1288,57,F,Universitario,Sur,2516.95,5222.57,652,6,7311.34,Risque faible,0.9726472215493593,-0.3196947258289231,Revenu moyen
1291,25,M,Secundaria,Norte,1553.0,2371.18,563,6,4053.28,Risque moyen,-0.8919175548983387,-0.6104596490058707,Revenu moyen
1292,28,M,Primaria,Centro,868.43,385.09,512,11,637.22,Risque moyen,-2.5616087018414895,0.9427337764690815,Revenu faible
1294,54,M,Universitario,Norte,4039.16,7933.93,727,1,12028.66,Risque faible,3.420379931443009,-1.732392411725133,Revenu élevé
1296,47,M,Universitario,Centro,1452.59,2598.94,528,8,4998.29,Risque moyen,-1.1194822008748877,0.14542474755134327,Revenu faible
1298,38,M,Universitario,Sur,931.75,2669.81,423,8,3523.06,Risque élevé,-2.0910693191855074,0.11380437613428707,Revenu faible
1300,22,F,Universitario,Oriente,1586.9,1571.62,627,6,4770.17,Risque moyen,-0.5970339639019019,-0.666182564202633,Revenu moyen
1301,36,M,Secundaria,Occidente,2618.19,5044.04,577,6,7405.77,Risque moyen,0.5454679301477003,-0.2845025672560015,Revenu moyen
1302,31,M,Tecnico,Oriente,1008.36,2042.57,463,9,1431.04,Risque élevé,-2.2338616217082787,0.3770203418111661,Revenu faible
1303,43,M,Primaria,Centro,910.81,1901.24,481,8,1080.74,Risque élevé,-2.1720755462151673,-0.0140591194665484,Revenu faible
1307,59,F,Primaria,Occidente,620.76,1669.54,492,6,3531.84,Risque élevé,-1.9009364347208677,-0.7198203818676189,Revenu faible
1308,42,F,Universitario,Sur,2342.41,1736.91,547,7,5314.71,Risque moyen,-0.7240124743910169,-0.17870393627949058,Revenu moyen
1309,35,F,Primaria,Occidente,2087.11,2392.65,614,6,7885.82,Risque moyen,0.0289984881881794,-0.49463117414992386,Revenu moyen
1311,25,M,Primaria,Occidente,3145.48,4049.94,582,7,8679.86,Risque moyen,0.6525956740247609,0.09224325705448055,Revenu élevé
1312,56,F,Universitario,Occidente,2665.86,4684.27,712,6,12408.87,Risque faible,1.7969870749518144,-0.24848948541362742,Revenu moyen
1314,31,M,Universitario,Norte,2975.95,5776.63,657,8,8887.1,Risque faible,1.3477888380938048,0.5046791432188057,Revenu moyen
1316,68,F,Postgrado,Norte,3376.6,4708.17,690,4,13464.05,Risque faible,2.2025131318931606,-0.8607432104523961,Revenu élevé
1318,50,M,Secundaria,Sur,1304.32,2757.87,568,9,2294.61,Risque moyen,-1.2523274112982428,0.41895621708812,Revenu faible
1320,32,F,Universitario,Oriente,1780.04,2068.64,575,7,5737.24,Risque moyen,-0.6803063888532005,-0.21612698733842828,Revenu moyen
1322,42,M,Universitario,Sur,2492.7,4631.39,571,2,5374.02,Risque moyen,0.4117699828918523,-1.7938840036211687,Revenu moyen
1324,50,F,Tecnico,Centro,3204.41,5266.48,678,3,12301.08,Risque faible,2.121463668935821,-1.223243946523151,Revenu élevé
1326,72,M,Primaria,Centro,1172.57,1460.62,570,9,1620.16,Risque moyen,-1.6396458857117973,0.3150489935427732,Revenu faible
1328,31,F,Universitario,Sur,910.9,2056.31,517,4,4259.17,Risque moyen,-1.3511639341866362,-1.3796927018805158,Revenu faible
1329,70,F,Postgrado,Oriente,4225.39,6718.81,618,7,12210.99,Risque moyen,2.2430614896696777,0.41350776214554524,Revenu élevé
1330,57,M,Secundaria,Centro,2478.25,4099.37,606,3,7645.85,Risque moyen,0.6696417227741882,-1.4329364260872492,Revenu moyen
1332,68,F,Secundaria,Oriente,1470.62,1026.14,498,9,4941.92,Risque élevé,-1.6900112870838515,0.4257622677302384,Revenu faible
1333,56,M,Tecnico,Norte,1709.34,3555.92,544,4,4342.38,Risque moyen,-0.5327777845514938,-1.2269263950404836,Revenu moyen
1334,68,M,Primaria,Sur,1555.42,4382.26,556,8,1592.75,Risque moyen,-0.8834973082805853,0.16902679975175505,Revenu moyen
1335,23,M,Tecnico,Oriente,1852.02,3585.76,549,6,7634.32,Risque moyen,-0.2245775015209811,-0.4242999759715442,Revenu moyen
1337,20,M,Secundaria,Sur,2964.86,4120.98,640,5,11157.22,Risque moyen,1.3127930236811987,-0.6060985900082216,Revenu moyen
1338,24,F,Tecnico,Sur,820.02,0.0,447,5,2213.64,Risque élevé,-2.5091246404275775,-1.164724681249563,Revenu faible
1340,25,M,Tecnico,Norte,956.07,2114.64,516,12,776.31,Risque moyen,-2.1832348354279607,1.4102643779140833,Revenu faible
1341,59,M,Universitario,Inconnue,2913.09,5113.85,660,2,10753.56,Risque faible,1.7652801714620807,-1.6443058007353137,Revenu moyen
1343,32,M,Primaria,Sur,1116.88,2305.6,521,8,782.52,Risque moyen,-1.7956452107744607,0.004278785943927788,Revenu faible
1344,64,M,Secundaria,Centro,907.53,995.53,516,5,3636.4,Risque moyen,-1.7096341536639412,-1.0975680163332235,Revenu faible
1345,46,F,Tecnico,Centro,1193.2,3154.33,554,7,4884.29,Risque moyen,-0.9062858604667196,-0.21894973001107773,Revenu faible
1346,50,M,Universitario,Centro,3644.79,7033.91,653,7,12259.8,Risque faible,2.2784640557300193,0.36178477359897027,Revenu élevé
1347,69,M,Postgrado,Norte,3355.49,4777.11,715,10,12351.63,Risque faible,1.8662941707697003,1.250253533096909,Revenu élevé
1348,47,M,Universitario,Centro,1976.51,2763.68,633,9,7391.39,Risque moyen,-0.06496397509621275,0.5693132858463573,Revenu moyen
1351,53,M,Secundaria,Norte,1981.45,4158.69,576,7,6749.88,Risque moyen,-0.043564968667589715,-0.05332588504939469,Revenu moyen
1352,46,F,Secundaria,Occidente,1355.09,1614.66,485,9,8298.79,Risque élevé,-1.3454635334680511,0.5305981583821588,Revenu faible
1353,55,M,Tecnico,Occidente,2244.68,6575.08,577,8,4537.89,Risque moyen,0.2946557987139022,0.41896499110845253,Revenu moyen
1357,44,M,Universitario,Occidente,1550.82,2377.59,538,7,7804.11,Risque moyen,-0.7160666518136604,-0.15669126455323307,Revenu moyen
1358,72,M,Universitario,Sur,3101.93,4911.3,611,6,9227.91,Risque moyen,1.1063096854856227,-0.22020620905815738,Revenu élevé
1359,50,F,Tecnico,Occidente,1984.77,4615.24,671,4,3227.05,Risque faible,0.4394124816097545,-1.221637103573038,Revenu moyen
1361,39,M,Tecnico,Occidente,1695.26,3795.01,522,14,3295.88,Risque moyen,-1.3497449868246092,2.347522537914482,Revenu moyen
1363,27,M,Tecnico,Occidente,988.03,1491.1,498,12,2677.81,Risque élevé,-2.2127568344284785,1.4282461346540452,Revenu faible
1364,22,F,Tecnico,Norte,1431.18,2098.33,526,9,3393.47,Risque moyen,-1.47346967823552,0.43655596075812103,Revenu faible
1367,71,F,Secundaria,Sur,1984.69,3548.06,626,5,2290.61,Risque moyen,-0.21012942459594064,-0.9268554965519917,Revenu moyen
1368,55,F,Tecnico,Centro,2119.87,3359.82,627,10,7314.08,Risque moyen,0.015455152607762836,0.9760583912050951,Revenu moyen
1369,30,F,Secundaria,Sur,1305.56,1274.5,487,10,4588.95,Risque élevé,-1.869715249915163,0.7789684910223353,Revenu faible
1371,64,F,Secundaria,Sur,1516.57,1307.29,523,5,3403.98,Risque moyen,-1.3720625948771599,-1.0298486577648533,Revenu moyen
1372,53,M,Secundaria,Sur,2159.41,4971.67,654,6,7229.46,Risque faible,0.773629338005316,-0.3710696636946645,Revenu moyen
1373,62,M,Universitario,Centro,4304.96,8150.6,682,3,14041.1,Risque faible,3.394025105432883,-0.9136165910176584,Revenu élevé
1374,41,F,Primaria,Oriente,1894.47,3038.55,568,7,5310.26,Risque moyen,-0.5120483446567999,-0.15549331899943403,Revenu moyen
1375,69,M,Universitario,Norte,1480.92,1250.64,576,11,4839.4,Risque moyen,-1.3146972961734158,1.1174699349809716,Revenu faible
1378,46,M,Universitario,Occidente,2338.47,4543.96,597,4,8573.58,Risque moyen,0.6852880541955455,-1.0378961181311288,Revenu moyen
1379,25,F,Primaria,Sur,1176.53,1499.05,492,15,500.0,Risque élevé,-2.578706544242681,2.4728522350616298,Revenu faible
1381,46,M,Primaria,Sur,1321.57,3907.33,583,8,4355.31,Risque moyen,-0.6393079191362219,0.16949693337105942,Revenu faible
1383,21,F,Universitario,Centro,1625.06,3753.12,574,6,4473.58,Risque moyen,-0.4611606679345739,-0.5189282515921246,Revenu moyen
1384,29,F,Universitario,Oriente,1963.9,3523.69,569,7,4125.11,Risque moyen,-0.4960369475359067,-0.14799033499802258,Revenu moyen
1386,19,F,Tecnico,Sur,1676.48,3121.9,605,3,5969.25,Risque moyen,-0.05006314978390705,-1.6034703031097002,Revenu moyen
1389,68,F,Secundaria,Oriente,1647.99,3738.97,596,12,3719.72,Risque moyen,-0.7774543650571153,1.6009044483874413,Revenu moyen
1390,68,F,Universitario,Occidente,1509.24,3438.66,495,10,3939.44,Risque élevé,-1.345740933865245,0.9055603380892855,Revenu moyen
1392,53,F,Tecnico,Norte,1908.02,2935.51,594,6,5800.19,Risque moyen,-0.2624679712036209,-0.5183718787969709,Revenu moyen
1393,43,M,Postgrado,Centro,4319.35,7821.04,687,9,13157.81,Risque faible,2.8940232330290003,1.1918433227819492,Revenu élevé
1394,60,M,Secundaria,Sur,2372.64,6012.43,707,5,8875.2,Risque faible,1.626405572869709,-0.63463442117743,Revenu moyen
1395,44,F,Primaria,Oriente,1231.5,1438.34,541,7,2617.29,Risque moyen,-1.5630817543983329,-0.36017028654840333,Revenu faible
1396,22,F,Secundaria,Centro,1897.21,3325.91,596,9,5018.93,Risque moyen,-0.44014656929498436,0.557375194203025,Revenu moyen
1398,28,M,Secundaria,Centro,1392.18,2593.62,533,8,5631.74,Risque moyen,-1.0513835907833409,0.15142635595430015,Revenu faible
1399,27,M,Universitario,Oriente,1999.4,4432.37,604,6,5930.93,Risque moyen,0.16509772756053234,-0.4244319745022702,Revenu moyen
1400,57,M,Secundaria,Centro,1564.36,4188.84,564,11,3027.87,Risque moyen,-0.9138432930505588,1.2602095436004708,Revenu moyen
1401,55,M,Secundaria,Occidente,1461.26,1831.38,524,8,2754.57,Risque moyen,-1.5323362274871501,0.05283762140720468,Revenu faible
1403,25,F,Secundaria,Oriente,1775.83,4460.83,560,4,6918.86,Risque moyen,0.04530929439689952,-1.1170925254947603,Revenu moyen
1404,40,M,Secundaria,Sur,3099.2,3155.0,585,4,5656.21,Risque moyen,0.33841972181195407,-1.1064510795610354,Revenu élevé
1405,64,F,Tecnico,Centro,1195.94,1641.46,443,10,2603.32,Risque élevé,-2.300410412469802,0.7647149035707277,Revenu faible
1406,43,M,Primaria,Oriente,1255.65,3037.09,505,8,2678.67,Risque moyen,-1.48225416032183,0.10997364440888624,Revenu faible
1407,63,F,Postgrado,Centro,4028.92,5890.46,698,6,16794.94,Risque faible,2.989252609298093,0.05679916972289284,Revenu élevé
1408,60,F,Secundaria,Sur,1315.13,1528.08,551,8,5528.96,Risque moyen,-1.2139562092481357,0.07188587291076726,Revenu faible
1409,29,M,Postgrado,Sur,5231.06,10423.25,619,5,15542.8,Risque moyen,3.9205525227781064,0.0838416416054042,Revenu élevé
1410,43,M,Primaria,Inconnue,966.81,150.62,546,7,2153.33,Risque moyen,-1.9646062584994146,-0.4727885528601233,Revenu faible
1411,30,M,Universitario,Oriente,3176.41,4096.15,659,7,11521.93,Risque faible,1.4200724196993686,0.127454340094041,Revenu élevé
1412,57,F,Tecnico,Sur,3268.77,6555.82,664,7,9523.76,Risque faible,1.8041233153754181,0.23143228894213239,Revenu élevé
1413,35,M,Universitario,Oriente,2832.62,6397.61,667,7,11952.28,Risque faible,1.855492490625217,0.23423300481347054,Revenu moyen
1414,42,F,Tecnico,Centro,1663.94,4141.65,592,6,5220.26,Risque moyen,-0.18005751047370447,-0.48392251559569643,Revenu moyen
1415,50,F,Postgrado,Norte,4164.52,5423.69,727,7,14855.16,Risque faible,2.8559844320785395,0.3433328600629593,Revenu élevé
1416,64,F,Tecnico,Centro,1571.83,3999.45,534,14,6378.21,Risque moyen,-0.9709577787389048,2.411881310385722,Revenu moyen
1418,60,F,Universitario,Occidente,2932.36,4632.0,688,5,11329.39,Risque faible,1.7076099989133362,-0.5972847338075742,Revenu moyen
1419,29,M,Tecnico,Centro,2459.44,3678.0,617,10,8072.3,Risque moyen,0.24357819751067575,1.048509675713466,Revenu moyen
1421,53,F,Secundaria,Oriente,1972.05,3899.38,598,7,6020.48,Risque moyen,-0.04785322519578139,-0.09564415204300672,Revenu moyen
1422,65,F,Universitario,Oriente,7087.68,13881.97,771,4,27419.11,Risque faible,7.604122989597445,0.30378095339133215,Revenu élevé
1423,21,M,Secundaria,Oriente,2491.43,3983.8,651,8,8446.92,Risque faible,0.6852086348991401,0.34731434180686566,Revenu moyen
1426,54,M,Secundaria,Centro,1760.28,2534.57,584,11,3542.1,Risque moyen,-1.0121401971237123,1.1856039340639515,Revenu moyen
1427,25,M,Tecnico,Norte,1192.63,2802.57,510,5,5041.78,Risque moyen,-1.0988081970849106,-0.9311684653917056,Revenu faible
1428,59,F,Tecnico,Oriente,2455.86,3527.55,627,9,7124.01,Risque moyen,0.23419998847540827,0.6559420944737311,Revenu moyen
1429,66,F,Secundaria,Sur,1118.82,3644.5,512,9,2131.63,Risque moyen,-1.4881060194073223,0.4741968030873584,Revenu faible
1431,48,M,Secundaria,Norte,3624.98,5936.3,653,3,10719.41,Risque faible,2.129472518296516,-1.168826200198945,Revenu élevé
1432,75,F,Tecnico,Sur,1812.61,3312.67,552,12,4609.03,Risque moyen,-0.9666927083561806,1.6317881841869115,Revenu moyen
1433,26,F,Secundaria,Sur,1769.76,3283.79,550,7,6510.07,Risque moyen,-0.4948925627391498,-0.11794062854954973,Revenu moyen
1434,71,F,Tecnico,Centro,2171.57,3801.83,679,7,5753.32,Risque faible,0.4639231171698617,-0.12477940015245206,Revenu moyen
1439,58,F,Secundaria,Oriente,1458.2,3906.93,526,5,1384.62,Risque moyen,-1.0352029957188553,-0.9317019121484871,Revenu faible
1440,39,F,Tecnico,Occidente,2723.69,5981.48,690,1,8435.62,Risque faible,1.8711677153084882,-2.035526275882578,Revenu moyen
1441,28,M,Primaria,Oriente,1440.13,3727.06,557,6,4137.17,Risque moyen,-0.6784189703955901,-0.5380179655209818,Revenu faible
1442,40,M,Universitario,Oriente,6448.96,12201.96,670,7,21334.76,Risque faible,5.5753272542386085,1.126143156081882,Revenu élevé
1445,54,M,Secundaria,Oriente,2954.84,4459.08,635,8,10857.93,Risque moyen,1.1326447456958304,0.4807370104167144,Revenu moyen
1447,43,M,Secundaria,Centro,1021.66,769.17,510,9,1079.11,Risque moyen,-2.2577093582254935,0.27535670842676313,Revenu faible
1450,71,M,Tecnico,Occidente,3589.27,6313.01,681,6,12780.37,Risque faible,2.3832126391724437,-0.04370331422266196,Revenu élevé
1453,18,M,Primaria,Oriente,1015.67,1802.81,564,9,2357.68,Risque moyen,-1.5922245675454767,0.33930305580930237,Revenu faible
1456,68,F,Secundaria,Norte,3674.74,7338.58,651,6,10592.07,Risque faible,2.235063452161658,-0.012063693276786932,Revenu élevé
1457,57,F,Universitario,Sur,4778.7,9269.6,745,5,19416.75,Risque faible,4.62631747851176,0.004699494543553778,Revenu élevé
1458,32,M,Primaria,Occidente,723.43,1521.98,454,11,2121.81,Risque élevé,-2.5701163058799947,1.0544844905697783,Revenu faible
1461,26,F,Universitario,Centro,1904.9,4817.19,521,10,6787.32,Risque moyen,-0.44322413398034743,1.0758592436925634,Revenu moyen
1462,70,M,Tecnico,Sur,2984.4,4897.9,692,7,11754.17,Risque faible,1.7278278131796108,0.14602812013393143,Revenu moyen
1463,26,M,Postgrado,Sur,5866.8,11263.11,768,9,23477.56,Risque faible,5.805018692596204,1.7356902210419896,Revenu élevé
1464,27,F,Secundaria,Inconnue,1173.78,1925.15,568,6,3430.59,Risque moyen,-1.1791872668608647,-0.6887878323311074,Revenu faible
1466,74,M,Tecnico,Centro,2867.19,4498.7,671,6,9961.33,Risque faible,1.3492310917102008,-0.27692755216819787,Revenu moyen
1468,43,M,Tecnico,Inconnue,1438.62,2487.54,596,6,4794.8,Risque moyen,-0.6447177307083315,-0.6127082242965417,Revenu faible
1469,58,M,Secundaria,Sur,1920.11,4040.5,621,10,6934.7,Risque moyen,0.0020716159648154495,0.9906038093328076,Revenu moyen
1472,42,M,Tecnico,Oriente,1298.32,2441.41,581,6,1151.26,Risque moyen,-1.1752826655162527,-0.7043620333243825,Revenu faible
1473,43,F,Tecnico,Norte,1898.08,3674.38,590,10,8629.01,Risque moyen,-0.09319560480152839,1.0195306914117317,Revenu moyen
1474,28,M,Universitario,Centro,1885.89,3477.17,604,7,3140.52,Risque moyen,-0.433573149144019,-0.19613193884643904,Revenu moyen
1475,55,F,Secundaria,Norte,989.25,2233.51,440,13,3100.18,Risque élevé,-2.415343103916816,1.8646229089601827,Revenu faible
1476,19,M,Universitario,Occidente,1773.47,2450.51,519,10,6017.17,Risque moyen,-1.0903692251266819,0.9096228215845519,Revenu moyen
1479,44,F,Postgrado,Sur,2681.77,6532.3,578,8,7173.1,Risque moyen,0.7443746211457245,0.5172621019253533,Revenu moyen
1481,44,M,Tecnico,Oriente,1335.88,3018.89,523,7,6030.16,Risque moyen,-0.940225624721288,-0.17334754964521112,Revenu faible
1483,60,F,Secundaria,Centro,2499.95,4054.9,638,6,8773.2,Risque moyen,0.7858066687081462,-0.349661855269824,Revenu moyen
1484,61,M,Universitario,Centro,3545.96,6421.39,608,7,12401.53,Risque moyen,1.857200954249848,0.34031418553484943,Revenu élevé
1487,41,F,Tecnico,Occidente,1187.4,683.96,458,7,500.0,Risque élevé,-2.4470204537358966,-0.4186071098561611,Revenu faible
1488,42,M,Universitario,Oriente,3394.48,5974.08,660,4,11053.91,Risque faible,2.0543111894722017,-0.8266273935924966,Revenu élevé
1490,69,F,Secundaria,Occidente,2318.83,3445.05,660,1,7475.29,Risque faible,0.8896685605794555,-2.2293612191924352,Revenu moyen
1496,46,M,Tecnico,Oriente,1000.6,1587.56,516,5,500.0,Risque moyen,-1.8672704770242448,-1.1252710785340905,Revenu faible
1498,39,M,Secundaria,Norte,1024.21,529.28,474,7,500.0,Risque élevé,-2.4537595076899397,-0.4503302403127457,Revenu faible
1499,43,F,Universitario,Centro,3252.93,5284.27,621,6,11216.81,Risque moyen,1.5113403501009521,-0.14373591437927857,Revenu élevé
1500,45,M,Universitario,Norte,2432.37,3460.97,618,4,5783.76,Risque moyen,0.3322140004588686,-1.1642422815301339,Revenu moyen
1502,38,F,Secundaria,Norte,1230.54,2021.04,527,12,5393.19,Risque moyen,-1.549912733609154,1.5304078881328445,Revenu faible
1503,66,F,Tecnico,Sur,1818.07,2760.35,627,8,7152.22,Risque moyen,-0.12915725367176023,0.19374470598592772,Revenu moyen
1506,37,M,Tecnico,Centro,1731.39,1862.73,550,10,3755.45,Risque moyen,-1.2822198008087864,0.806460187107495,Revenu moyen
1508,66,M,Secundaria,Oriente,2197.45,3501.94,588,7,5165.9,Risque moyen,-0.18455136118930898,-0.11201648489357197,Revenu moyen
1509,37,M,Universitario,Sur,3746.62,6443.76,661,7,11779.44,Risque faible,2.1936822658261868,0.3228196529247263,Revenu élevé
1510,71,F,Secundaria,Occidente,1461.14,2355.75,529,7,3099.92,Risque moyen,-1.293921531992919,-0.26878763803801603,Revenu faible
1511,39,M,Tecnico,Occidente,953.05,939.99,540,13,2145.18,Risque moyen,-2.2141640343941327,1.7195875567983903,Revenu faible
1512,45,F,Secundaria,Centro,1812.63,4263.99,523,6,4993.76,Risque moyen,-0.5213193571516519,-0.43672058293580585,Revenu moyen
1513,57,F,Primaria,Centro,1171.85,2315.26,468,8,1056.98,Risque élevé,-2.0543344513256003,0.04013759712377921,Revenu faible
1514,66,F,Secundaria,Centro,2703.5,2861.18,576,8,9166.69,Risque moyen,0.16842626789123955,0.35247466906175,Revenu moyen
1515,24,M,Secundaria,Norte,1584.11,1860.98,583,7,5312.12,Risque moyen,-0.8026416708742717,-0.2600506433814241,Revenu moyen
1518,30,M,Universitario,Norte,4050.26,8243.17,672,6,12376.02,Risque faible,2.890128859309906,0.10704183541303694,Revenu élevé
1519,47,M,Tecnico,Occidente,1951.94,3404.37,577,8,8390.94,Risque moyen,-0.10387850492053613,0.2943447009926243,Revenu moyen
1522,73,F,Tecnico,Oriente,3150.25,7385.34,610,4,8401.74,Risque moyen,1.6849956645215503,-0.8055370272584454,Revenu élevé
1524,49,F,Postgrado,Centro,4183.35,7207.29,624,7,12757.93,Risque moyen,2.420462545602955,0.4474812605638336,Revenu élevé
1525,47,M,Tecnico,Sur,1569.17,2995.5,565,9,5380.23,Risque moyen,-0.792381413253567,0.5290737261639176,Revenu moyen
1526,46,M,Primaria,Centro,2032.76,3068.26,573,9,5771.55,Risque moyen,-0.4962493088191667,0.5827231941414129,Revenu moyen
1527,66,M,Tecnico,Norte,2089.18,4386.36,559,5,4203.4,Risque moyen,-0.18678581533120225,-0.7949046411039721,Revenu moyen
1528,62,M,Secundaria,Sur,1667.02,2011.75,552,8,2185.72,Risque moyen,-1.3018815770042886,0.05744477478603343,Revenu moyen
1529,46,M,Primaria,Centro,2837.68,3923.89,597,1,8705.16,Risque moyen,0.9632180166187996,-2.0959915345263394,Revenu moyen
1533,36,M,Postgrado,Oriente,2248.05,4699.66,658,4,4906.06,Risque faible,0.6630239469419712,-1.1478450591258686,Revenu moyen
1534,35,M,Secundaria,Oriente,1718.81,4428.0,532,7,3376.24,Risque moyen,-0.7012807706515641,-0.11920000427366485,Revenu moyen
1535,18,F,Secundaria,Oriente,782.92,1755.4,471,7,2276.04,Risque élevé,-2.130015236021927,-0.36075228283911553,Revenu faible
1536,31,F,Primaria,Oriente,655.05,902.52,540,3,500.0,Risque moyen,-1.8904452787560342,-1.9238592325676425,Revenu faible
1537,68,M,Primaria,Norte,1536.63,3930.77,570,9,3129.44,Risque moyen,-0.8093917052411128,0.5270642750309336,Revenu moyen
1539,67,F,Universitario,Oriente,3172.8,5124.11,696,7,10056.11,Risque faible,1.7036323426990785,0.13691589182884867,Revenu élevé
1540,19,M,Universitario,Centro,1751.46,2473.03,587,11,6158.02,Risque moyen,-0.7427077236485272,1.2389755452047133,Revenu moyen
1541,71,F,Universitario,Sur,1741.61,3092.68,537,8,4560.95,Risque moyen,-0.8861756523438729,0.18765906249652206,Revenu moyen
1542,45,M,Secundaria,Sur,968.24,2461.99,457,9,2471.67,Risque élevé,-2.090226644607222,0.42373389878289114,Revenu faible
1543,66,F,Universitario,Norte,1639.0,2172.22,561,9,4982.42,Risque moyen,-1.00205044264638,0.4808107436372263,Revenu moyen
1544,67,F,Tecnico,Inconnue,1558.69,2913.26,629,5,3217.26,Risque moyen,-0.409662754639621,-0.9846644064450433,Revenu moyen
1547,68,M,Primaria,Norte,546.51,1209.17,503,11,1009.87,Risque moyen,-2.536052790178832,0.9722979196366663,Revenu faible
1548,21,M,Postgrado,Centro,2162.23,4283.99,574,6,5168.24,Risque moyen,-0.05318746396815157,-0.42125050643484524,Revenu moyen
1549,18,M,Tecnico,Norte,3010.46,6021.21,679,5,9457.34,Risque faible,1.7894596439430515,-0.5475703341423266,Revenu élevé
1550,25,M,Universitario,Oriente,1318.13,2436.45,522,10,3944.81,Risque moyen,-1.4784410763677163,0.8172133297712961,Revenu faible
1551,46,M,Tecnico,Occidente,1346.97,2324.93,599,5,6052.1,Risque moyen,-0.5082312382161234,-0.9613692742313993,Revenu faible
1553,56,F,Primaria,Norte,1211.48,128.19,532,6,4694.66,Risque moyen,-1.6262872775812005,-0.7445909739584542,Revenu faible
1554,20,M,Tecnico,Sur,793.75,2117.24,458,6,1793.13,Risque élevé,-2.112393603885691,-0.7013761323642911,Revenu faible
1555,49,M,Universitario,Oriente,3183.31,6196.64,617,13,11652.49,Risque moyen,1.25936609888962,2.417146910331489,Revenu élevé
1557,27,M,Postgrado,Oriente,3169.76,6165.53,646,8,10924.12,Risque moyen,1.655437987493541,0.5966932189429365,Revenu élevé
1559,63,M,Secundaria,Norte,713.74,1366.71,495,7,3150.18,Risque élevé,-2.0103095672274365,-0.38092269090603326,Revenu faible
1560,51,M,Tecnico,Norte,1473.22,1868.13,640,14,2572.69,Risque moyen,-1.2306242981917084,2.145194801972652,Revenu faible
1561,50,M,Universitario,Occidente,1392.3,3423.3,488,9,4259.27,Risque élevé,-1.3436708075725226,0.5463356343817116,Revenu faible
1563,72,F,Tecnico,Oriente,2768.87,3702.63,661,7,10384.84,Risque faible,1.0616593072831555,0.03919378017290085,Revenu moyen
1564,45,F,Secundaria,Occidente,967.54,781.14,453,4,2374.16,Risque élevé,-2.167773056162149,-1.4620202466260757,Revenu faible
1565,49,M,Tecnico,Occidente,2485.39,3171.38,644,2,10127.3,Risque moyen,1.0167675412778499,-1.804634862415909,Revenu moyen
1567,24,M,Primaria,Inconnue,1036.02,1529.63,480,9,2596.58,Risque élevé,-2.1113452948658367,0.36861470423597975,Revenu faible
1568,46,F,Primaria,Occidente,490.09,1545.29,359,8,3603.67,Risque élevé,-2.8819674570643747,0.037145886338713234,Revenu faible
1569,25,F,Secundaria,Occidente,1574.57,1306.53,549,7,1919.88,Risque moyen,-1.4723433198669953,-0.354477068152181,Revenu moyen
1572,72,M,Secundaria,Centro,1709.81,2332.48,563,9,5950.12,Risque moyen,-0.8274467477488356,0.5178242057244686,Revenu moyen
1573,20,F,Primaria,Norte,915.79,326.38,466,14,2403.47,Risque élevé,-2.831121414699552,2.0771783350668946,Revenu faible
1574,41,F,Primaria,Centro,1405.19,3094.06,577,10,4259.18,Risque moyen,-0.9468819775783427,0.8459846590243565,Revenu faible
1575,40,F,Primaria,Oriente,1722.63,3556.2,524,8,5182.32,Risque moyen,-0.8085945389311717,0.2326179117475257,Revenu moyen
1576,25,F,Secundaria,Sur,1441.82,897.57,559,6,4067.47,Risque moyen,-1.2726408640661282,-0.7043635600228884,Revenu faible
1577,71,M,Primaria,Sur,999.44,1455.82,530,11,5056.23,Risque moyen,-1.7205712579843586,1.109078537980028,Revenu faible
1578,74,M,Secundaria,Norte,1815.71,2776.96,593,8,7163.57,Risque moyen,-0.3255115326126863,0.210042744741324,Revenu moyen
1579,64,F,Secundaria,Centro,3544.68,7833.35,707,7,13618.96,Risque faible,2.8633153387546026,0.40500474613588033,Revenu élevé
1580,54,M,Tecnico,Occidente,2124.63,2312.99,683,4,9620.23,Risque faible,0.7367700273365475,-1.2026622335202601,Revenu moyen
1581,20,F,Universitario,Norte,1295.45,1971.84,562,10,3511.95,Risque moyen,-1.3954246550975915,0.7603287730351418,Revenu faible
1582,68,M,Secundaria,Oriente,3697.35,7263.27,660,7,12667.98,Risque faible,2.4320826026701776,0.38616671300660926,Revenu élevé
1583,50,M,Primaria,Oriente,845.41,1426.01,502,12,2967.14,Risque moyen,-2.2328378498304073,1.4156185762899534,Revenu faible
1584,45,M,Secundaria,Oriente,1061.13,2766.48,551,6,4092.31,Risque moyen,-1.0800390087680471,-0.6281422413224094,Revenu faible
1585,64,F,Primaria,Occidente,1972.36,1964.02,563,7,4816.29,Risque moyen,-0.7873448719144006,-0.21927700641781742,Revenu moyen
1586,25,M,Primaria,Centro,960.69,698.3,511,6,1714.57,Risque moyen,-2.039595970494865,-0.7933542438726007,Revenu faible
1587,51,F,Universitario,Sur,3057.39,5251.26,658,5,9410.94,Risque faible,1.517575734532374,-0.579329358540879,Revenu élevé
1589,49,F,Postgrado,Centro,4081.09,7349.19,629,5,14329.49,Risque moyen,2.723556676309452,-0.2359030527235384,Revenu élevé
1596,33,F,Universitario,Centro,4155.14,6384.48,741,5,16985.8,Risque faible,3.4816965669218503,-0.27513951132370906,Revenu élevé
1597,21,F,Secundaria,Sur,1698.19,3202.91,621,6,5282.26,Risque moyen,-0.18767521439579,-0.546730103553075,Revenu moyen
1599,54,F,Secundaria,Sur,1450.92,1701.23,583,6,7248.83,Risque moyen,-0.6308020609006016,-0.5957975840348781,Revenu faible
1600,71,F,Secundaria,Norte,1764.01,2540.28,634,5,3202.19,Risque moyen,-0.37513096751700886,-0.9893079496165802,Revenu moyen
1602,31,F,Tecnico,Centro,1289.44,2827.98,525,7,3215.15,Risque moyen,-1.2772275308699066,-0.25337199589190923,Revenu faible
1603,48,M,Primaria,Sur,503.65,929.06,362,8,2064.88,Risque élevé,-3.147172854882793,-0.033418764589364915,Revenu faible
1604,72,F,Secundaria,Centro,1758.95,3394.15,561,8,7314.96,Risque moyen,-0.3911707629048485,0.25823770277980107,Revenu moyen
1607,24,F,Universitario,Sur,3897.12,7185.42,568,6,11174.45,Risque moyen,1.8668295601873175,0.050776052540300376,Revenu élevé
1608,27,M,Primaria,Centro,1134.5,1928.12,512,8,500.0,Risque moyen,-1.9502294763620922,-0.01826015769264902,Revenu faible
1609,24,F,Secundaria,Oriente,1719.19,4273.46,545,8,6630.18,Risque moyen,-0.3858770454143413,0.297146190459906,Revenu moyen
1611,40,F,Primaria,Sur,1834.11,4768.73,636,6,7601.82,Risque moyen,0.5271740354339534,-0.3973216320401472,Revenu moyen
1612,38,F,Secundaria,Norte,1424.72,3579.01,499,8,1369.28,Risque élevé,-1.4665668874358464,0.13060782088868012,Revenu faible
1613,36,F,Secundaria,Norte,861.07,1391.03,439,11,3831.4,Risque élevé,-2.453204197319367,1.10540723884346,Revenu faible
1614,65,M,Primaria,Sur,570.91,870.24,510,9,5319.58,Risque moyen,-1.9891655125665804,0.3341043721882071,Revenu faible
1615,36,M,Primaria,Norte,1015.35,501.41,490,6,2321.69,Risque élevé,-2.1197499021950077,-0.77638294840641,Revenu faible
1616,53,M,Postgrado,Centro,1620.3,2028.62,605,10,4337.61,Risque moyen,-0.9100623168092044,0.7938921039649198,Revenu moyen
1617,46,F,Tecnico,Norte,1846.63,4131.77,587,11,3105.74,Risque moyen,-0.6648081204333327,1.2752133183420606,Revenu moyen
1618,35,M,Secundaria,Norte,1657.65,3752.8,566,4,5963.13,Risque moyen,-0.21683107999359152,-1.19370657399536,Revenu moyen
1621,64,F,Secundaria,Centro,1683.49,3977.89,604,9,6201.65,Risque moyen,-0.22272646890131567,0.5979344484831408,Revenu moyen
1624,28,F,Universitario,Sur,4287.19,8123.3,708,9,15747.98,Risque faible,3.3340682831023862,1.2553965656918522,Revenu élevé
1625,59,M,Secundaria,Oriente,721.63,1150.76,429,6,1549.16,Risque élevé,-2.5429557661498094,-0.7567406158924824,Revenu faible
1626,19,F,Primaria,Norte,1028.68,1345.23,426,14,2898.82,Risque élevé,-2.752636925428116,2.176204097154002,Revenu faible
1631,37,F,Primaria,Inconnue,2979.92,4520.96,589,6,10275.64,Risque moyen,0.9507737509022188,-0.22087916240699512,Revenu moyen
1633,54,M,Tecnico,Norte,1865.11,4684.89,534,9,2969.39,Risque moyen,-0.7407603976077768,0.614676935544797,Revenu moyen
1634,55,F,Secundaria,Sur,1998.83,5279.72,612,4,7051.25,Risque moyen,0.6314457188333135,-1.0687775866104534,Revenu moyen
1635,47,M,Universitario,Norte,1533.6,3315.39,470,16,5460.22,Risque élevé,-1.7276322841902985,3.0917742002998185,Revenu moyen
1636,26,F,Tecnico,Occidente,1800.37,4293.09,571,5,7807.9,Risque moyen,0.11349493228580086,-0.7517646919657336,Revenu moyen
1637,51,F,Secundaria,Centro,3046.05,6078.81,665,8,7492.08,Risque faible,1.3449586645644012,0.4937448260511968,Revenu élevé
1638,70,M,Postgrado,Centro,10185.28,18977.17,728,7,37385.78,Risque faible,10.55903492359989,2.2117515887406785,Revenu élevé
1639,61,F,Secundaria,Norte,888.06,2333.99,538,7,500.0,Risque moyen,-1.7516091969127512,-0.3874914205811115,Revenu faible
1641,69,M,Tecnico,Sur,1561.99,1787.23,576,6,5617.66,Risque moyen,-0.774837708023753,-0.6139456131373402,Revenu moyen
1642,75,F,Universitario,Centro,2164.83,4707.44,547,8,4369.0,Risque moyen,-0.32825698742680925,0.31276895892196876,Revenu moyen
1643,39,F,Tecnico,Inconnue,2915.92,5493.71,596,9,7766.82,Risque moyen,0.7263913811455206,0.8422578407744632,Revenu moyen
1647,27,F,Secundaria,Centro,1384.0,3496.56,564,9,1034.12,Risque moyen,-1.2154661392240538,0.4426824890409119,Revenu faible
1648,47,M,Tecnico,Sur,2224.12,3324.34,555,10,5952.39,Risque moyen,-0.5119632602550865,0.9855659215579147,Revenu moyen
1650,63,M,Primaria,Norte,1079.28,1312.12,538,6,4029.98,Risque moyen,-1.4635174747072335,-0.7062818889675866,Revenu faible
1652,49,M,Secundaria,Centro,813.25,1549.47,425,9,1752.73,Risque élevé,-2.6103441009891473,0.3542129641574067,Revenu faible
1653,34,M,Secundaria,Norte,2704.43,5460.73,623,7,6244.13,Risque moyen,0.7586921466753753,0.05847957103984238,Revenu moyen
1654,67,M,Secundaria,Sur,1410.51,1688.95,561,7,2432.14,Risque moyen,-1.3365959997496317,-0.34176687827420704,Revenu faible
1655,68,M,Secundaria,Norte,1862.16,2783.61,599,6,7732.41,Risque moyen,-0.08604839687798542,-0.49012360483882905,Revenu moyen
1657,31,M,Primaria,Oriente,807.69,1560.35,468,7,583.65,Risque élevé,-2.3523676069350072,-0.4066031943239156,Revenu faible
1659,57,F,Secundaria,Sur,740.29,0.0,479,3,1349.02,Risque élevé,-2.317881267186662,-1.9214079118610272,Revenu faible
1660,19,F,Secundaria,Norte,1831.82,3014.13,577,10,4397.24,Risque moyen,-0.7715949388975958,0.8851357126819597,Revenu moyen
1661,62,F,Primaria,Centro,973.3,2584.3,534,12,2493.8,Risque moyen,-1.794331411290654,1.4698539798950534,Revenu faible
1662,42,M,Secundaria,Sur,1323.34,3309.24,524,8,1311.78,Risque moyen,-1.4248426086836397,0.09275343581297789,Revenu faible
1664,26,M,Primaria,Norte,2636.38,3950.58,691,4,9161.19,Risque faible,1.2972915440705,-1.0729277301557218,Revenu moyen
1665,71,M,Universitario,Oriente,1836.22,2356.35,513,3,4828.13,Risque moyen,-0.8040567243880334,-1.6170095048010162,Revenu moyen
1666,39,F,Universitario,Norte,1628.51,2413.25,634,13,6563.79,Risque moyen,-0.6134718163979118,1.9269448676792618,Revenu moyen
1667,60,F,Secundaria,Centro,2119.78,4593.9,594,7,4317.18,Risque moyen,-0.03740126147535128,-0.07800161070270822,Revenu moyen
1668,63,F,Primaria,Norte,1669.88,3756.12,516,6,5557.68,Risque moyen,-0.6718143589861898,-0.46387137809837564,Revenu moyen
1669,21,M,Tecnico,Oriente,1011.13,1822.34,467,6,500.0,Risque élevé,-2.1639302063899826,-0.7310333825749965,Revenu faible
1670,43,F,Tecnico,Centro,1785.85,4109.12,607,6,4446.19,Risque moyen,-0.12726402319549765,-0.49843715356435325,Revenu moyen
1671,75,M,Postgrado,Centro,3483.37,6755.65,704,4,11205.41,Risque faible,2.5314594545857734,-0.7892258121937085,Revenu élevé
1672,46,M,Secundaria,Centro,1484.71,2286.74,632,5,3537.58,Risque moyen,-0.5227616244186799,-1.0221461498759152,Revenu faible
1673,62,M,Tecnico,Occidente,2521.28,4262.27,633,10,6742.96,Risque moyen,0.35088578735731335,1.0510251623331948,Revenu moyen
1674,51,F,Universitario,Sur,4836.55,7691.08,715,6,17821.01,Risque faible,3.91319222729231,0.25370496124498665,Revenu élevé
1675,40,M,Secundaria,Norte,1346.38,2324.31,570,5,3851.8,Risque moyen,-0.9050845950892725,-0.9981439803403355,Revenu faible
1676,54,F,Primaria,Oriente,2760.11,4480.67,557,6,7673.73,Risque moyen,0.3951503255618444,-0.2885761414417474,Revenu moyen
1677,28,F,Secundaria,Norte,1380.88,1683.39,530,10,5207.66,Risque moyen,-1.43512649675305,0.8044825842362255,Revenu faible
1678,23,F,Primaria,Centro,2411.67,3751.91,617,2,7047.55,Risque moyen,0.6340335364916955,-1.8354688104753498,Revenu moyen
1679,35,M,Primaria,Sur,1433.57,3775.95,481,8,3627.17,Risque élevé,-1.2953018411547341,0.20200749097915804,Revenu faible
1680,38,F,Universitario,Sur,3883.98,6620.8,669,4,13808.44,Risque faible,2.7313200526318466,-0.6842669277430175,Revenu élevé
1681,59,F,Secundaria,Norte,2374.39,5535.66,592,8,6951.49,Risque moyen,0.46454108578279807,0.4188764679253582,Revenu moyen
1682,53,M,Primaria,Oriente,851.24,1578.24,475,12,500.0,Risque élevé,-2.6102453621189867,1.3813849467795551,Revenu faible
1683,58,M,Universitario,Centro,2919.83,5072.55,711,3,10617.29,Risque faible,1.9829467131068597,-1.314524809024584,Revenu moyen
1685,51,M,Secundaria,Oriente,1458.62,718.18,544,8,3855.83,Risque moyen,-1.538600655289944,0.003942434065354449,Revenu faible
1686,34,F,Secundaria,Occidente,882.83,3254.34,499,8,2127.4,Risque élevé,-1.6837030227130545,0.07727260251539649,Revenu faible
1687,54,F,Secundaria,Centro,1403.19,3289.85,588,4,4590.06,Risque moyen,-0.43261081746331387,-1.285737525604837,Revenu faible
1688,42,M,Secundaria,Norte,1542.66,2941.69,569,7,4738.6,Risque moyen,-0.7321908585443728,-0.20801298074370286,Revenu moyen
1689,55,F,Universitario,Oriente,1677.98,3671.28,508,10,3236.94,Risque moyen,-1.2216422541118952,0.913398508343095,Revenu moyen
1690,75,F,Primaria,Oriente,1278.59,2345.18,540,18,2705.66,Risque moyen,-2.035472154924586,3.632588514399333,Revenu faible
1691,29,M,Tecnico,Occidente,2520.16,4050.65,593,3,7378.86,Risque moyen,0.5729140895873263,-1.4319498775197146,Revenu moyen
1692,40,F,Primaria,Centro,769.81,1366.95,497,10,2693.75,Risque élevé,-2.20940607877335,0.6859231428278247,Revenu faible
1693,70,F,Postgrado,Sur,5198.88,9020.63,692,2,17423.17,Risque faible,4.419919189494692,-1.0635968363243102,Revenu élevé
1695,39,M,Universitario,Occidente,1555.33,2483.71,566,10,4175.02,Risque moyen,-1.0869102150050396,0.8279608084956023,Revenu moyen
1696,38,F,Secundaria,Norte,459.15,996.59,376,7,500.0,Risque élevé,-3.167192941107125,-0.4329876950596828,Revenu faible
1697,44,M,Universitario,Sur,3937.9,7372.59,633,8,14248.52,Risque moyen,2.49651253963413,0.8208797157308915,Revenu élevé
1698,74,F,Universitario,Inconnue,2286.47,5244.02,568,7,2419.1,Risque moyen,-0.17788337396079773,-0.05562638822359136,Revenu moyen
1699,48,M,Tecnico,Norte,1822.78,3033.57,645,5,4799.66,Risque moyen,-0.017390541046119985,-0.9239513107055134,Revenu moyen
1703,51,F,Primaria,Occidente,1217.64,3358.52,574,6,2828.63,Risque moyen,-0.8836478134631565,-0.61781943101875,Revenu faible
1704,29,M,Universitario,Norte,2146.39,3550.78,594,7,4342.87,Risque moyen,-0.24468562770436864,-0.13535626542328846,Revenu moyen
1706,74,F,Tecnico,Oriente,1790.02,3914.14,556,9,3714.98,Risque moyen,-0.729438398435487,0.5697889319035117,Revenu moyen
1708,24,M,Primaria,Centro,739.1,2626.5,457,7,2051.13,Risque élevé,-2.069186047111033,-0.31321203882366255,Revenu faible
1709,27,F,Secundaria,Norte,1419.8,2495.18,584,12,3227.07,Risque moyen,-1.2574090548434405,1.5013151176872717,Revenu faible
1710,62,F,Secundaria,Sur,3902.18,7324.48,732,8,14692.98,Risque faible,3.099540448171096,0.780172386070999,Revenu élevé
1712,43,M,Secundaria,Centro,1190.64,139.11,565,11,1490.27,Risque moyen,-2.07984931168278,0.9546119878066683,Revenu faible
1715,75,M,Universitario,Sur,2667.63,5113.47,673,7,9665.13,Risque faible,1.3150854261458664,0.0896636957263448,Revenu moyen
1716,63,M,Secundaria,Oriente,1170.47,3021.07,508,11,1773.22,Risque moyen,-1.783950325599365,1.1518139354238135,Revenu faible
1717,19,M,Secundaria,Oriente,2408.75,4730.19,656,5,8724.78,Risque faible,1.0542619605799681,-0.6859713509096839,Revenu moyen
1719,60,F,Secundaria,Oriente,1237.0,3544.24,616,8,2033.31,Risque moyen,-0.7957013232813093,0.07304732075058666,Revenu faible
1721,68,M,Universitario,Oriente,3946.76,8128.72,686,7,11752.19,Risque faible,2.778537898043246,0.4277077342791335,Revenu élevé
1722,70,M,Secundaria,Centro,1549.75,3495.19,574,8,5999.49,Risque moyen,-0.51560074693069,0.2085691902294846,Revenu moyen
1723,53,F,Secundaria,Sur,1113.24,1206.7,546,8,4857.6,Risque moyen,-1.4646405778437377,0.02108691567663667,Revenu faible
1724,68,F,Tecnico,Centro,2314.5,5014.41,566,8,5678.56,Risque moyen,0.045460949473224224,0.3658796250556277,Revenu moyen
1727,38,M,Universitario,Norte,3143.76,5301.42,638,8,10736.51,Risque moyen,1.3951625740597389,0.5434810184563814,Revenu élevé
1729,57,M,Tecnico,Centro,3733.52,7515.05,649,2,10710.43,Risque moyen,2.5473245421872814,-1.422928482702661,Revenu élevé
1730,28,M,Tecnico,Norte,1565.25,2489.85,486,7,6489.89,Risque élevé,-1.1271154320472445,-0.15510917046738312,Revenu moyen
1731,53,F,Universitario,Centro,2562.47,5097.18,616,5,7685.87,Risque moyen,0.854185618225158,-0.6555238457352002,Revenu moyen
1732,66,M,Tecnico,Norte,2071.62,3459.64,530,6,6689.93,Risque moyen,-0.36837985693199127,-0.42347532456853654,Revenu moyen
1733,56,M,Primaria,Norte,1098.73,1538.36,514,8,4274.33,Risque moyen,-1.6485743282581184,0.040149955034295304,Revenu faible
1734,57,M,Secundaria,Occidente,2342.18,4561.91,566,11,5702.67,Risque moyen,-0.22385980754612647,1.4155355912666636,Revenu moyen
1736,71,F,Secundaria,Occidente,2056.03,4115.8,579,7,2969.22,Risque moyen,-0.39192718136729987,-0.13551199181599577,Revenu moyen
1737,51,M,Tecnico,Sur,1771.61,3078.88,627,1,4467.54,Risque moyen,0.0808109189453624,-2.355880516978429,Revenu moyen
1738,72,M,Universitario,Oriente,4008.9,6298.59,669,5,11871.22,Risque faible,2.4538540720444857,-0.3772599137530006,Revenu élevé
1739,64,M,Tecnico,Sur,3096.92,5326.72,682,6,10494.29,Risque faible,1.7399844739108126,-0.1999331534250572,Revenu élevé
1740,41,M,Secundaria,Centro,1574.11,3131.52,566,6,7813.6,Risque moyen,-0.31838294633357067,-0.48072132283656827,Revenu moyen
1741,71,M,Primaria,Sur,959.33,3450.11,535,8,3720.38,Risque moyen,-1.234967050007924,0.11571728774407111,Revenu faible
1742,39,F,Secundaria,Centro,2380.73,3507.32,614,4,2074.6,Risque moyen,-0.08376537706999289,-1.2485186687274834,Revenu moyen
1743,22,M,Secundaria,Sur,812.71,1370.46,517,5,6005.4,Risque moyen,-1.4207218992426716,-1.0317716181376868,Revenu faible
1744,73,F,Postgrado,Occidente,2181.91,3798.18,615,5,7777.54,Risque moyen,0.423639955910046,-0.7645800659087663,Revenu moyen
1745,50,F,Tecnico,Inconnue,1767.75,1389.38,598,7,6604.26,Risque moyen,-0.6050415025501572,-0.24743068914277017,Revenu moyen
1746,75,F,Universitario,Centro,2024.47,3171.92,566,9,4957.88,Risque moyen,-0.6024482681585945,0.5727009536402895,Revenu moyen
1747,53,M,Secundaria,Occidente,1392.05,1550.6,577,3,3834.09,Risque moyen,-0.8856178753259383,-1.757332108214947,Revenu faible
1749,37,F,Secundaria,Centro,1468.61,3846.24,548,8,1902.9,Risque moyen,-1.0485418386847232,0.14028988354111757,Revenu faible
1750,36,F,Secundaria,Occidente,2896.74,5738.7,606,10,5392.4,Risque moyen,0.5229343601462899,1.1540282122046366,Revenu moyen
1751,52,F,Secundaria,Norte,910.24,1777.4,446,5,4032.45,Risque élevé,-1.9140570309175946,-1.011523672363067,Revenu faible
1754,34,F,Secundaria,Oriente,1501.85,2060.86,518,10,4073.95,Risque moyen,-1.4916305399504706,0.8176703345120466,Revenu moyen
1755,62,F,Postgrado,Norte,2217.81,2530.45,548,7,7685.68,Risque moyen,-0.3586272866206148,-0.09143384932436223,Revenu moyen
1758,26,F,Secundaria,Centro,2313.16,3709.73,634,8,9925.42,Risque moyen,0.6044636853476566,0.35550598474560013,Revenu moyen
1759,43,M,Secundaria,Centro,1586.24,4093.04,603,6,4733.33,Risque moyen,-0.2080411804756779,-0.5101041602854021,Revenu moyen
1760,19,F,Secundaria,Norte,3856.93,7904.15,683,5,13917.09,Risque faible,3.0229979722814453,-0.2587241210051831,Revenu élevé
1761,70,F,Tecnico,Centro,1148.17,2802.17,556,4,3743.94,Risque moyen,-0.9175100151495241,-1.3430387564775295,Revenu faible
1762,26,F,Secundaria,Centro,1077.75,1537.28,476,4,2115.61,Risque élevé,-1.8527660259711576,-1.423877375173442,Revenu faible
1764,57,M,Universitario,Oriente,4472.81,7724.74,630,9,14037.18,Risque moyen,2.692539619203838,1.246420741843922,Revenu élevé
1767,42,F,Secundaria,Centro,1553.15,2160.75,551,9,4478.7,Risque moyen,-1.1508518883632504,0.465078011245497,Revenu moyen
1770,59,F,Tecnico,Oriente,1926.74,3914.39,653,8,5038.06,Risque faible,0.09670775775307082,0.21151335072498373,Revenu moyen
1771,42,M,Secundaria,Centro,2055.45,3931.22,617,9,5743.24,Risque moyen,-0.04793960867242474,0.6144688667551549,Revenu moyen
1772,56,M,Primaria,Norte,1845.31,2728.44,597,7,7428.16,Risque moyen,-0.2102562618501036,-0.14333669420207198,Revenu moyen
1773,52,F,Universitario,Sur,2887.91,4922.97,625,6,11242.51,Risque moyen,1.3086180618609105,-0.20069237629205564,Revenu moyen
1776,54,M,Secundaria,Centro,802.34,1326.17,464,10,3820.54,Risque élevé,-2.282985365694441,0.726982970850928,Revenu faible
1779,68,M,Tecnico,Inconnue,2285.32,4653.74,663,10,9344.72,Risque faible,0.7789232655836079,1.0965360262315063,Revenu moyen
1780,47,M,Secundaria,Centro,1971.18,3735.48,587,8,5110.59,Risque moyen,-0.30354978572108293,0.2367236569895124,Revenu moyen
1781,55,F,Tecnico,Centro,1380.32,3319.86,557,8,5030.23,Risque moyen,-0.8229755452025337,0.16799845813934514,Revenu faible
1782,51,F,Tecnico,Norte,2706.14,4746.6,686,5,8691.42,Risque faible,1.354947866342263,-0.6709316065840765,Revenu moyen
1785,54,M,Tecnico,Centro,2303.05,4116.97,632,6,7820.23,Risque moyen,0.5836653819914325,-0.3836712613615595,Revenu moyen
1787,66,M,Primaria,Occidente,1768.22,2971.92,580,4,4695.78,Risque moyen,-0.3838531093235701,-1.2633853513969666,Revenu moyen
1788,34,F,Tecnico,Occidente,2694.62,6122.35,623,4,9894.05,Risque moyen,1.4568885109198941,-0.894302357757526,Revenu moyen
1789,27,M,Primaria,Oriente,1259.92,1296.01,544,4,3593.21,Risque moyen,-1.2760902617903453,-1.417708202764128,Revenu faible
1790,74,M,Universitario,Inconnue,2417.53,4162.67,652,8,8526.92,Risque faible,0.706362714495423,0.35199824909193433,Revenu moyen
1791,72,F,Universitario,Norte,1092.56,1714.14,511,3,3215.63,Risque moyen,-1.427775908217106,-1.7606699690885732,Revenu faible
1792,66,F,Postgrado,Occidente,3101.65,5325.89,657,7,9355.24,Risque faible,1.415281602969984,0.14354341793004347,Revenu élevé
1794,29,M,Secundaria,Centro,1929.96,3103.07,611,6,5251.03,Risque moyen,-0.17414664879753988,-0.5266318569621964,Revenu moyen
1797,36,F,Secundaria,Sur,868.2,1484.52,483,8,1424.8,Risque élevé,-2.2310749236916667,-0.03540161479239813,Revenu faible
1798,25,M,Secundaria,Sur,1442.97,1526.05,452,10,3452.98,Risque élevé,-2.0816018025091276,0.7967246790912662,Revenu faible
1799,48,M,Tecnico,Occidente,1717.78,4095.58,481,12,2803.98,Risque élevé,-1.4434109125107353,1.6592923345009398,Revenu moyen
1801,34,F,Secundaria,Sur,1724.88,2104.91,487,9,4246.14,Risque élevé,-1.4914549694558632,0.5017590574435989,Revenu moyen
1802,40,F,Universitario,Norte,2104.6,5081.08,655,4,5456.88,Risque faible,0.7228597116138538,-1.1256052495735602,Revenu moyen
1803,54,F,Primaria,Occidente,1244.78,1085.86,617,5,500.0,Risque moyen,-1.2773904507877811,-1.176542119572978,Revenu faible
1806,23,M,Universitario,Centro,3249.53,5607.49,626,6,11873.99,Risque moyen,1.6752819726602008,-0.11271793628630492,Revenu élevé
1807,25,M,Tecnico,Centro,2768.76,5854.78,629,6,8108.81,Risque moyen,1.1582212533731626,-0.23066477438573477,Revenu moyen
1808,42,F,Tecnico,Centro,2785.79,5612.41,643,10,11447.07,Risque moyen,1.289034822417009,1.2563375697372445,Revenu moyen
1809,35,M,Secundaria,Centro,800.03,80.67,428,8,500.0,Risque élevé,-2.975526541033625,-0.1194315628485772,Revenu faible
1810,42,M,Tecnico,Inconnue,3364.66,7234.14,712,7,14628.48,Risque faible,2.794255953557291,0.3736775136403082,Revenu élevé
1811,29,M,Tecnico,Sur,2261.0,5408.77,631,10,7102.71,Risque moyen,0.5103480602860445,1.1017134866806935,Revenu moyen
1812,32,M,Secundaria,Oriente,2581.75,5190.19,669,4,7341.68,Risque faible,1.2209495653037918,-1.037498073890428,Revenu moyen
1814,58,F,Tecnico,Norte,2174.14,4089.28,663,9,3444.41,Risque faible,0.0697928432910827,0.5622773467972396,Revenu moyen
1815,62,F,Secundaria,Centro,1091.26,1736.72,509,7,3728.05,Risque moyen,-1.6326628365471076,-0.3167286406907854,Revenu faible
1816,43,F,Tecnico,Centro,1282.96,3091.59,473,9,2287.07,Risque élevé,-1.7502777777353318,0.4788560680587026,Revenu faible
1817,64,F,Secundaria,Centro,1153.06,641.76,566,11,5192.58,Risque moyen,-1.6031328579375201,1.0634064688795721,Revenu faible
1820,33,F,Secundaria,Occidente,681.4,1030.26,414,6,500.0,Risque élevé,-2.781224560673488,-0.7845243723148017,Revenu faible
1822,34,F,Universitario,Sur,2328.03,2784.84,589,12,9294.0,Risque moyen,-0.16484871639723397,1.739561005375001,Revenu moyen
1823,40,M,Universitario,Oriente,2119.12,3051.53,609,9,7008.12,Risque moyen,-0.1250073253104763,0.6017323651112412,Revenu moyen
1825,38,F,Tecnico,Sur,1647.65,3326.7,536,5,3399.33,Risque moyen,-0.81344983176062,-0.9062422002981733,Revenu moyen
1826,39,M,Primaria,Occidente,2005.0,3144.25,605,5,6655.29,Risque moyen,0.03721724896966765,-0.8402180175881522,Revenu moyen
1827,75,M,Universitario,Inconnue,1962.13,3775.97,584,5,5434.08,Risque moyen,-0.09572840028517558,-0.8258341594144647,Revenu moyen
1828,24,F,Secundaria,Occidente,1679.8,2978.37,569,5,4951.61,Risque moyen,-0.5203419227611596,-0.9031369095548866,Revenu moyen
1829,31,M,Secundaria,Centro,1882.61,1919.07,578,13,4116.71,Risque moyen,-1.192807628425454,1.8924077821810454,Revenu moyen
1830,32,M,Primaria,Norte,1205.81,1984.59,558,7,519.72,Risque moyen,-1.5733287892359242,-0.3860169287652529,Revenu faible
1831,70,F,Primaria,Oriente,1999.54,4178.61,593,6,2000.1,Risque moyen,-0.3568018089573769,-0.5230308276706024,Revenu moyen
1832,24,M,Primaria,Centro,1467.6,3703.07,541,7,4035.63,Risque moyen,-0.8390919664134038,-0.1743156518780548,Revenu faible
1833,26,F,Primaria,Sur,1670.86,2814.95,633,6,3451.65,Risque moyen,-0.39857513165879144,-0.6186061371220299,Revenu moyen
1835,65,M,Universitario,Centro,2274.61,4232.28,642,6,6198.81,Risque moyen,0.4886438103612171,-0.42084883317483485,Revenu moyen
1837,67,M,Secundaria,Occidente,1531.15,2237.76,556,6,2820.13,Risque moyen,-1.0970666156750777,-0.6450002528979688,Revenu moyen
1838,40,M,Universitario,Occidente,1291.19,2266.65,476,8,4793.18,Risque élevé,-1.5842683889224713,0.12954656077067206,Revenu faible
1840,35,M,Universitario,Oriente,2712.34,5204.45,618,8,10594.36,Risque moyen,1.0622945637251957,0.5025277910319914,Revenu moyen
1841,48,M,Tecnico,Occidente,1523.41,3227.51,614,5,3220.85,Risque moyen,-0.4456908396313457,-0.962976729418614,Revenu moyen
1842,47,M,Secundaria,Oriente,2126.81,4465.87,537,5,2617.25,Risque moyen,-0.4464847195526126,-0.8126596277519078,Revenu moyen
1843,69,M,Primaria,Centro,676.43,1345.41,475,10,500.0,Risque élevé,-2.607557957099424,0.6360887603006904,Revenu faible
1845,52,F,Secundaria,Centro,1308.35,1901.6,514,6,500.0,Risque moyen,-1.7465469354516507,-0.7192639940602293,Revenu faible
1847,59,M,Secundaria,Norte,998.93,934.4,526,7,1639.12,Risque moyen,-1.9555837195045491,-0.4269109402457321,Revenu faible
1850,31,F,Primaria,Occidente,1560.82,2236.72,552,10,3898.41,Risque moyen,-1.247720426308564,0.8142145614785752,Revenu moyen
1851,48,F,Universitario,Sur,2672.6,4272.45,637,7,7508.95,Risque moyen,0.7058210429447771,0.008847346028087816,Revenu moyen
1853,52,F,Universitario,Norte,2569.28,4425.51,644,5,8818.99,Risque moyen,0.9957626025998149,-0.6808026318967102,Revenu moyen
1855,62,M,Universitario,Norte,1633.18,3275.5,632,6,7826.47,Risque moyen,0.12643843113195485,-0.4961602003063306,Revenu moyen
1857,20,M,Tecnico,Norte,2203.32,4039.68,591,7,6005.45,Risque moyen,0.035664556882016175,-0.06265631100523493,Revenu moyen
1859,60,F,Secundaria,Norte,1956.24,2538.28,645,6,9307.96,Risque moyen,0.3336101225909736,-0.48046972483094863,Revenu moyen
1860,57,F,Primaria,Sur,1748.27,2876.75,540,3,6384.21,Risque moyen,-0.411910463643426,-1.5722030286247461,Revenu moyen
1863,40,M,Secundaria,Sur,3001.44,5979.18,662,7,8520.76,Risque faible,1.455652536703595,0.1507513432940968,Revenu élevé
1865,56,F,Secundaria,Oriente,3080.53,5954.13,629,9,7910.77,Risque moyen,1.1015944156053954,0.8730394333108635,Revenu élevé
1866,32,M,Tecnico,Inconnue,2034.94,1950.23,562,9,4714.36,Risque moyen,-0.9054736371977827,0.4991710735111842,Revenu moyen
1867,73,F,Postgrado,Centro,3632.03,5595.64,633,8,13085.4,Risque moyen,1.872956322281167,0.6624215153382793,Revenu élevé
1870,46,M,Tecnico,Norte,3851.78,7233.57,647,8,10975.3,Risque moyen,2.177521248021008,0.7243227447775606,Revenu élevé
1871,39,F,Secundaria,Norte,1193.08,3259.34,597,5,4698.08,Risque moyen,-0.525210743394546,-0.9515737125532786,Revenu faible
1874,35,M,Universitario,Oriente,2393.18,4843.36,629,11,6936.11,Risque moyen,0.3543511785041778,1.4362369678142788,Revenu moyen
1875,50,M,Secundaria,Oriente,2534.62,3922.06,561,6,6366.61,Risque moyen,0.07205007239524616,-0.3737988331139733,Revenu moyen
1876,33,M,Tecnico,Occidente,1710.19,1785.64,616,5,5489.75,Risque moyen,-0.4286060955640505,-0.978375903383411,Revenu moyen
1877,62,M,Tecnico,Sur,1620.31,3516.06,548,7,9160.48,Risque moyen,-0.24777574475077732,-0.05791024412444069,Revenu moyen
1878,59,M,Secundaria,Oriente,1352.15,1858.91,585,6,1353.28,Risque moyen,-1.231971537101255,-0.7302338540719239,Revenu faible
1882,52,F,Secundaria,Oriente,1712.93,3641.45,460,8,3688.96,Risque élevé,-1.3244314428061637,0.2316862080106267,Revenu moyen
1883,59,M,Secundaria,Sur,714.5,1893.41,483,9,500.0,Risque élevé,-2.365993175221018,0.31031684757017186,Revenu faible
1885,47,M,Secundaria,Inconnue,2730.28,5317.02,634,1,9159.58,Risque moyen,1.477933305737971,-2.0318480180505407,Revenu moyen
1886,72,F,Tecnico,Oriente,2304.67,2957.78,640,11,8423.08,Risque moyen,0.13522381669206535,1.3471502761143999,Revenu moyen
1887,30,M,Primaria,Oriente,1789.7,2352.51,627,7,4969.73,Risque moyen,-0.38893912269792486,-0.23950390729192278,Revenu moyen
1888,30,M,Primaria,Sur,982.32,2573.62,534,1,4000.62,Risque moyen,-0.9507878039383066,-2.4290968681755003,Revenu faible
1890,49,M,Universitario,Centro,3485.1,6168.67,611,6,11451.86,Risque moyen,1.760917910023808,-0.060522271668166976,Revenu élevé
1891,49,F,Secundaria,Centro,1569.35,1477.53,564,13,4508.36,Risque moyen,-1.4592793630649696,1.8521069179080023,Revenu moyen
1892,52,F,Secundaria,Sur,2047.17,3013.21,618,5,4357.83,Risque moyen,-0.13227238708871825,-0.901578312635935,Revenu moyen
1893,56,F,Primaria,Centro,707.64,1029.77,488,10,2504.7,Risque élevé,-2.3791574106825055,0.6602281134558221,Revenu faible
1895,69,F,Primaria,Centro,1818.58,2435.67,564,9,4483.8,Risque moyen,-0.9048080007682124,0.5005789291584546,Revenu moyen
1896,46,F,Universitario,Norte,4031.85,7524.03,687,10,12026.99,Risque faible,2.532544554783526,1.4792294487316695,Revenu élevé
1897,66,M,Tecnico,Oriente,1247.09,3419.5,483,10,4108.93,Risque élevé,-1.5124188280590343,0.8886952750579975,Revenu faible
1898,46,M,Secundaria,Sur,2222.32,4512.97,657,8,7381.31,Risque faible,0.6109503102116733,0.3255536056656335,Revenu moyen
1899,70,M,Universitario,Oriente,3223.73,5423.2,708,7,12315.02,Risque faible,2.0907266926138006,0.20476818671427263,Revenu élevé
1900,61,F,Postgrado,Centro,2395.72,4259.19,616,9,6579.4,Risque moyen,0.24350526626986393,0.6852652405412375,Revenu moyen
1902,33,F,Universitario,Norte,1705.12,2591.88,521,12,3384.16,Risque moyen,-1.4724058565134859,1.5660235152026818,Revenu moyen
1903,73,F,Universitario,Norte,2045.36,3852.64,611,11,5561.51,Risque moyen,-0.24773579607079504,1.3226811572389021,Revenu moyen
1904,61,M,Universitario,Oriente,2084.29,3466.94,558,9,5950.4,Risque moyen,-0.46016870433294327,0.6215412687049732,Revenu moyen
1906,74,F,Secundaria,Occidente,1281.47,1036.66,541,7,2226.26,Risque moyen,-1.66747476916738,-0.3875324120791645,Revenu faible
1907,27,F,Tecnico,Oriente,2016.78,3665.71,575,10,7011.33,Risque moyen,-0.2997933866914595,1.0005274645210547,Revenu moyen
1908,47,M,Universitario,Sur,3267.05,6207.71,688,8,13533.02,Risque faible,2.219885347311231,0.6484787954762976,Revenu élevé
1910,56,F,Secundaria,Centro,3021.67,4044.96,667,8,8765.91,Risque faible,1.0463464345427917,0.4014082781072658,Revenu élevé
1911,37,F,Secundaria,Norte,1499.78,3462.03,548,9,3716.08,Risque moyen,-0.9933254221701602,0.5195408434300565,Revenu faible
1912,22,F,Universitario,Oriente,7220.23,13578.22,725,3,26518.08,Risque faible,7.294425903407677,-0.05842450542614782,Revenu élevé
1913,18,F,Tecnico,Centro,1226.23,3385.18,544,7,5697.9,Risque moyen,-0.8189154359368496,-0.17952682020210645,Revenu faible
1914,47,M,Secundaria,Occidente,1783.8,2919.66,628,4,3938.85,Risque moyen,-0.18368757381412204,-1.3036445479887246,Revenu moyen
1917,62,F,Primaria,Occidente,1839.34,3261.28,567,3,3808.13,Risque moyen,-0.39797045417760535,-1.6116132242253502,Revenu moyen
1918,31,M,Tecnico,Sur,2483.76,4218.07,589,7,8004.7,Risque moyen,0.3839421490934183,0.02050651277335356,Revenu moyen
1920,47,M,Universitario,Norte,2799.01,5003.81,623,6,12916.34,Risque moyen,1.4486812965401221,-0.16574397303515975,Revenu moyen
1921,67,M,Tecnico,Oriente,2124.39,4473.18,591,4,4358.47,Risque moyen,0.1129969074814366,-1.1549819253282618,Revenu moyen
1922,21,M,Universitario,Norte,2046.75,3521.24,647,6,5213.23,Risque moyen,0.17114324716443333,-0.5083161018695609,Revenu moyen
1923,35,F,Secundaria,Oriente,1053.5,2914.79,553,8,4035.83,Risque moyen,-1.1708054662515377,0.09268809353272292,Revenu faible
1924,54,F,Postgrado,Occidente,3377.65,4106.13,613,6,11104.81,Risque moyen,1.2551883321540198,-0.1990781425869036,Revenu élevé
1925,42,M,Secundaria,Norte,1377.59,3514.13,577,6,7074.3,Risque moyen,-0.3304881114609043,-0.4989341547235781,Revenu faible
1926,65,F,Tecnico,Norte,1167.88,999.23,553,9,1775.4,Risque moyen,-1.8234601010421836,0.29901510049725954,Revenu faible
1927,18,F,Secundaria,Centro,1922.45,4118.3,585,6,7934.5,Risque moyen,0.1602887606608294,-0.3961330634524665,Revenu moyen
1928,70,F,Secundaria,Oriente,1616.2,3449.66,612,2,4164.13,Risque moyen,-0.08737489702283398,-1.9917369195086072,Revenu moyen
1931,26,F,Tecnico,Oriente,2011.92,2673.36,571,8,6397.72,Risque moyen,-0.4736301017193229,0.2153295400051215,Revenu moyen
1932,32,F,Secundaria,Norte,753.14,299.64,442,6,3330.73,Risque élevé,-2.4507952881834165,-0.7686590976571187,Revenu faible
1933,66,F,Postgrado,Sur,3685.27,6274.97,656,8,13736.49,Risque faible,2.2412784289637555,0.7112429726308249,Revenu élevé
1935,41,F,Postgrado,Norte,6962.97,12048.68,787,8,27843.66,Risque faible,7.051382495421645,1.6182830928376977,Revenu élevé
1937,29,M,Primaria,Occidente,2581.27,4942.57,656,5,8400.96,Risque faible,1.1380265931079685,-0.6645352275673128,Revenu moyen
1938,75,M,Secundaria,Occidente,2223.13,3937.41,671,9,8489.64,Risque faible,0.6229792873199442,0.6685840314693726,Revenu moyen
1939,54,M,Universitario,Sur,3040.86,4543.02,585,9,11481.2,Risque moyen,0.8936183338233675,0.88796399890671,Revenu élevé
1940,54,F,Tecnico,Occidente,3046.57,4801.76,634,6,9233.49,Risque moyen,1.1958981694265485,-0.24205931244796644,Revenu élevé
1943,56,M,Secundaria,Norte,1447.59,1795.62,516,7,4302.12,Risque moyen,-1.3713584121665723,-0.26952512220461217,Revenu faible
1944,73,F,Tecnico,Sur,1501.51,1461.11,520,6,5399.01,Risque moyen,-1.221123378128806,-0.6183526137773682,Revenu moyen
1948,30,F,Universitario,Norte,1521.09,3767.35,547,15,3990.94,Risque moyen,-1.2723440639943673,2.69134495968459,Revenu moyen
1949,51,M,Secundaria,Centro,941.09,1115.55,470,10,518.47,Risque élevé,-2.5733318514643164,0.6506572940365968,Revenu faible
1950,42,F,Secundaria,Norte,3371.02,5144.29,654,7,12003.25,Risque faible,1.7433664613986801,0.21989645503544317,Revenu élevé
1953,21,F,Secundaria,Centro,747.1,1497.11,495,7,4087.89,Risque élevé,-1.872508640896077,-0.34898748670982066,Revenu faible
1954,25,F,Universitario,Centro,2832.74,4851.49,648,4,10720.67,Risque moyen,1.4771935298219858,-0.9473793946969334,Revenu moyen
1956,46,F,Secundaria,Norte,1876.32,3342.47,609,6,5998.5,Risque moyen,-0.08085323919109974,-0.5000700521881044,Revenu moyen
1958,70,F,Primaria,Sur,1393.52,2485.3,524,8,3412.68,Risque moyen,-1.3544988708110821,0.09916591431526245,Revenu faible
1959,68,M,Primaria,Centro,2796.29,4639.44,724,7,9440.42,Risque faible,1.5453552166777627,0.04641182767952563,Revenu moyen
1961,63,M,Secundaria,Sur,2655.39,5116.96,641,5,8655.22,Risque moyen,1.1437504103315532,-0.6348619540394301,Revenu moyen
1963,60,M,Tecnico,Centro,1111.32,1492.7,518,8,3422.98,Risque moyen,-1.716842745863747,0.01765866082678669,Revenu faible
1964,51,F,Tecnico,Centro,4461.26,7630.11,789,4,20336.73,Risque faible,4.5622533074011145,-0.47717920627724153,Revenu élevé
1965,74,F,Secundaria,Norte,4147.12,6494.19,661,7,13710.05,Risque faible,2.5696756552575635,0.4075561106155239,Revenu élevé
1967,58,M,Universitario,Centro,2652.58,5131.87,682,12,11392.36,Risque faible,1.2304981174876704,1.912128847767962,Revenu moyen
1968,66,F,Universitario,Norte,4393.81,8011.57,670,8,16725.73,Risque faible,3.294148405416801,0.9407184367349649,Revenu élevé
1969,75,M,Universitario,Inconnue,2353.82,3777.25,591,9,5496.84,Risque moyen,-0.1343136395946181,0.640114997797615,Revenu moyen
1970,20,F,Secundaria,Sur,2218.22,4487.53,539,9,9181.56,Risque moyen,0.031835153378414006,0.7750613284184186,Revenu moyen
1971,73,M,Tecnico,Occidente,1325.26,2596.35,504,8,2127.99,Risque moyen,-1.6089975242911616,0.07906049217272025,Revenu faible
1972,23,F,Tecnico,Sur,3955.64,6204.11,705,6,13060.27,Risque faible,2.682984985514926,-0.019571693326197372,Revenu élevé
1973,22,M,Tecnico,Sur,2037.6,3046.73,582,4,10238.88,Risque moyen,0.32514209978914616,-1.1089767584483292,Revenu moyen
1974,22,F,Secundaria,Centro,2021.32,2509.02,611,6,4693.39,Risque moyen,-0.31912803739942064,-0.5649670200912243,Revenu moyen
1976,64,M,Primaria,Centro,1811.04,2724.84,582,8,4244.1,Risque moyen,-0.7028856958259997,0.14553564192607385,Revenu moyen
1977,40,M,Universitario,Sur,2338.25,4025.71,574,10,4130.12,Risque moyen,-0.3909634217582585,0.9873614310347016,Revenu moyen
1978,66,M,Tecnico,Oriente,4091.64,8912.38,714,3,15995.95,Risque faible,3.8553445506378683,-0.8600031668721047,Revenu élevé
1980,52,F,Secundaria,Centro,1421.32,1041.04,595,8,3447.19,Risque moyen,-1.2276194678857761,-0.013088140321125945,Revenu faible
1981,37,M,Tecnico,Centro,906.75,2828.43,394,5,3178.41,Risque élevé,-2.08643511339492,-0.9468254173743632,Revenu faible
1982,75,M,Secundaria,Sur,1588.28,3280.48,518,2,2653.99,Risque moyen,-0.8429674590993119,-1.9960312458277727,Revenu moyen
1983,66,F,Secundaria,Inconnue,1238.76,3010.58,516,4,2696.41,Risque moyen,-1.1784197786657065,-1.3279964921704044,Revenu faible
1985,52,F,Primaria,Sur,917.4,2202.14,415,10,1155.75,Risque élevé,-2.6111863397834423,0.7505517450026348,Revenu faible
1986,67,M,Secundaria,Centro,1872.26,3269.22,592,2,4042.94,Risque moyen,-0.14886028286701802,-1.9715284399246686,Revenu moyen
1988,34,F,Primaria,Centro,2246.29,4857.29,582,4,5033.59,Risque moyen,0.26160038663661467,-1.1017841627688463,Revenu moyen
1991,49,F,Universitario,Occidente,2444.76,4474.43,646,6,8327.65,Risque moyen,0.853007211605606,-0.34427333179166536,Revenu moyen
1992,52,F,Secundaria,Occidente,1924.43,2697.17,551,10,9277.87,Risque moyen,-0.4521333267763325,0.9976123315642994,Revenu moyen
1994,30,F,Postgrado,Centro,3980.46,7436.3,668,10,12849.87,Risque faible,2.4651746516843565,1.4963976783684831,Revenu élevé
1995,73,M,Universitario,Centro,1180.75,850.96,520,12,3013.46,Risque moyen,-2.104066927510728,1.4071897591706892,Revenu faible
1996,64,M,Universitario,Norte,4999.82,9366.96,695,7,19111.64,Risque faible,4.288738992785273,0.7621647081827684,Revenu élevé
1998,26,F,Secundaria,Norte,2330.55,4649.03,650,3,7922.54,Risque faible,1.0117600793931822,-1.4286997899514453,Revenu moyen
2001,54,M,Secundaria,Norte,906.36,1882.91,489,9,500.0,Risque élevé,-2.2528422074287544,0.3252945713402663,Revenu faible
2002,51,M,Secundaria,Sur,1338.31,1696.36,506,8,3473.61,Risque moyen,-1.644366102656906,0.057646350011853593,Revenu faible
2004,58,F,Postgrado,Oriente,4496.54,7331.54,649,6,11414.92,Risque moyen,2.649238038092095,0.08535756474613856,Revenu élevé
2006,20,M,Secundaria,Norte,1224.57,2373.3,528,9,5372.51,Risque moyen,-1.2865352433448778,0.4766375236161146,Revenu faible
2008,46,F,Primaria,Oriente,1720.08,2562.11,548,6,6204.94,Risque moyen,-0.649140925151408,-0.5280782996289071,Revenu moyen
2009,26,M,Tecnico,Norte,1153.0,1824.74,547,6,2630.21,Risque moyen,-1.4148503049345695,-0.7052290284749091,Revenu faible
2010,20,F,Primaria,Sur,868.19,2622.39,434,8,500.0,Risque élevé,-2.373211190368918,0.03171284938168985,Revenu faible
2011,42,F,Secundaria,Centro,2853.25,4963.47,638,5,11485.92,Risque moyen,1.4666985504739902,-0.5595657494025251,Revenu moyen
2012,51,M,Tecnico,Occidente,2378.11,5821.36,711,7,8163.43,Risque faible,1.4137031564255536,0.052057658803943405,Revenu moyen
2014,59,F,Secundaria,Sur,1543.79,3156.2,538,9,7129.5,Risque moyen,-0.7482418842760703,0.5876639734465153,Revenu moyen
2016,32,M,Secundaria,Occidente,1243.14,1501.47,496,10,2312.17,Risque élevé,-2.028409549264742,0.7306616386764333,Revenu faible
2019,22,F,Secundaria,Sur,3537.56,7237.15,646,3,10035.71,Risque moyen,2.257261912886181,-1.114049437389161,Revenu élevé
2020,28,F,Secundaria,Centro,1431.93,1423.89,571,8,2869.13,Risque moyen,-1.3426165590647787,0.007853723362911649,Revenu faible
2023,32,F,Primaria,Oriente,2523.59,4881.48,644,5,6448.23,Risque moyen,0.8299717081183677,-0.7123126935639661,Revenu moyen
2024,55,M,Universitario,Sur,1831.43,2597.71,603,3,3738.37,Risque moyen,-0.33721416910178154,-1.668616162501033,Revenu moyen
2025,25,F,Tecnico,Sur,1439.12,2972.0,486,8,2609.01,Risque élevé,-1.5384201999111613,0.13066498173500002,Revenu faible
2026,22,F,Tecnico,Sur,2469.3,3915.75,600,11,5022.13,Risque moyen,-0.17751926111718536,1.359506418709178,Revenu moyen
2027,65,M,Tecnico,Sur,2136.63,4922.76,558,14,4993.28,Risque moyen,-0.5405364460272464,2.4771336199669363,Revenu moyen
2028,43,F,Universitario,Centro,3081.24,5626.67,581,9,12014.53,Risque moyen,1.171291471170187,0.9684898637489536,Revenu élevé
2029,35,M,Postgrado,Centro,4421.37,7622.92,682,6,16233.28,Risque faible,3.3683391370470597,0.18914530347835334,Revenu élevé
2031,54,M,Primaria,Norte,1828.9,3602.31,620,8,5554.09,Risque moyen,-0.15145604107062927,0.2106136359655625,Revenu moyen
2035,22,F,Tecnico,Centro,2562.96,4839.34,587,7,7421.45,Risque moyen,0.47700361031129135,0.05178807938286533,Revenu moyen
2036,30,M,Universitario,Occidente,2926.77,5781.09,580,9,9925.48,Risque moyen,0.9192372410540177,0.9159479216080287,Revenu moyen
2038,67,F,Primaria,Sur,1390.16,2133.82,542,8,5968.52,Risque moyen,-1.0621307577801984,0.12813996759981797,Revenu faible
2039,57,F,Tecnico,Norte,716.65,1778.76,442,7,511.21,Risque élevé,-2.504501620696602,-0.39255372912764797,Revenu faible
2040,62,M,Primaria,Sur,1558.97,2721.41,533,7,2783.68,Risque moyen,-1.1845362669164936,-0.24721369708016275,Revenu moyen
2041,49,M,Primaria,Occidente,1342.48,915.19,499,5,3192.4,Risque élevé,-1.690731954681933,-1.0631528270092772,Revenu faible
2045,20,F,Postgrado,Inconnue,2934.65,4757.01,562,8,10305.03,Risque moyen,0.7010692628036097,0.5164439884201508,Revenu moyen
2046,73,F,Tecnico,Norte,596.7,2332.15,507,7,1338.51,Risque moyen,-1.9699335676230405,-0.3824620744061677,Revenu faible
2049,57,F,Universitario,Centro,1482.39,1101.4,584,4,3908.96,Risque moyen,-0.9567125935353444,-1.4186524188356984,Revenu faible
2051,30,M,Tecnico,Sur,1299.56,1946.74,547,5,2656.79,Risque moyen,-1.2626160170790102,-1.0411546646653234,Revenu faible
2052,62,M,Universitario,Occidente,2859.4,5682.01,649,8,9092.92,Risque moyen,1.253152142427699,0.49633810601759504,Revenu moyen
2056,36,M,Universitario,Oriente,2067.55,2235.23,559,8,5668.95,Risque moyen,-0.6886576225604009,0.18416079177316105,Revenu moyen
2057,33,F,Secundaria,Sur,1926.73,3189.61,587,3,6250.32,Risque moyen,-0.008336433890350157,-1.5612374007565946,Revenu moyen
2058,57,M,Universitario,Occidente,5407.65,11312.73,724,1,20406.48,Risque faible,5.54970789468767,-1.2153575455161962,Revenu élevé
2059,45,F,Secundaria,Sur,1158.29,3159.73,527,9,1210.78,Risque moyen,-1.5806094975065554,0.42228940083413913,Revenu faible
2060,50,F,Tecnico,Centro,2495.12,4091.97,679,2,8784.27,Risque faible,1.2839796828396792,-1.7964505112980071,Revenu moyen
2061,65,F,Universitario,Oriente,1856.31,3507.2,598,10,7172.86,Risque moyen,-0.24844159961886075,0.969342053940354,Revenu moyen
2063,30,M,Secundaria,Norte,2005.53,2034.64,595,3,5605.19,Risque moyen,-0.2393217092304774,-1.638865772969745,Revenu moyen
2066,42,M,Universitario,Centro,1263.49,1332.85,596,10,2602.15,Risque moyen,-1.4374879615623628,0.6843704341380291,Revenu faible
2067,70,M,Primaria,Sur,907.66,2490.48,510,8,5973.51,Risque moyen,-1.3757017274751575,0.11734306435072633,Revenu faible
2068,59,F,Tecnico,Centro,1018.89,2725.44,507,5,1226.42,Risque moyen,-1.5969264071539044,-1.0370917768571624,Revenu faible
2069,53,M,Primaria,Centro,1227.38,1848.47,515,8,1732.91,Risque moyen,-1.784144061675327,0.01249354932097988,Revenu faible
2071,55,F,Secundaria,Centro,880.12,2625.76,417,5,1572.9,Risque élevé,-2.1699539214309147,-1.0077560952322555,Revenu faible
2072,24,F,Universitario,Centro,2774.34,5284.23,635,7,7319.98,Risque moyen,0.9315041231069151,0.07382821244201343,Revenu moyen
2073,22,F,Secundaria,Norte,1293.1,3494.89,560,6,2790.96,Risque moyen,-0.9095009477927276,-0.5972714098647883,Revenu faible
2075,62,F,Tecnico,Occidente,1548.45,2321.8,543,8,6825.47,Risque moyen,-0.8623954088469069,0.17304524102452623,Revenu moyen
2077,74,M,Secundaria,Sur,2436.24,5380.19,629,5,7683.53,Risque moyen,0.9377219105184712,-0.6570530035878726,Revenu moyen
2078,68,F,Universitario,Sur,2899.49,5219.8,670,9,9504.6,Risque faible,1.2752747560139464,0.8307858229481416,Revenu moyen
2079,48,F,Secundaria,Occidente,1493.68,2098.25,592,6,4847.4,Risque moyen,-0.7223621208376085,-0.6270387125192862,Revenu faible
2080,40,M,Primaria,Oriente,1208.48,2086.36,445,7,3243.24,Risque élevé,-1.9359895604911654,-0.2674385880289416,Revenu faible
2082,27,F,Universitario,Centro,2434.45,4129.6,641,7,8086.96,Risque moyen,0.6590247760270943,-0.01086819234471372,Revenu moyen
2084,60,F,Secundaria,Oriente,1473.54,2745.53,546,8,3785.67,Risque moyen,-1.0982318379048825,0.12040780096051838,Revenu faible
2085,70,F,Tecnico,Centro,4083.38,7108.36,721,5,16323.12,Risque faible,3.4194337274379194,-0.24599170384685085,Revenu élevé
2086,47,M,Universitario,Centro,1990.61,4526.31,587,8,7770.07,Risque moyen,0.14510077252096418,0.3445363698973129,Revenu moyen
2087,56,F,Secundaria,Sur,2554.67,5749.39,629,9,9580.76,Risque moyen,1.0101558423978263,0.8487965653484977,Revenu moyen
2088,48,M,Universitario,Centro,3286.54,6850.6,611,4,10839.87,Risque moyen,1.8847064932842157,-0.7688851895817903,Revenu élevé
2093,30,M,Postgrado,Occidente,4617.82,8044.22,739,7,18637.17,Risque faible,4.059229849280155,0.6185433191455731,Revenu élevé
2095,29,M,Secundaria,Oriente,2000.82,4365.8,585,4,4301.54,Risque moyen,-0.002474408016646684,-1.1715711931133987,Revenu moyen
2096,56,F,Primaria,Sur,1372.6,2050.57,599,4,5284.88,Risque moyen,-0.5719281456023249,-1.3497420837911813,Revenu faible
2098,49,F,Tecnico,Sur,775.6,2436.06,369,9,754.75,Risque élevé,-2.8701318986679807,0.4046691686835057,Revenu faible
2099,30,F,Secundaria,Occidente,2677.51,5269.55,661,11,7826.75,Risque faible,0.8430232837129088,1.4937735034850579,Revenu moyen
2102,66,F,Secundaria,Centro,2362.93,4829.1,620,3,8070.07,Risque moyen,0.9020534282499512,-1.3983366376174775,Revenu moyen
2110,52,M,Secundaria,Centro,1544.47,1855.88,501,11,3622.51,Risque moyen,-1.7261288425720318,1.1648652982689018,Revenu moyen
2112,23,F,Primaria,Norte,1846.7,4193.34,601,6,4193.28,Risque moyen,-0.1452856917076344,-0.49077101941868606,Revenu moyen
2113,36,M,Universitario,Oriente,9208.58,15629.86,790,4,37021.29,Risque faible,9.957009772944422,0.8157575791749787,Revenu élevé
2115,24,F,Primaria,Norte,1997.05,2804.87,632,3,8602.19,Risque moyen,0.445664863468997,-1.5439320396284404,Revenu moyen
2116,27,F,Universitario,Norte,2722.14,5769.92,561,7,5280.85,Risque moyen,0.3679213615910182,0.08422437900842761,Revenu moyen
2118,49,F,Universitario,Centro,1652.13,1802.97,558,7,5698.17,Risque moyen,-0.8940191972783472,-0.236951452399155,Revenu moyen
2121,32,F,Tecnico,Occidente,1157.13,2592.07,493,5,2903.74,Risque élevé,-1.4777049629924786,-0.9874316654487891,Revenu faible
2122,47,M,Postgrado,Oriente,4091.76,6386.63,642,8,12861.0,Risque moyen,2.262348955089021,0.7429724203162299,Revenu élevé
2124,46,F,Secundaria,Centro,1890.47,3237.44,604,4,7069.31,Risque moyen,0.10826525103775249,-1.1934917126755378,Revenu moyen
2127,37,F,Universitario,Centro,990.85,2497.46,505,9,3485.73,Risque moyen,-1.6867613530524692,0.42926205187044414,Revenu faible
2131,21,F,Universitario,Occidente,1353.65,797.5,460,12,2542.55,Risque élevé,-2.4446062211616666,1.4369322261626767,Revenu faible
2135,39,M,Universitario,Centro,2220.16,2759.91,590,5,6091.41,Risque moyen,-0.10056061738484172,-0.8479854474788018,Revenu moyen
2136,34,F,Tecnico,Sur,1355.51,3008.94,527,6,2973.98,Risque moyen,-1.161806795462803,-0.6005038960044226,Revenu faible
2137,27,M,Tecnico,Sur,2272.94,4708.16,590,4,6930.19,Risque moyen,0.4828644538483072,-1.0686195123295223,Revenu moyen
2138,71,M,Universitario,Centro,2055.41,4318.69,593,4,5898.98,Risque moyen,0.22136119912451477,-1.1365913636505534,Revenu moyen
2139,18,F,Tecnico,Sur,1512.81,2149.4,568,4,4164.32,Risque moyen,-0.7898885411786303,-1.3420245728442186,Revenu moyen
2140,39,F,Universitario,Centro,1670.46,1847.61,556,9,5201.18,Risque moyen,-1.0646682294654013,0.4721864356295635,Revenu moyen
2141,43,M,Secundaria,Sur,1992.53,3195.52,599,6,4518.56,Risque moyen,-0.2742328925885893,-0.5264640147778991,Revenu moyen
2142,73,F,Tecnico,Sur,2195.02,4894.29,644,2,6726.61,Risque moyen,0.9115989127696201,-1.8093000516399609,Revenu moyen
2143,35,F,Universitario,Centro,3799.63,6064.69,647,7,12854.32,Risque moyen,2.163436605352771,0.3364948664085573,Revenu élevé
2145,31,M,Secundaria,Centro,849.15,679.87,477,7,2569.36,Risque élevé,-2.2648581713216793,-0.4128605635244201,Revenu faible
2147,46,M,Secundaria,Centro,2494.44,4821.94,534,3,7809.28,Risque moyen,0.42263531244675406,-1.3534029067894984,Revenu moyen
2150,52,F,Universitario,Centro,4640.76,9162.97,764,7,16729.54,Risque faible,4.257152666445354,0.6312133207855709,Revenu élevé
2151,69,M,Postgrado,Sur,4414.3,8867.99,727,5,17566.32,Risque faible,4.093297678894818,-0.08704044136054176,Revenu élevé
2152,29,M,Postgrado,Occidente,5231.94,9188.91,664,6,14482.06,Risque faible,3.7527876173960197,0.32570519278874527,Revenu élevé
2155,28,F,Secundaria,Norte,759.69,1667.53,463,9,2072.56,Risque élevé,-2.3512641418408893,0.3460775855369256,Revenu faible
2160,49,F,Universitario,Sur,3124.83,5996.71,664,6,8081.48,Risque faible,1.5400321361044536,-0.20486955146685196,Revenu élevé
2161,68,M,Tecnico,Norte,1091.33,216.36,566,7,5641.79,Risque moyen,-1.422969826145086,-0.3872579187799446,Revenu faible
2162,28,M,Postgrado,Centro,1763.05,1502.95,575,7,6211.21,Risque moyen,-0.7586123494986357,-0.23982691230264433,Revenu moyen
2165,43,M,Secundaria,Norte,1606.63,3273.81,549,9,7234.63,Risque moyen,-0.6215814292633516,0.5978968366357164,Revenu moyen
2166,51,F,Primaria,Sur,1391.53,1464.52,526,6,3795.27,Risque moyen,-1.3956069756987497,-0.6675891402142689,Revenu faible
2167,63,M,Secundaria,Sur,1413.28,2088.74,553,4,4362.11,Risque moyen,-0.9122379612627645,-1.343805416793279,Revenu faible
2170,21,F,Postgrado,Centro,2336.67,3845.93,627,10,9120.91,Risque moyen,0.3943932445687419,1.0657448537351362,Revenu moyen
2176,32,M,Secundaria,Occidente,1502.26,4303.25,546,8,3975.53,Risque moyen,-0.7366926749982439,0.2177408469435542,Revenu moyen
2177,72,M,Postgrado,Sur,1673.54,3138.56,576,8,4798.75,Risque moyen,-0.6509813563481267,0.17165194922899454,Revenu moyen
2178,46,M,Secundaria,Sur,1599.58,3433.69,647,4,3064.49,Risque moyen,-0.12960401676327205,-1.3197200601755095,Revenu moyen
2180,28,F,Secundaria,Oriente,1043.67,1995.97,538,6,865.42,Risque moyen,-1.6582926405000327,-0.7415635729966037,Revenu faible
2184,64,M,Universitario,Sur,3538.15,6136.47,680,9,11543.91,Risque faible,2.0042076770913355,0.9863960091858424,Revenu élevé
2185,31,F,Secundaria,Norte,3299.5,5050.86,662,11,12097.65,Risque faible,1.500525299642692,1.636469527176144,Revenu élevé
2186,37,M,Primaria,Occidente,352.07,227.52,379,7,500.0,Risque élevé,-3.357188990204646,-0.4891287523059666,Revenu faible
2187,39,M,Primaria,Inconnue,1075.31,3625.89,571,4,3641.77,Risque moyen,-0.6956076117210753,-1.311291740602603,Revenu faible
2188,28,M,Universitario,Oriente,1311.14,2377.9,573,3,3987.71,Risque moyen,-0.7518567131058671,-1.711811001680588,Revenu faible
2190,20,F,Primaria,Oriente,1376.95,3987.04,576,4,4334.18,Risque moyen,-0.39270540832396206,-1.2482038004420435,Revenu faible
2191,34,F,Secundaria,Centro,4325.27,5794.31,738,10,16901.34,Risque faible,3.0888821934553627,1.4941458621700507,Revenu élevé
2192,61,M,Secundaria,Sur,1346.98,4147.78,515,9,4882.9,Risque moyen,-0.9861983713528245,0.5859592039493512,Revenu faible
2197,64,M,Secundaria,Centro,1133.97,2661.59,490,9,609.74,Risque élevé,-1.9757074603286324,0.3941611478469533,Revenu faible
2198,33,F,Primaria,Centro,952.63,2062.33,526,11,3045.38,Risque moyen,-1.8415257605740607,1.096124626567104,Revenu faible
2199,54,M,Universitario,Centro,4661.05,7631.85,688,10,16637.61,Risque faible,3.2971091835085384,1.6492201244391216,Revenu élevé
2200,37,M,Secundaria,Centro,1271.8,2476.95,485,7,3246.3,Risque élevé,-1.59112947388195,-0.25669498214901704,Revenu faible
2201,23,F,Secundaria,Oriente,1854.72,2822.88,633,7,7034.5,Risque moyen,-0.014902205801623793,-0.16206691538488166,Revenu moyen
2202,36,F,Secundaria,Occidente,1693.13,2828.91,607,10,4498.32,Risque moyen,-0.6818300345684815,0.8499606895288825,Revenu moyen
2203,74,M,Tecnico,Oriente,2939.32,4501.78,625,10,6797.38,Risque moyen,0.5346175935500611,1.1095862447437015,Revenu moyen
2205,20,F,Universitario,Oriente,2680.89,3142.43,615,3,8338.76,Risque moyen,0.6755233820342419,-1.4574859473657193,Revenu moyen
2206,18,M,Tecnico,Sur,1902.76,4627.62,602,10,3672.23,Risque moyen,-0.3274233109200693,0.9577937526397696,Revenu moyen
2207,75,F,Universitario,Oriente,2445.59,3727.08,672,4,8801.66,Risque faible,1.0216110643227527,-1.1036443607945101,Revenu moyen
2208,55,M,Tecnico,Centro,2998.52,6494.79,604,9,9054.46,Risque moyen,1.1522197169212827,0.9336703080724253,Revenu moyen
2209,32,F,Secundaria,Norte,1393.53,2144.6,472,4,2785.26,Risque élevé,-1.5470930809019816,-1.3416342760927535,Revenu faible
2210,51,F,Primaria,Sur,1815.06,2791.3,571,7,4931.66,Risque moyen,-0.6187878874221162,-0.18730397914173505,Revenu moyen
2211,52,M,Universitario,Centro,2643.79,3089.24,587,7,6362.77,Risque moyen,0.031244592382243138,-0.06589468098212839,Revenu moyen
2212,66,M,Postgrado,Occidente,3865.78,8482.76,672,8,12318.33,Risque faible,2.7330038438014954,0.817180325632674,Revenu élevé
2213,42,M,Universitario,Inconnue,2768.85,5823.45,609,5,7280.54,Risque moyen,1.0114159954536097,-0.5997609078486997,Revenu moyen
2215,29,F,Secundaria,Oriente,2956.36,6057.46,706,6,9462.69,Risque faible,1.8714884736579487,-0.20508890278449193,Revenu moyen
2216,35,M,Tecnico,Centro,2882.28,6044.7,642,2,11167.85,Risque moyen,1.8862720454024038,-1.5758128188248546,Revenu moyen
2217,32,M,Postgrado,Norte,3151.55,5835.79,682,9,10233.37,Risque faible,1.6564025598107268,0.9015927897855608,Revenu élevé
2218,61,F,Universitario,Centro,2690.92,4982.51,547,6,7200.37,Risque moyen,0.3651833896429289,-0.2722771097663666,Revenu moyen
2219,33,F,Secundaria,Centro,1830.67,3285.07,545,5,3899.22,Risque moyen,-0.6416231930989496,-0.8839625324348181,Revenu moyen
2221,25,F,Secundaria,Centro,2997.44,5073.88,679,5,11051.94,Risque faible,1.746967705539515,-0.5676855732527207,Revenu moyen
2222,63,F,Secundaria,Norte,2350.86,3458.21,686,7,7548.18,Risque faible,0.6913538642050341,-0.09019052146258022,Revenu moyen
2223,42,F,Secundaria,Norte,1387.71,3324.9,492,5,5281.41,Risque élevé,-0.9880304835417902,-0.8687755802089349,Revenu faible
2224,34,F,Tecnico,Oriente,1227.12,3536.46,527,6,4225.32,Risque moyen,-0.9751745589304892,-0.5538747257601986,Revenu faible
2227,25,M,Universitario,Centro,1491.67,2328.41,513,10,5564.37,Risque moyen,-1.3156289875200466,0.868150351368036,Revenu faible
2228,32,F,Universitario,Norte,3456.44,6505.25,679,6,15069.76,Risque faible,2.5917282470399607,0.007430095275338135,Revenu élevé
2229,44,F,Universitario,Occidente,4770.63,9034.26,636,6,13822.88,Risque moyen,3.295083174102677,0.27047308696094535,Revenu élevé
2230,63,F,Tecnico,Sur,1881.84,3503.46,506,5,4226.4,Risque moyen,-0.7698841788583256,-0.8414752020930248,Revenu moyen
2231,67,F,Universitario,Oriente,5100.08,8604.33,590,3,13783.95,Risque moyen,3.2542906868507018,-0.7759295971402379,Revenu élevé
2233,24,F,Postgrado,Oriente,1890.97,3504.45,631,4,5175.65,Risque moyen,0.12954927774764252,-1.2329220030570394,Revenu moyen
2234,20,F,Secundaria,Occidente,1736.61,3494.79,564,10,6102.15,Risque moyen,-0.6109804564793249,0.948314682716084,Revenu moyen
2235,46,F,Universitario,Centro,1090.88,279.6,549,7,2637.34,Risque moyen,-1.8181652107122137,-0.44389541920736353,Revenu faible
2239,75,M,Tecnico,Centro,2602.38,3286.73,600,7,6480.17,Risque moyen,0.14434968313668417,-0.06159041795365382,Revenu moyen
2240,20,F,Secundaria,Sur,1101.94,2888.68,517,15,2477.32,Risque moyen,-1.9653345329421772,2.579744951573021,Revenu faible
2242,63,F,Universitario,Occidente,1652.14,3134.49,606,8,3845.97,Risque moyen,-0.582051466467201,0.13433655882995696,Revenu moyen
2243,32,F,Secundaria,Sur,562.04,1333.34,404,6,1604.48,Risque élevé,-2.7122935554626926,-0.7488643163681254,Revenu faible
2244,42,F,Tecnico,Occidente,1777.97,3407.34,549,11,7548.17,Risque moyen,-0.6145755697600092,1.3441929198006248,Revenu moyen
2245,47,M,Secundaria,Inconnue,2801.91,2661.78,653,2,9401.19,Risque faible,1.0193135736355396,-1.8244722948363565,Revenu moyen
2246,31,F,Tecnico,Sur,1745.58,2816.73,591,9,3971.32,Risque moyen,-0.7482668243541133,0.49197487398598627,Revenu moyen
2247,24,F,Tecnico,Sur,1330.38,2280.13,497,7,1251.5,Risque élevé,-1.7425271025170237,-0.3130131364570397,Revenu faible
2248,34,M,Secundaria,Sur,703.52,1395.54,524,7,782.25,Risque moyen,-2.0808793000642924,-0.4468030988214807,Revenu faible
2249,61,F,Postgrado,Centro,2649.14,4789.58,631,9,8782.33,Risque moyen,0.7760243484757521,0.7832110029217786,Revenu moyen
2250,37,M,Tecnico,Centro,1066.73,1575.99,549,10,4428.77,Risque moyen,-1.5571445543027804,0.7421553632394361,Revenu faible
2251,53,M,Universitario,Norte,2738.09,5633.39,622,6,6261.68,Risque moyen,0.8677315227238328,-0.2850242304127264,Revenu moyen
2252,26,M,Universitario,Centro,2696.27,4625.41,713,5,7870.97,Risque faible,1.3998039101240973,-0.7095961979480773,Revenu moyen
2253,55,F,Universitario,Occidente,1607.12,3040.6,578,11,5024.46,Risque moyen,-0.8519905900254143,1.2365489362898847,Revenu moyen
2254,65,M,Primaria,Centro,1083.89,3227.53,440,10,500.0,Risque élevé,-2.2446408497638273,0.7997893539506392,Revenu faible
2255,74,F,Secundaria,Oriente,3059.17,4355.76,622,14,10337.32,Risque moyen,0.6494321841492837,2.624184950760677,Revenu élevé
2256,39,M,Secundaria,Norte,1231.87,403.94,541,8,5372.54,Risque moyen,-1.5617931916918655,-0.00025325269620141036,Revenu faible
2257,71,M,Universitario,Centro,2072.34,4004.5,664,8,6532.32,Risque faible,0.39466295966466475,0.25944007615267417,Revenu moyen
2258,70,F,Secundaria,Norte,1722.6,3570.36,584,11,6110.35,Risque moyen,-0.5447836871292872,1.3001118746357954,Revenu moyen
2259,70,F,Postgrado,Centro,1847.63,5067.63,538,9,3693.55,Risque moyen,-0.5690923435676551,0.6497674910827798,Revenu moyen
2261,41,M,Primaria,Sur,995.14,1650.35,511,5,2992.19,Risque moyen,-1.6298627100412524,-1.0635675247571958,Revenu faible
2262,25,M,Primaria,Sur,689.19,819.55,480,5,1389.53,Risque élevé,-2.2804894312726165,-1.1631653649168994,Revenu faible
2263,28,F,Tecnico,Oriente,2230.55,4883.01,658,5,8177.97,Risque faible,0.9679143609367664,-0.7073574195050985,Revenu moyen
2264,30,F,Universitario,Sur,1882.73,3796.18,628,8,8083.42,Risque moyen,0.21877404948987064,0.280555517282872,Revenu moyen
2265,34,M,Secundaria,Occidente,996.13,2449.6,492,9,1642.98,Risque élevé,-1.960332210484757,0.3911886465607476,Revenu faible
2267,38,F,Primaria,Norte,1912.44,4128.14,620,9,4807.15,Risque moyen,-0.1443286751324479,0.5897441005083082,Revenu moyen
2273,48,M,Primaria,Sur,674.64,2425.12,470,8,500.0,Risque élevé,-2.2839665864897123,-0.014375120925170444,Revenu faible
2275,49,F,Tecnico,Centro,4348.31,6499.18,661,9,17136.02,Risque faible,2.8813667758047217,1.2195989086583898,Revenu élevé
2276,28,M,Universitario,Norte,4063.99,8737.16,638,6,13218.75,Risque moyen,2.886975710843676,0.17134061297458617,Revenu élevé
2277,62,M,Universitario,Oriente,1727.54,3478.63,488,8,7314.5,Risque élevé,-0.8159536757100151,0.29298848425094576,Revenu moyen
2278,42,F,Universitario,Centro,2555.62,4527.87,659,5,9304.99,Risque faible,1.1498934141946477,-0.6719366409527288,Revenu moyen
2279,50,M,Postgrado,Occidente,2062.7,3578.71,584,2,10062.07,Risque moyen,0.5669368993645466,-1.795777923920633,Revenu moyen
2280,55,M,Secundaria,Norte,3109.36,3752.95,745,5,11275.55,Risque faible,1.9250765371401348,-0.658247163206973,Revenu élevé
2282,25,F,Primaria,Oriente,1861.71,2675.27,587,8,8044.77,Risque moyen,-0.272716791598019,0.2311512907731844,Revenu moyen
2283,28,F,Secundaria,Sur,1024.45,2343.93,550,14,839.42,Risque moyen,-2.024559070352458,2.1313340411016752,Revenu faible
2286,41,F,Secundaria,Norte,676.77,0.0,403,10,2291.85,Risque élevé,-3.1322207360366385,0.6310355327611855,Revenu faible
2287,58,F,Secundaria,Norte,1432.1,4384.79,551,8,2880.22,Risque moyen,-0.8317005668980971,0.18877173371517392,Revenu faible
2288,34,F,Tecnico,Centro,1301.44,3336.89,544,8,2971.65,Risque moyen,-1.1400738461919142,0.12078656295373849,Revenu faible
2289,29,F,Tecnico,Centro,2758.76,5308.84,608,7,8811.6,Risque moyen,0.924451999484156,0.11963922958613708,Revenu moyen
2292,49,F,Primaria,Occidente,895.57,1682.95,516,5,500.0,Risque moyen,-1.8908922360778573,-1.129752023686585,Revenu faible
2293,32,M,Universitario,Occidente,1608.99,2737.36,515,5,4619.35,Risque moyen,-0.9527980240460904,-0.907062763289632,Revenu moyen
2294,33,M,Postgrado,Oriente,3244.82,6438.46,684,8,11861.55,Risque faible,2.0644038006103798,0.6237555229973571,Revenu élevé
2296,39,M,Secundaria,Oriente,739.35,1614.87,465,8,1616.16,Risque élevé,-2.343499616636632,-0.02769889811710238,Revenu faible
2297,45,M,Universitario,Sur,3659.66,6204.98,692,10,12891.1,Risque faible,2.215831536959519,1.3845682680500755,Revenu élevé
2298,37,F,Secundaria,Sur,2265.78,3981.75,637,4,7683.74,Risque moyen,0.6798474612567106,-1.1155349788504056,Revenu moyen
2300,27,F,Universitario,Inconnue,2139.34,2728.84,609,5,7893.19,Risque moyen,0.15585775925276912,-0.8253145313785516,Revenu moyen
2301,57,F,Secundaria,Norte,469.27,363.19,447,8,2195.87,Risque élevé,-2.7678439940936537,-0.10479813632577295,Revenu faible
2302,49,M,Secundaria,Sur,3424.83,6940.51,725,3,13157.12,Risque faible,2.9325757438947475,-1.1069929278793087,Revenu élevé
2303,67,F,Tecnico,Norte,1635.32,3037.75,590,5,5553.96,Risque moyen,-0.34093485648641125,-0.8997707935717243,Revenu moyen
2304,50,F,Secundaria,Occidente,2483.28,5232.67,606,4,7081.36,Risque moyen,0.791446969006447,-1.0219488082803945,Revenu moyen
2305,19,M,Secundaria,Sur,1091.38,2997.68,576,5,500.0,Risque moyen,-1.177557072579405,-1.061877256233769,Revenu faible
2306,50,M,Tecnico,Centro,1832.03,3587.6,632,5,6361.15,Risque moyen,0.18764557695342546,-0.8498042452549177,Revenu moyen
2307,50,M,Secundaria,Norte,1929.34,2643.45,627,8,7074.59,Risque moyen,-0.11545704854457207,0.1958186913769424,Revenu moyen
2308,58,F,Tecnico,Centro,1511.39,3370.56,567,7,7214.4,Risque moyen,-0.41201656557609145,-0.12926792337761242,Revenu moyen
2309,30,M,Postgrado,Centro,1594.11,1961.8,553,7,2246.7,Risque moyen,-1.268262151229068,-0.30904034331670904,Revenu moyen
2310,47,F,Universitario,Norte,2291.76,3697.17,548,8,8438.06,Risque moyen,-0.06581188912107022,0.3578267637165847,Revenu moyen
2311,50,F,Primaria,Occidente,645.44,2246.33,496,6,500.0,Risque élevé,-2.0560764111736134,-0.7543624396557529,Revenu faible
2312,30,M,Primaria,Centro,795.16,1427.21,342,8,1255.75,Risque élevé,-3.1206878144890156,0.013957604130995392,Revenu faible
2314,43,M,Tecnico,Norte,1870.07,1733.33,569,8,7562.86,Risque moyen,-0.6241902560975451,0.17455082695288726,Revenu moyen
2315,39,F,Universitario,Occidente,1787.59,2963.85,594,4,6669.79,Risque moyen,-0.09248903182723538,-1.223687917797495,Revenu moyen
2318,55,M,Secundaria,Oriente,2064.69,4346.93,577,8,3133.65,Risque moyen,-0.39671846498794766,0.24089778453305943,Revenu moyen
2319,56,F,Universitario,Sur,1322.5,1873.64,542,5,4542.0,Risque moyen,-1.104450549463144,-0.9983421422916156,Revenu faible
2320,43,M,Universitario,Norte,2427.12,5286.63,585,3,6332.29,Risque moyen,0.6414833035329309,-1.3892216217176732,Revenu moyen
2321,63,M,Secundaria,Centro,2193.14,3577.71,607,10,5672.81,Risque moyen,-0.19393786461939858,0.9675764318352347,Revenu moyen
2322,75,F,Tecnico,Centro,2008.1,3632.79,567,7,4779.65,Risque moyen,-0.3990580426084268,-0.12175728373463904,Revenu moyen
2324,32,F,Secundaria,Centro,1638.81,3392.75,496,4,2064.47,Risque élevé,-1.1130238998431115,-1.272993067972082,Revenu moyen
2326,59,M,Postgrado,Centro,3654.6,6788.85,659,5,11844.61,Risque faible,2.348298631842823,-0.3787090017702836,Revenu élevé
2327,72,M,Tecnico,Norte,1940.51,4144.73,575,6,6265.02,Risque moyen,-0.056770622377653686,-0.42611533416525993,Revenu moyen
2328,61,M,Universitario,Occidente,1004.6,2546.92,536,6,2790.64,Risque moyen,-1.3720183457577078,-0.6689300528477916,Revenu faible
2329,66,F,Postgrado,Occidente,3198.79,7852.39,659,8,11026.47,Risque faible,2.111979043749083,0.6937128896747841,Revenu élevé
2330,57,M,Secundaria,Occidente,2370.11,4271.94,587,8,8602.01,Risque moyen,0.33497686645364094,0.38476707241024927,Revenu moyen
2332,20,M,Universitario,Norte,3593.98,5966.53,685,6,13359.76,Risque faible,2.3947677296253134,-0.05204439089386748,Revenu élevé
2334,26,F,Tecnico,Norte,2381.41,4184.34,564,5,5156.1,Risque moyen,0.019575491593483138,-0.7594780695503484,Revenu moyen
2335,23,M,Secundaria,Norte,1844.67,2644.98,559,5,4789.04,Risque moyen,-0.5977017173870123,-0.9059233543100522,Revenu moyen
2337,56,F,Secundaria,Sur,2587.2,5661.95,627,11,10967.8,Risque moyen,1.0108259471245467,1.5942175534698522,Revenu moyen
2338,48,F,Secundaria,Norte,1135.31,2748.77,524,8,2609.12,Risque moyen,-1.4889137845213785,0.07166495834007765,Revenu faible
2340,58,F,Primaria,Norte,1859.0,2205.18,613,3,4238.22,Risque moyen,-0.29873653937045674,-1.6819464955561074,Revenu moyen
2341,67,F,Primaria,Norte,834.07,1215.21,470,13,2983.91,Risque élevé,-2.531290758548205,1.7746679267578795,Revenu faible
2342,29,M,Secundaria,Centro,801.76,711.36,436,9,500.0,Risque élevé,-2.8565851712661323,0.2712631402223275,Revenu faible
2343,25,M,Secundaria,Centro,937.44,1794.52,434,7,728.86,Risque élevé,-2.433747793278118,-0.36207501169700207,Revenu faible
2345,67,M,Primaria,Occidente,3442.6,7314.22,663,7,12404.34,Risque faible,2.327150709373716,0.357529380252471,Revenu élevé
2346,45,M,Universitario,Norte,4141.53,7169.11,670,9,13190.06,Risque faible,2.5849563320645954,1.14548158971063,Revenu élevé
2347,37,F,Universitario,Occidente,3382.05,7572.84,591,5,10238.55,Risque moyen,1.8357147519903723,-0.3649338880253729,Revenu élevé
2348,64,M,Universitario,Sur,5069.88,9815.48,723,5,18828.19,Risque faible,4.67365002639342,0.0606973744152973,Revenu élevé
2349,24,M,Universitario,Centro,2638.57,5473.1,621,4,10327.62,Risque moyen,1.3286608576387702,-0.9265823965907648,Revenu moyen
2350,28,F,Primaria,Oriente,884.24,2973.89,500,9,978.98,Risque moyen,-1.9170196228355327,0.3923081356965262,Revenu faible
2353,21,M,Universitario,Norte,1492.51,2938.14,538,4,3979.33,Risque moyen,-0.8267401518260923,-1.2889130946593081,Revenu faible
2354,23,F,Universitario,Centro,2104.75,3157.71,666,6,7265.07,Risque faible,0.44071922658086904,-0.4860346158549695,Revenu moyen
2355,75,M,Secundaria,Norte,792.35,920.89,449,13,1381.74,Risque élevé,-2.8990774114307145,1.7268658684686173,Revenu faible
2357,43,F,Tecnico,Sur,1727.13,3468.51,533,6,4420.88,Risque moyen,-0.725518664066,-0.5084358784330565,Revenu moyen
2358,20,M,Secundaria,Oriente,1328.39,2992.87,523,6,5693.04,Risque moyen,-0.9209782565188114,-0.5407584607762264,Revenu faible
2359,58,M,Tecnico,Centro,3962.36,7581.76,648,3,15140.71,Risque moyen,3.043322005451626,-0.939089034231132,Revenu élevé
2360,59,F,Postgrado,Centro,3734.93,7185.58,665,7,11754.23,Risque faible,2.3669359661683402,0.36233989737551514,Revenu élevé
2362,28,F,Universitario,Centro,1259.31,492.58,551,14,1848.96,Risque moyen,-2.2093193109437745,2.0687628107734004,Revenu faible
2363,35,F,Secundaria,Oriente,2195.93,4563.35,595,4,7616.94,Risque moyen,0.5199493304832166,-1.0710818369257944,Revenu moyen
2364,71,M,Tecnico,Occidente,2096.73,3136.02,601,12,6064.69,Risque moyen,-0.4478228032432176,1.659476851728272,Revenu moyen
2365,29,M,Universitario,Occidente,2239.65,5755.89,632,4,7334.19,Risque moyen,0.9795669873617587,-1.0208259454715036,Revenu moyen
2366,40,M,Tecnico,Sur,988.05,2053.97,416,11,2705.59,Risque élevé,-2.5106241379534024,1.140846781750111,Revenu faible
2367,29,M,Tecnico,Centro,2045.42,4784.22,568,9,4007.38,Risque moyen,-0.3378670709424027,0.6457806387966922,Revenu moyen
2369,42,F,Universitario,Oriente,2928.34,6174.36,670,3,10214.3,Risque faible,1.9373562186993358,-1.2404945792299527,Revenu moyen
2370,62,M,Primaria,Occidente,1222.5,2772.97,519,9,2289.12,Risque moyen,-1.5721515533801933,0.4339639230759045,Revenu faible
2372,75,M,Secundaria,Norte,2084.53,2911.33,528,14,5375.21,Risque moyen,-1.125798661483918,2.3776975047238054,Revenu moyen
2373,36,M,Universitario,Oriente,4794.27,8066.24,628,4,11808.22,Risque moyen,2.970954823472106,-0.5404668005584449,Revenu élevé
2377,62,F,Universitario,Norte,2033.61,3256.11,539,6,6791.57,Risque moyen,-0.36398133280053085,-0.44065071750020707,Revenu moyen
2378,25,F,Secundaria,Norte,1584.58,3254.24,520,8,5270.91,Risque moyen,-0.9446343885618954,0.20575743650221026,Revenu moyen
2379,46,M,Secundaria,Sur,3012.57,6559.76,667,9,7536.73,Risque faible,1.3867561377651179,0.876112675681507,Revenu élevé
2381,70,F,Secundaria,Centro,1869.55,4340.89,604,12,1939.1,Risque moyen,-0.6931396917014869,1.613066883790449,Revenu moyen
2382,72,F,Tecnico,Centro,2286.66,4003.26,613,4,4139.42,Risque moyen,0.18811141452356142,-1.1816110725593059,Revenu moyen
2383,49,M,Secundaria,Sur,1515.04,4358.01,598,6,7620.75,Risque moyen,0.08533705256804462,-0.4340120530385956,Revenu moyen
2385,61,F,Universitario,Norte,2965.29,6053.11,603,7,9482.23,Risque moyen,1.207764787338684,0.1998807243922063,Revenu moyen
2386,35,M,Primaria,Norte,784.78,1778.24,437,7,591.07,Risque élevé,-2.4974006964272113,-0.38203442463547255,Revenu faible
2388,35,F,Universitario,Inconnue,2352.29,3041.62,610,8,8153.43,Risque moyen,0.15613478048032622,0.29125248597756986,Revenu moyen
2389,36,M,Universitario,Oriente,1480.22,1434.04,586,6,3510.04,Risque moyen,-1.041291110889291,-0.6943562070709715,Revenu faible
2390,39,M,Secundaria,Oriente,1532.26,3280.98,598,6,4493.31,Risque moyen,-0.45669270530439676,-0.5655008074324197,Revenu moyen
2391,54,M,Secundaria,Oriente,1517.6,2789.8,596,6,4489.8,Risque moyen,-0.5790153455626263,-0.5945519004736144,Revenu moyen
2392,49,F,Secundaria,Norte,3782.35,7257.88,669,3,11474.93,Risque faible,2.6468706813941303,-1.0673359164563985,Revenu élevé
2393,73,M,Tecnico,Occidente,1318.8,1469.98,584,7,3000.4,Risque moyen,-1.2276110190918001,-0.3607097287554092,Revenu faible
2395,20,M,Secundaria,Sur,1776.72,3036.56,573,3,3717.56,Risque moyen,-0.445713280100343,-1.6353571330597283,Revenu moyen
2396,45,M,Primaria,Centro,1922.72,3765.03,519,12,5142.07,Risque moyen,-0.9643459797878051,1.695409678603,Revenu moyen
2400,46,M,Primaria,Sur,1711.95,4007.55,539,7,4086.61,Risque moyen,-0.6791321353255194,-0.13132169469562663,Revenu moyen
2401,71,M,Primaria,Oriente,1098.5,1522.14,501,7,500.0,Risque moyen,-2.053511306162024,-0.3978441098307336,Revenu faible
2403,50,M,Universitario,Norte,5934.33,10965.64,734,12,22569.03,Risque faible,5.289397360478727,2.7923540010583756,Revenu élevé
2404,24,F,Tecnico,Norte,1252.25,1989.73,499,11,2339.27,Risque élevé,-1.963205768359564,1.1166659065167581,Revenu faible
2405,29,F,Universitario,Sur,3548.82,5846.04,680,7,11204.89,Risque faible,2.0373022891572137,0.24777638276290778,Revenu élevé
2406,66,M,Primaria,Inconnue,808.86,3045.95,499,9,760.8,Risque élevé,-1.9614886500495468,0.384819150177668,Revenu faible
2407,47,F,Tecnico,Sur,3052.18,3911.32,665,3,10018.28,Risque faible,1.4599852274078604,-1.3620639178008935,Revenu élevé
2408,38,F,Secundaria,Oriente,1443.13,3165.69,545,6,3848.34,Risque moyen,-0.8963687977511476,-0.5714031856456081,Revenu faible
2410,75,M,Universitario,Inconnue,1915.66,2520.35,592,8,4417.45,Risque moyen,-0.6259200381388588,0.1430701372944712,Revenu moyen
2411,41,F,Universitario,Occidente,2500.67,4167.65,607,8,7829.92,Risque moyen,0.4057980784524636,0.3647110795129246,Revenu moyen
2412,37,F,Tecnico,Sur,1924.18,3200.51,608,10,8585.54,Risque moyen,-0.08126219421673085,0.9854627923321422,Revenu moyen
2414,21,F,Postgrado,Sur,2535.3,4540.03,583,10,11662.45,Risque moyen,0.6263375745324444,1.2021689420172512,Revenu moyen
2416,61,M,Postgrado,Inconnue,2440.5,5074.35,579,9,8407.86,Risque moyen,0.4048882786166918,0.7947741019257114,Revenu moyen
2417,37,M,Tecnico,Norte,1929.91,3192.03,581,5,6803.29,Risque moyen,-0.11002077562108412,-0.8304574209730982,Revenu moyen
2418,41,M,Universitario,Norte,2205.31,3066.89,627,8,7393.32,Risque moyen,0.12215581939308089,0.25387484169844915,Revenu moyen
2420,66,F,Tecnico,Centro,1748.76,3677.89,539,8,4101.16,Risque moyen,-0.7946169664344358,0.2109730219794578,Revenu moyen
2421,68,F,Tecnico,Oriente,5528.27,12006.4,731,8,18207.0,Risque faible,5.125036460328692,1.28646323493203,Revenu élevé
2422,49,F,Secundaria,Occidente,627.27,750.38,505,8,792.98,Risque moyen,-2.422587587277727,-0.12510917036518493,Revenu faible
2423,58,F,Universitario,Sur,1733.88,2607.36,566,13,6562.42,Risque moyen,-0.9286142142525382,1.9788171483648178,Revenu moyen
2424,53,F,Primaria,Inconnue,1664.64,3520.25,511,6,4515.95,Risque moyen,-0.8603239630072715,-0.49934138467819367,Revenu moyen
2426,70,F,Primaria,Sur,1542.03,2404.15,607,12,4236.23,Risque moyen,-0.9867730879043362,1.5201468808994636,Revenu moyen
2427,51,F,Secundaria,Oriente,360.83,1891.53,381,10,597.18,Risque élevé,-3.166670518770748,0.6821734802802023,Revenu faible
2428,53,M,Secundaria,Occidente,1412.95,3766.23,544,8,1869.54,Risque moyen,-1.115684558722585,0.13139268711774013,Revenu faible
2431,51,M,Secundaria,Oriente,1792.75,3537.42,619,7,8303.9,Risque moyen,0.1585565127452001,-0.09155537018625035,Revenu moyen
2432,53,M,Primaria,Sur,1234.09,3041.16,599,6,3870.53,Risque moyen,-0.6899875592226553,-0.6223509779948838,Revenu faible
2433,23,F,Secundaria,Centro,1379.92,3561.43,517,11,4512.9,Risque moyen,-1.2478803529247424,1.2609800000995437,Revenu faible
2434,56,F,Postgrado,Sur,1925.22,4365.06,584,5,8134.26,Risque moyen,0.29083961346056497,-0.7341667417515679,Revenu moyen
2436,68,M,Secundaria,Centro,1493.01,3080.91,538,11,4711.62,Risque moyen,-1.1585404946495796,1.2389421466134192,Revenu faible
2439,71,M,Tecnico,Sur,1619.64,3202.15,620,8,1808.83,Risque moyen,-0.7079983228277235,0.082812310646314,Revenu moyen
2440,29,M,Secundaria,Oriente,762.59,1407.29,413,7,2374.26,Risque élevé,-2.5434478149359228,-0.35454447919834187,Revenu faible
2442,62,M,Primaria,Centro,2898.01,4581.53,662,8,6522.94,Risque faible,0.8487901876638057,0.37227815652732854,Revenu moyen
2443,35,M,Tecnico,Occidente,2012.4,3116.11,617,6,7060.51,Risque moyen,0.08405345013816364,-0.47981735307551193,Revenu moyen
2444,57,M,Universitario,Occidente,2824.2,6188.59,635,8,10301.87,Risque moyen,1.3875139052550445,0.5559789705682501,Revenu moyen
2445,38,M,Secundaria,Sur,2924.23,5835.35,602,6,8017.39,Risque moyen,1.0507394402962702,-0.20688628243769847,Revenu moyen
2447,50,F,Primaria,Centro,1127.02,1574.3,492,6,4342.06,Risque élevé,-1.626668725479241,-0.6587734939432083,Revenu faible
2448,52,F,Tecnico,Occidente,1327.11,2816.43,511,10,4372.13,Risque moyen,-1.4150419106577181,0.8547076916487921,Revenu faible
2449,43,M,Primaria,Sur,1464.31,4108.38,530,9,721.97,Risque moyen,-1.284403674711108,0.49405326321392284,Revenu faible
2450,25,M,Secundaria,Centro,1557.26,2914.07,542,6,5285.85,Risque moyen,-0.772156710880634,-0.5412680830034026,Revenu moyen
2452,65,M,Primaria,Sur,1257.4,1858.99,492,7,4283.74,Risque élevé,-1.580407168836871,-0.2735922967417925,Revenu faible
2453,47,F,Primaria,Centro,1255.28,1948.32,509,9,6937.57,Risque moyen,-1.3149225922855539,0.4988562642554727,Revenu faible
2454,40,M,Secundaria,Oriente,970.49,1975.53,508,6,2324.71,Risque moyen,-1.7198998024748358,-0.7032347853268346,Revenu faible
2455,59,F,Primaria,Centro,1965.19,2981.19,566,8,5385.53,Risque moyen,-0.561218750377485,0.20809198808787324,Revenu moyen
2456,61,M,Secundaria,Sur,1170.02,1508.63,538,8,4001.73,Risque moyen,-1.5118867095128847,0.02825710118199249,Revenu faible
2457,31,F,Tecnico,Sur,1029.94,1718.8,566,8,4970.54,Risque moyen,-1.2616256326041828,0.03638546178029484,Revenu faible
2458,31,F,Secundaria,Occidente,445.12,964.42,405,11,2410.71,Risque élevé,-3.063069395116312,1.0242200246782491,Revenu faible
2459,19,F,Tecnico,Oriente,1642.98,2467.4,621,5,4540.68,Risque moyen,-0.38019186288321016,-0.9689623267656413,Revenu moyen
2460,72,F,Universitario,Inconnue,1847.75,3463.44,635,7,5907.0,Risque moyen,0.013957047295036664,-0.15198295084172278,Revenu moyen
2461,54,F,Tecnico,Occidente,1659.8,2090.14,589,8,6221.74,Risque moyen,-0.6563168637619267,0.1358772911663785,Revenu moyen
2462,22,F,Universitario,Sur,1851.46,3463.98,554,9,5634.42,Risque moyen,-0.6139351419934783,0.5938355956419165,Revenu moyen
2464,62,M,Secundaria,Centro,1077.1,2804.0,548,8,4806.69,Risque moyen,-1.1347290021722862,0.10818982346484507,Revenu faible
2465,58,F,Tecnico,Oriente,1327.08,1145.9,541,12,2137.89,Risque moyen,-1.9468086434366745,1.40899184440502,Revenu faible
2467,64,M,Secundaria,Occidente,1433.49,2923.04,538,9,2880.87,Risque moyen,-1.2797643967227923,0.46759812415671337,Revenu faible
2468,31,M,Primaria,Centro,701.69,1735.6,446,8,2446.08,Risque élevé,-2.3602461354314177,0.0030219589912575833,Revenu faible
2470,56,M,Universitario,Norte,2457.92,4858.38,582,7,8437.58,Risque moyen,0.5120770754552441,0.06809911739295577,Revenu moyen
2471,42,M,Secundaria,Norte,752.17,1504.26,545,11,2621.4,Risque moyen,-1.9751597389510176,1.0265298867555044,Revenu faible
2472,37,M,Postgrado,Centro,3609.59,5576.31,579,8,11644.54,Risque moyen,1.3938709725308276,0.6508984763061991,Revenu élevé
2475,23,F,Secundaria,Centro,1096.38,3845.44,436,7,2386.78,Risque élevé,-1.7509060588384475,-0.1914545704911909,Revenu faible
2476,34,M,Secundaria,Norte,2765.59,4351.34,603,9,7652.13,Risque moyen,0.45101030436912193,0.7559606480931018,Revenu moyen
2477,42,F,Tecnico,Oriente,2824.52,3789.97,618,8,8813.45,Risque moyen,0.6266033241589847,0.3909644099434542,Revenu moyen
2479,45,M,Tecnico,Occidente,1893.12,4030.93,500,7,6517.34,Risque moyen,-0.578547629812623,-0.04019998852307181,Revenu moyen
2481,52,M,Secundaria,Sur,1539.33,2328.57,534,6,7092.74,Risque moyen,-0.7653113875004696,-0.5324759120782693,Revenu moyen
2482,54,M,Secundaria,Norte,1596.5,2925.28,571,12,6343.42,Risque moyen,-0.849154895228374,1.6193841584613928,Revenu moyen
2483,22,F,Postgrado,Norte,5524.54,9818.15,684,3,18040.67,Risque faible,4.678639431100892,-0.6111958299582017,Revenu élevé
2485,57,F,Universitario,Centro,2372.31,3795.96,628,10,7820.18,Risque moyen,0.2710546825499981,1.0363932369511903,Revenu moyen
2486,29,M,Secundaria,Occidente,2650.0,4368.13,651,5,9040.58,Risque faible,1.0812244308425476,-0.6745771791710077,Revenu moyen
2487,73,M,Primaria,Sur,1999.56,4176.87,529,8,5202.94,Risque moyen,-0.5299686433514306,0.2932103789501511,Revenu moyen
2492,48,M,Universitario,Norte,2006.62,2877.23,563,4,8150.66,Risque moyen,-0.049835045185456076,-1.160405951382442,Revenu moyen
2494,27,F,Tecnico,Oriente,3198.69,4385.9,655,6,12737.61,Risque faible,1.6544983945850869,-0.1819133994249369,Revenu élevé
2495,20,F,Tecnico,Centro,2774.18,6642.02,592,6,7020.9,Risque moyen,0.9979215558067464,-0.19244762094381937,Revenu moyen
2496,71,M,Tecnico,Norte,1001.46,1998.89,397,15,2316.04,Risque élevé,-2.9184335433828656,2.5689517375271116,Revenu faible
2497,31,F,Tecnico,Sur,1277.62,3028.72,506,12,500.0,Risque moyen,-1.9425525462210356,1.4921590732771415,Revenu faible
2498,33,M,Secundaria,Occidente,2005.11,3292.61,662,4,5801.02,Risque faible,0.3788892489849371,-1.234140927953023,Revenu moyen
2499,27,F,Secundaria,Occidente,2532.38,4161.79,575,5,7750.54,Risque moyen,0.40882419262112535,-0.6927021816944996,Revenu moyen
2500,46,F,Tecnico,Oriente,2085.43,3669.34,574,3,6784.42,Risque moyen,0.13787613278611374,-1.5003759869436708,Revenu moyen
2503,47,M,Universitario,Occidente,2207.27,4290.89,543,4,8140.35,Risque moyen,0.21470928091827368,-1.050559481911981,Revenu moyen
2507,37,M,Universitario,Occidente,3392.85,6651.29,610,9,9026.76,Risque moyen,1.3824134235716543,0.9770015487829858,Revenu élevé
2508,25,F,Secundaria,Norte,1543.23,2749.76,522,7,3830.87,Risque moyen,-1.1423365914115235,-0.21844865227337612,Revenu moyen
2509,60,F,Postgrado,Occidente,2777.65,6121.36,658,6,8584.58,Risque faible,1.437884915684686,-0.2166619763836332,Revenu moyen
2513,71,M,Secundaria,Sur,4160.99,9156.69,774,3,17054.46,Risque faible,4.397737408676982,-0.8423096488162757,Revenu élevé
2515,45,F,Universitario,Occidente,2476.17,5320.76,568,6,4606.73,Risque moyen,0.20457806239615414,-0.34121564627845796,Revenu moyen
2516,74,M,Universitario,Centro,3580.68,5914.19,743,8,12783.4,Risque faible,2.5352584097351496,0.6196563053956229,Revenu élevé
2517,60,M,Tecnico,Oriente,1180.21,2840.66,513,6,3705.69,Risque moyen,-1.2778960449884347,-0.60412705086012,Revenu faible
2518,54,F,Secundaria,Norte,1116.56,2720.38,544,5,2394.01,Risque moyen,-1.2196877310922098,-1.018337391472413,Revenu faible
2519,64,F,Primaria,Oriente,1836.89,2622.17,573,5,3449.74,Risque moyen,-0.6608742617440291,-0.9445621895209576,Revenu moyen
2520,54,F,Universitario,Centro,1602.75,3456.07,492,7,5142.24,Risque élevé,-1.0097533550768343,-0.12868411014793008,Revenu moyen
2521,29,F,Universitario,Norte,5553.68,9726.5,721,3,20354.61,Risque faible,5.12659258478459,-0.5780810736154908,Revenu élevé
2522,54,M,Primaria,Centro,1260.41,1715.67,584,6,2639.11,Risque moyen,-1.1745147888851653,-0.7177669374993543,Revenu faible
2523,66,M,Secundaria,Norte,1301.64,838.66,498,8,5301.11,Risque élevé,-1.7009029171302634,0.049338237185031025,Revenu faible
2524,66,F,Tecnico,Oriente,3914.47,8174.59,667,3,12771.58,Risque faible,3.0175743131580806,-0.9713898690199655,Revenu élevé
2525,73,M,Tecnico,Centro,1187.03,2063.61,610,8,500.0,Risque moyen,-1.3229715467977456,-0.04950879280356488,Revenu faible
2526,61,F,Primaria,Norte,2713.36,4043.69,688,10,8129.17,Risque faible,0.8506336965941736,1.0632398505809353,Revenu moyen
2527,73,M,Secundaria,Centro,1023.7,2096.2,544,12,3224.74,Risque moyen,-1.7428567139505244,1.458382853702614,Revenu faible
2528,45,M,Secundaria,Sur,2661.31,4875.31,656,12,9652.93,Risque faible,0.8482593720163283,1.8704723231456002,Revenu moyen
2529,64,M,Secundaria,Norte,3624.11,5787.09,686,5,11122.27,Risque faible,2.208035030686994,-0.4681696382089287,Revenu élevé
2530,32,F,Universitario,Centro,2246.65,3323.0,567,12,5729.05,Risque moyen,-0.5801392560095161,1.6923227129147236,Revenu moyen
2531,23,M,Tecnico,Sur,1652.1,3859.88,537,12,5627.29,Risque moyen,-0.9014762073222402,1.6779803336882417,Revenu moyen
2532,61,M,Universitario,Sur,2191.65,4114.22,660,9,7428.28,Risque faible,0.47364285082485896,0.6567937276387501,Revenu moyen
2534,67,F,Secundaria,Centro,1636.3,2640.46,498,11,2138.77,Risque élevé,-1.6915038971822778,1.186913532959228,Revenu moyen
2535,31,M,Universitario,Norte,3533.36,6067.83,665,8,9976.8,Risque faible,1.8010443380447347,0.5957205717428568,Revenu élevé
2536,19,M,Postgrado,Oriente,4107.34,6051.39,597,6,14439.23,Risque moyen,2.220009838612606,0.06581518418125816,Revenu élevé
2537,26,M,Tecnico,Occidente,2193.04,4700.98,569,8,7467.73,Risque moyen,0.12965177032125993,0.37522462298838066,Revenu moyen
2538,54,F,Secundaria,Inconnue,1104.58,1696.1,443,5,2411.22,Risque élevé,-2.0342334118484016,-1.033009291433636,Revenu faible
2539,37,M,Tecnico,Centro,1098.14,1853.31,507,12,2510.52,Risque moyen,-2.0542694712556067,1.451906880494617,Revenu faible
2540,43,M,Universitario,Inconnue,5331.59,10046.33,722,7,19443.55,Risque faible,4.76408793956433,0.8285212952119855,Revenu élevé
2542,18,F,Secundaria,Sur,1335.51,2565.12,550,8,4474.92,Risque moyen,-1.0997840975089037,0.1105721956036365,Revenu faible
2543,72,F,Universitario,Occidente,3568.61,5551.22,655,4,12251.62,Risque faible,2.130898782025461,-0.8052207563859418,Revenu élevé
2544,52,F,Postgrado,Centro,6676.85,11819.25,700,5,24912.35,Risque faible,6.25804871277736,0.47790595746782943,Revenu élevé
2545,23,F,Secundaria,Oriente,1458.78,2570.92,558,12,5964.31,Risque moyen,-1.097120812110709,1.5829964594730621,Revenu faible
2546,54,F,Secundaria,Sur,1738.46,1664.67,506,6,4551.22,Risque moyen,-1.2484940005344674,-0.5968290445296115,Revenu moyen
2548,22,F,Secundaria,Sur,3141.73,6181.35,661,3,10782.8,Risque faible,2.033291160254646,-1.2028488956437178,Revenu élevé
2549,50,F,Universitario,Sur,4523.75,8216.87,649,1,14206.53,Risque moyen,3.447166704397905,-1.5854647860168563,Revenu élevé
2551,68,M,Secundaria,Occidente,2120.17,3986.07,584,8,7470.84,Risque moyen,0.036335574635420635,0.3201530943336348,Revenu moyen
2553,29,M,Secundaria,Sur,1683.27,2856.21,574,11,2940.82,Risque moyen,-1.0966832598648244,1.1878195653738013,Revenu moyen
2555,37,M,Secundaria,Norte,616.81,1456.1,452,9,1681.33,Risque élevé,-2.5605742550570767,0.3163098234751884,Revenu faible
2556,70,M,Universitario,Centro,1538.85,1255.26,543,11,3196.7,Risque moyen,-1.6523201642805783,1.1009811980331807,Revenu moyen
2558,41,M,Secundaria,Norte,1196.89,2572.61,550,6,1516.61,Risque moyen,-1.3347162035960334,-0.6842123072863712,Revenu faible
2559,60,F,Universitario,Occidente,866.29,1665.8,528,4,3149.77,Risque moyen,-1.5016739437270001,-1.436611283881048,Revenu faible
2560,51,M,Postgrado,Centro,3866.45,7711.7,693,11,14864.96,Risque faible,2.767388165072057,1.8933611174527762,Revenu élevé
2562,67,F,Secundaria,Norte,1547.5,3305.53,477,9,5436.48,Risque élevé,-1.247745796999379,0.5858618591639724,Revenu moyen
2564,74,F,Secundaria,Occidente,713.32,1551.42,526,15,1243.77,Risque moyen,-2.484533852676158,2.4332462190982946,Revenu faible
2565,56,M,Secundaria,Sur,1508.31,1897.18,595,8,4642.83,Risque moyen,-0.8871848166712413,0.07186156835349045,Revenu moyen
2567,73,F,Secundaria,Occidente,1662.01,3208.91,546,8,4997.71,Risque moyen,-0.796983458399738,0.19263168299063219,Revenu moyen
2568,64,F,Tecnico,Centro,3854.53,5965.7,709,5,14802.38,Risque faible,2.8551075599981233,-0.36302016124174763,Revenu élevé
2571,40,F,Universitario,Norte,2083.45,3596.89,636,6,6632.54,Risque moyen,0.2834458776744707,-0.46339929961563,Revenu moyen
2573,55,M,Secundaria,Sur,1892.44,2798.65,546,7,7778.43,Risque moyen,-0.43983844906573916,-0.10390154855629692,Revenu moyen
2574,37,M,Universitario,Centro,5487.7,9014.84,664,1,19220.47,Risque faible,4.621446599610712,-1.3407430558802496,Revenu élevé
2575,40,F,Secundaria,Oriente,903.64,844.83,463,5,1249.09,Risque élevé,-2.300074628295634,-1.136782376284668,Revenu faible
2576,62,F,Primaria,Centro,2343.78,5833.17,627,5,7401.49,Risque moyen,0.9543991737598893,-0.645080683637092,Revenu moyen
2577,69,M,Universitario,Oriente,3132.5,5930.72,640,8,10458.94,Risque moyen,1.5070834313965895,0.5717151152976027,Revenu élevé
2578,33,F,Primaria,Norte,967.09,609.81,454,3,500.0,Risque élevé,-2.328257140790338,-1.8723773586330197,Revenu faible
2579,67,M,Universitario,Occidente,4956.81,8937.86,684,6,17294.31,Risque faible,3.9910995776671925,0.33949341036136454,Revenu élevé
2580,59,M,Universitario,Occidente,1446.72,3427.29,558,10,4423.38,Risque moyen,-0.9538824894361833,0.8815245908605712,Revenu faible
2581,72,M,Secundaria,Norte,2146.94,4204.35,646,9,7559.23,Risque moyen,0.4051466985448314,0.6670186602359577,Revenu moyen
2582,25,F,Universitario,Occidente,2135.17,2743.08,596,7,5766.75,Risque moyen,-0.26259517206528415,-0.15196447596962448,Revenu moyen
2583,67,M,Secundaria,Sur,2604.23,5206.5,704,6,11030.51,Risque faible,1.693373232302284,-0.25164463127910225,Revenu moyen
2584,38,F,Universitario,Oriente,2770.27,5010.69,596,4,8111.6,Risque moyen,0.9110918204103617,-0.97967454279505,Revenu moyen
2585,18,F,Universitario,Oriente,3748.45,6918.55,639,10,9889.82,Risque moyen,1.7841823924724645,1.390412891051831,Revenu élevé
2587,25,F,Tecnico,Norte,1431.42,2560.47,532,5,1707.86,Risque moyen,-1.2631997415104907,-1.0077054205719869,Revenu faible
2589,49,F,Primaria,Centro,1321.88,995.55,481,12,3458.86,Risque élevé,-2.198286613616775,1.4566455000405494,Revenu faible
2590,55,M,Postgrado,Centro,3968.84,6588.95,694,3,13634.57,Risque faible,2.951728680770329,-1.0507760007433085,Revenu élevé
2592,64,M,Secundaria,Norte,1577.84,1315.0,491,14,3921.39,Risque élevé,-2.0424383556392436,2.220651972769929,Revenu moyen
2593,39,M,Secundaria,Sur,2025.98,4183.98,538,5,7996.92,Risque moyen,0.009764640506666275,-0.7174600814298303,Revenu moyen
2595,51,M,Universitario,Centro,1764.66,3157.57,521,9,2792.55,Risque moyen,-1.2009491772443546,0.518414970303852,Revenu moyen
2596,18,F,Tecnico,Norte,2696.82,4057.08,619,3,7943.03,Risque moyen,0.8588945289040381,-1.4136890523539944,Revenu moyen
2597,72,F,Universitario,Oriente,1872.52,3570.18,617,7,7548.46,Risque moyen,0.10948260294872485,-0.09822870814192845,Revenu moyen
2598,72,F,Universitario,Inconnue,1663.77,3497.58,552,6,6303.29,Risque moyen,-0.44079436974312924,-0.4787917805798489,Revenu moyen
2599,43,M,Secundaria,Norte,2869.45,6578.59,668,5,8926.83,Risque faible,1.729537337201955,-0.5357387464302974,Revenu moyen
2600,60,F,Secundaria,Oriente,1036.33,2143.95,465,6,1509.09,Risque élevé,-1.993460657946827,-0.6862774556744963,Revenu faible
2601,27,M,Primaria,Occidente,1152.11,2442.55,479,5,2959.31,Risque élevé,-1.5881531798018025,-0.989020557092936,Revenu faible
2602,47,M,Primaria,Occidente,845.96,1657.34,450,11,1012.82,Risque élevé,-2.6276612273555853,1.0507432933914087,Revenu faible
2603,67,F,Primaria,Sur,3740.83,6578.51,670,4,15212.66,Risque faible,2.8126308711702044,-0.6690719886272327,Revenu élevé
2604,35,F,Postgrado,Centro,3215.44,6413.39,585,8,10419.92,Risque moyen,1.316349673357408,0.6314754858410463,Revenu élevé
2606,43,F,Primaria,Centro,814.11,1348.41,408,9,500.0,Risque élevé,-2.8811965320061725,0.3219741800631253,Revenu faible
2608,64,M,Primaria,Centro,1137.79,1812.81,533,12,869.73,Risque moyen,-2.061733674722118,1.4045471791537365,Revenu faible
2610,66,F,Secundaria,Norte,3066.02,6017.01,719,8,15117.95,Risque faible,2.4406598839545643,0.6401349807692748,Revenu élevé
2613,25,M,Tecnico,Occidente,1217.01,1474.74,559,5,2782.2,Risque moyen,-1.3136006803247209,-1.0789521027222002,Revenu faible
2614,42,F,Secundaria,Oriente,1170.39,2610.9,562,3,5840.12,Risque moyen,-0.6358174613597742,-1.6648961026332458,Revenu faible
2615,63,M,Primaria,Centro,1079.38,3119.8,487,11,1013.93,Risque élevé,-2.0025437034855096,1.1411444993162985,Revenu faible
2616,21,M,Primaria,Occidente,1674.04,3453.91,563,7,4663.51,Risque moyen,-0.6118363958831158,-0.16479289058519986,Revenu moyen
2617,50,F,Secundaria,Norte,1466.23,2385.37,542,7,3102.01,Risque moyen,-1.208815365944033,-0.27238945933757797,Revenu faible
2619,36,F,Secundaria,Norte,1486.62,1686.89,536,4,1790.63,Risque moyen,-1.3307446899111197,-1.4105849753237885,Revenu faible
2621,33,F,Universitario,Oriente,4751.11,10814.03,656,7,18148.58,Risque faible,4.163237248785646,0.8181335018671881,Revenu élevé
2622,31,M,Primaria,Occidente,858.58,842.27,449,4,500.0,Risque élevé,-2.4161962745520387,-1.509424946485061,Revenu faible
2623,70,F,Primaria,Oriente,1282.5,2049.45,525,9,4194.14,Risque moyen,-1.4695801624514104,0.4380993536334508,Revenu faible
2624,65,M,Universitario,Occidente,3314.73,5790.94,664,4,9860.3,Risque faible,1.8832442880440354,-0.8736264488590901,Revenu élevé
2625,22,F,Tecnico,Sur,2344.13,3324.91,603,10,8240.74,Risque moyen,0.05555142676078625,1.0271585092531683,Revenu moyen
2626,58,F,Secundaria,Sur,1299.66,1738.78,512,10,2245.44,Risque moyen,-1.8672437321836208,0.7410961174746719,Revenu faible
2628,45,M,Universitario,Norte,6337.3,12694.36,679,3,21344.24,Risque faible,5.936945873810828,-0.29006423238097323,Revenu élevé
2629,19,F,Primaria,Oriente,2579.39,5026.73,639,5,11138.31,Risque moyen,1.3360128630474581,-0.5903087578525547,Revenu moyen
2632,26,M,Postgrado,Norte,2374.3,4551.44,576,4,6470.01,Risque moyen,0.3623507627550998,-1.0721442399561207,Revenu moyen
2633,50,F,Postgrado,Norte,4308.19,6322.58,623,14,12653.59,Risque moyen,1.8310855557429524,2.909161863071266,Revenu élevé
2635,42,F,Tecnico,Centro,1073.91,2756.41,527,9,3679.1,Risque moyen,-1.44793323182478,0.44665936488352564,Revenu faible
2636,65,F,Primaria,Centro,1855.11,3565.42,537,4,5909.85,Risque moyen,-0.35022857054916956,-1.1738998863265073,Revenu moyen
2638,26,M,Secundaria,Centro,1291.75,1159.15,528,11,2444.92,Risque moyen,-1.9412340726978636,1.0616156264281142,Revenu faible
2639,70,M,Tecnico,Oriente,2411.17,3381.89,665,4,8011.83,Risque faible,0.811846913744593,-1.1416389886595801,Revenu moyen
2640,30,F,Tecnico,Occidente,1647.33,2414.58,566,6,6042.37,Risque moyen,-0.6215386219296697,-0.5553416179616351,Revenu moyen
2643,28,M,Universitario,Occidente,4255.34,7734.11,722,6,14919.66,Risque faible,3.423132858789765,0.13206896300193327,Revenu élevé
2645,51,M,Primaria,Centro,419.28,1802.61,362,3,755.25,Risque élevé,-2.8192643710691927,-1.808263543540282,Revenu faible
2647,63,M,Universitario,Occidente,2386.2,2961.07,645,8,8474.51,Risque moyen,0.39211308098660874,0.28131903221607396,Revenu moyen
2650,36,M,Postgrado,Centro,2384.43,4961.51,591,12,6057.88,Risque moyen,-0.0004871079943205111,1.7970731097592658,Revenu moyen
2651,23,F,Tecnico,Sur,3863.98,7642.94,675,1,12535.67,Risque faible,3.031686674020331,-1.7310930506913889,Revenu élevé
2652,51,F,Secundaria,Sur,2873.72,4616.87,679,6,8504.18,Risque faible,1.2745031634421478,-0.30599281321348404,Revenu moyen
2655,58,M,Secundaria,Norte,1787.52,3818.03,616,6,5173.11,Risque moyen,-0.060678726832746215,-0.5027726739710056,Revenu moyen
2660,18,M,Postgrado,Occidente,3308.76,7130.24,576,11,7666.03,Risque moyen,0.984104384578291,1.696434455633637,Revenu élevé
2661,41,M,Secundaria,Centro,985.28,665.93,462,8,5443.11,Risque élevé,-2.0667812250994593,0.02858452068984844,Revenu faible
2662,71,F,Tecnico,Norte,1480.66,2582.86,576,10,3585.78,Risque moyen,-1.098705604318785,0.8087713887529737,Revenu faible
2663,24,F,Secundaria,Norte,1309.36,3403.33,563,12,2114.61,Risque moyen,-1.3488198162451335,1.52774193244884,Revenu faible
2664,42,F,Primaria,Centro,3801.25,6140.53,636,10,12090.18,Risque moyen,1.849559528470344,1.4014293745455009,Revenu élevé
2665,38,F,Postgrado,Centro,3330.03,5968.01,688,4,13305.99,Risque faible,2.4220335809590123,-0.7948192406309228,Revenu élevé
2668,29,F,Secundaria,Sur,1898.43,2956.94,626,4,6656.65,Risque moyen,0.13924278714577945,-1.2282241614781586,Revenu moyen
2669,75,M,Tecnico,Occidente,1335.26,2644.49,560,5,4699.1,Risque moyen,-0.8137539121354689,-0.9569890480939841,Revenu faible
2670,24,M,Secundaria,Occidente,1460.38,3138.64,528,7,5464.07,Risque moyen,-0.8915766035652622,-0.16958515117680148,Revenu faible
2671,32,F,Secundaria,Sur,1349.88,3059.08,545,6,3741.23,Risque moyen,-0.9688699215445596,-0.5888927652584321,Revenu faible
2672,38,M,Universitario,Norte,3049.9,4715.97,684,3,8617.82,Risque faible,1.5975808304230792,-1.3558420523163253,Revenu élevé
2673,36,F,Secundaria,Centro,842.32,216.74,523,4,3221.79,Risque moyen,-1.8407467067381051,-1.5190223115593482,Revenu faible
2676,50,F,Secundaria,Oriente,1026.05,3922.84,496,9,4795.36,Risque élevé,-1.2885801119308364,0.5489029136017415,Revenu faible
2677,66,F,Secundaria,Sur,2484.68,6975.42,732,5,9685.21,Risque faible,2.107452060917268,-0.5610721363777504,Revenu moyen
2678,49,F,Tecnico,Occidente,1149.56,3477.95,496,6,1949.23,Risque élevé,-1.4359644896550692,-0.6021547355815334,Revenu faible
2679,66,F,Universitario,Oriente,7431.72,12549.43,716,8,26505.49,Risque faible,6.798006971967046,1.6937006008593467,Revenu élevé
2680,52,F,Secundaria,Occidente,1429.57,2419.72,582,7,5102.94,Risque moyen,-0.77610143187095,-0.2466675177760999,Revenu faible
2681,61,M,Primaria,Occidente,1321.78,2895.08,570,7,4959.85,Risque moyen,-0.8056573481632188,-0.22721710298702782,Revenu faible
2682,55,M,Primaria,Norte,1442.36,2966.8,501,8,1424.69,Risque moyen,-1.5714709132555136,0.09715045892989006,Revenu faible
2683,43,F,Secundaria,Norte,1455.44,2485.27,543,4,6205.05,Risque moyen,-0.6802994508848159,-1.270640548751761,Revenu faible
2685,52,F,Secundaria,Sur,1634.26,2543.52,566,10,3932.28,Risque moyen,-1.0662110112418972,0.8334643976104182,Revenu moyen
2690,19,M,Secundaria,Occidente,810.1,770.35,505,9,1395.9,Risque moyen,-2.3426572105606005,0.2646715993802675,Revenu faible
2691,63,M,Secundaria,Centro,1316.83,129.3,580,8,3232.45,Risque moyen,-1.5747169836004036,-0.07400530482024656,Revenu faible
2692,26,F,Tecnico,Norte,2693.82,4478.3,632,5,8927.26,Risque moyen,0.9994304239459033,-0.6580232486973211,Revenu moyen
2697,65,M,Universitario,Norte,3795.75,7046.46,710,6,13462.0,Risque faible,2.8653947761307634,0.020851290015238513,Revenu élevé
2699,23,M,Primaria,Centro,739.1,1199.81,386,9,2591.27,Risque élevé,-2.858784553571649,0.3633832936271842,Revenu faible
2702,46,M,Primaria,Centro,1054.36,2875.37,510,10,3781.29,Risque moyen,-1.5829130188916052,0.8192222856809998,Revenu faible
2704,42,M,Universitario,Centro,2981.78,5095.24,652,4,10972.56,Risque faible,1.6404332032569575,-0.9151497571158195,Revenu moyen
2706,22,M,Postgrado,Centro,3392.89,6479.63,659,8,11519.74,Risque faible,1.9527416815140934,0.6437817701212091,Revenu élevé
2708,65,F,Secundaria,Norte,1625.54,3998.29,546,11,5622.94,Risque moyen,-0.768235192942082,1.3217550918904102,Revenu moyen
2709,54,F,Universitario,Sur,1690.54,3323.24,581,4,5267.21,Risque moyen,-0.2772951440072549,-1.2379562043186736,Revenu moyen
2710,32,M,Universitario,Occidente,1323.18,4097.32,553,10,4607.37,Risque moyen,-0.8740035103950112,0.9150017801829068,Revenu faible
2711,61,F,Universitario,Norte,2930.89,5202.58,651,8,10251.54,Risque faible,1.312091914300169,0.5006478741544295,Revenu moyen
2712,53,M,Universitario,Occidente,5360.12,10618.91,672,7,17979.65,Risque faible,4.452865537900366,0.8538493899304133,Revenu élevé
2713,32,F,Secundaria,Norte,1619.75,2490.68,573,6,5687.09,Risque moyen,-0.6122030597123904,-0.5647401928831952,Revenu moyen
2715,65,M,Secundaria,Oriente,1113.12,2540.29,535,12,2032.27,Risque moyen,-1.786791330472855,1.469747000052804,Revenu faible
2716,40,F,Secundaria,Centro,769.03,1557.89,531,6,500.0,Risque moyen,-1.9444323796377532,-0.7982463203126204,Revenu faible
2721,60,F,Tecnico,Occidente,1692.38,2571.38,648,6,5833.05,Risque moyen,-0.1085149140073382,-0.5835976351669044,Revenu moyen
2724,40,M,Secundaria,Sur,1993.08,4272.81,564,6,5632.64,Risque moyen,-0.13732338960527526,-0.4230227694297839,Revenu moyen
2726,72,M,Tecnico,Centro,1700.96,2440.55,548,8,5758.9,Risque moyen,-0.8536382970560775,0.16810659114408702,Revenu moyen
2727,33,M,Postgrado,Sur,1810.01,2817.04,559,13,4117.81,Risque moyen,-1.144517921303529,1.9461218197645245,Revenu moyen
2728,64,M,Secundaria,Centro,4326.37,7775.96,671,4,14515.33,Risque faible,3.2450411648567363,-0.56005556430866,Revenu élevé
2731,42,M,Secundaria,Sur,1832.98,4059.82,572,3,3348.44,Risque moyen,-0.24918553542060576,-1.578567863735963,Revenu moyen
2733,28,F,Primaria,Centro,662.93,470.55,441,5,1015.3,Risque élevé,-2.6332835563361043,-1.176805581803347,Revenu faible
2734,68,M,Postgrado,Occidente,2030.51,3497.1,560,10,7153.56,Risque moyen,-0.40345037135247985,1.002028000311795,Revenu moyen
2735,32,F,Universitario,Norte,1577.08,3211.25,679,3,4518.32,Risque faible,0.21387086274027317,-1.6738692061793465,Revenu moyen
2737,38,F,Primaria,Oriente,871.2,1608.35,540,8,500.0,Risque moyen,-1.963122852965192,-0.07449705153566867,Revenu faible
2739,39,M,Universitario,Norte,2226.6,3746.37,556,7,7209.21,Risque moyen,-0.09915137458423907,-0.03447775741677869,Revenu moyen
2741,51,F,Primaria,Sur,1255.57,2733.68,545,3,3243.76,Risque moyen,-0.9407726011507199,-1.7006957145734387,Revenu faible
2742,31,M,Tecnico,Centro,1103.85,1994.62,549,2,2689.51,Risque moyen,-1.131556086492331,-2.129898555720423,Revenu faible
2743,21,M,Tecnico,Sur,3064.9,7612.36,655,7,10899.25,Risque faible,2.031135805516447,0.3083926363381808,Revenu élevé
2745,70,F,Universitario,Centro,2344.37,4545.77,702,8,8707.98,Risque faible,1.0697857276044773,0.34882159036174215,Revenu moyen
2746,69,M,Postgrado,Norte,2741.09,4691.42,674,4,10583.35,Risque faible,1.5439140500773498,-0.9802012019412686,Revenu moyen
2748,44,M,Secundaria,Oriente,895.23,2419.76,484,12,5499.13,Risque élevé,-1.847503951395919,1.5433116394350328,Revenu faible
2751,45,F,Primaria,Centro,1948.84,4437.99,592,5,4174.84,Risque moyen,-0.04317796683344733,-0.8207869727137213,Revenu moyen
2752,52,M,Secundaria,Norte,1084.08,1856.56,523,9,4398.5,Risque moyen,-1.5840537434541366,0.4135243921920257,Revenu faible
2756,53,M,Primaria,Occidente,723.45,1709.21,437,13,500.0,Risque élevé,-2.9219055528580284,1.7514695332149297,Revenu faible
2757,47,M,Tecnico,Inconnue,2351.65,3936.58,653,4,7233.56,Risque faible,0.7540498915287736,-1.1273464203404786,Revenu moyen
2758,35,F,Primaria,Sur,2277.4,4670.17,631,9,5224.26,Risque moyen,0.2303730961437202,0.660429825053555,Revenu moyen
2759,19,M,Secundaria,Sur,1944.16,3127.84,578,5,7556.51,Risque moyen,-0.05801514733446962,-0.814444331206916,Revenu moyen
2760,66,F,Secundaria,Occidente,1672.94,3231.69,546,8,7021.98,Risque moyen,-0.579821328263645,0.2407506175995098,Revenu moyen
2761,30,F,Universitario,Sur,2894.31,7320.19,670,2,11108.67,Risque faible,2.3202323512583174,-1.5146641742441251,Revenu moyen
2762,21,F,Primaria,Sur,1970.66,3931.7,579,9,5391.39,Risque moyen,-0.34292864723769834,0.6155656902950012,Revenu moyen
2763,43,F,Tecnico,Sur,3927.61,7939.06,668,10,12605.68,Risque faible,2.5245837647980154,1.5149866035428847,Revenu élevé
2765,47,M,Tecnico,Sur,1837.4,1721.5,532,7,5130.43,Risque moyen,-1.0452158925649815,-0.22514599315359432,Revenu moyen
2767,24,M,Universitario,Oriente,2502.76,5601.54,580,5,5848.16,Risque moyen,0.5356881326358003,-0.6573121887897654,Revenu moyen
2768,48,M,Tecnico,Oriente,2313.12,3215.82,556,9,6628.11,Risque moyen,-0.360083880016599,0.6450133330478202,Revenu moyen
2769,61,M,Secundaria,Centro,4207.28,7434.5,687,4,16731.38,Risque faible,3.444588492912918,-0.54831178244824,Revenu élevé
2772,30,F,Tecnico,Occidente,4043.23,8198.71,690,9,15158.47,Risque faible,3.0818120321734015,1.2312918825156642,Revenu élevé
2773,48,F,Universitario,Centro,5383.96,9001.06,633,4,16022.88,Risque moyen,3.877157103305498,-0.3370499061074153,Revenu élevé
2774,24,F,Secundaria,Centro,1848.67,3782.34,534,8,5989.18,Risque moyen,-0.5664187850728661,0.2714783368004249,Revenu moyen
2775,73,F,Universitario,Oriente,2039.45,4256.28,662,6,8785.34,Risque faible,0.7787493190674729,-0.3924078851510349,Revenu moyen
2776,66,F,Secundaria,Sur,2312.39,4808.73,615,6,7547.3,Risque moyen,0.6060997225327334,-0.3411959134213559,Revenu moyen
2777,59,F,Secundaria,Centro,1574.31,2083.02,519,6,4284.43,Risque moyen,-1.179249785449074,-0.6001042309891367,Revenu moyen
2780,53,F,Secundaria,Norte,1522.41,1488.39,519,8,1615.73,Risque moyen,-1.7258033275909725,0.015290523380405496,Revenu moyen
2781,37,F,Universitario,Norte,3041.48,4692.79,640,4,12073.14,Risque moyen,1.6224313556524634,-0.9025115573276091,Revenu élevé
2782,21,M,Secundaria,Sur,1549.18,2121.56,533,4,2005.88,Risque moyen,-1.2080914512393333,-1.3732076268671793,Revenu moyen
2783,71,M,Tecnico,Sur,2834.98,5708.34,716,7,11949.32,Risque faible,1.9984369551586447,0.17237767103326412,Revenu moyen
2784,24,M,Universitario,Oriente,2098.76,4592.16,547,9,7726.56,Risque moyen,-0.09812263989540806,0.7332510464608787,Revenu moyen
2786,18,M,Universitario,Occidente,2723.74,4135.99,714,9,8539.31,Risque faible,1.1320919486271832,0.709579807763903,Revenu moyen
2790,59,F,Secundaria,Centro,1237.51,1341.8,532,12,6307.98,Risque moyen,-1.5676131741615014,1.510122755239835,Revenu faible
2791,64,M,Universitario,Sur,2322.55,4176.44,671,7,9735.65,Risque faible,0.9679903052160398,0.004945361365385788,Revenu moyen
2792,30,F,Universitario,Sur,1946.97,3336.57,534,8,6309.89,Risque moyen,-0.5869297468726198,0.2622549336327915,Revenu moyen
2794,39,F,Primaria,Sur,572.7,2070.64,450,12,1504.15,Risque élevé,-2.6661896533256386,1.4173317703808521,Revenu faible
2796,38,M,Tecnico,Centro,1692.92,2095.96,549,8,3743.77,Risque moyen,-1.130960577754245,0.10136366849420135,Revenu moyen
2799,26,M,Universitario,Centro,2747.18,4714.38,560,5,6477.18,Risque moyen,0.39660035672462696,-0.6622253597047357,Revenu moyen
2800,43,F,Secundaria,Sur,1112.57,1442.22,602,9,4296.45,Risque moyen,-1.2056017037158782,0.3543549209893929,Revenu faible
2801,26,M,Postgrado,Norte,3122.88,5325.74,624,12,10331.43,Risque moyen,1.0176920742821967,1.9703190527924521,Revenu élevé
2802,32,M,Secundaria,Sur,1349.85,1841.65,487,7,3713.98,Risque élevé,-1.6333981871587329,-0.27641402374033125,Revenu faible
2803,27,M,Postgrado,Oriente,1422.49,2146.46,495,8,2606.03,Risque élevé,-1.6676349028537156,0.07710347108055784,Revenu faible
2804,41,M,Secundaria,Oriente,1830.15,3432.74,571,9,6213.79,Risque moyen,-0.46995406757496233,0.5954377080154343,Revenu moyen
2809,41,M,Secundaria,Inconnue,2257.45,2780.49,560,12,4667.91,Risque moyen,-0.8406887397709459,1.641066505082773,Revenu moyen
2810,33,M,Universitario,Centro,2237.12,4997.88,588,10,7660.9,Risque moyen,0.21760238386578606,1.1075890467481113,Revenu moyen
2811,66,F,Primaria,Oriente,1385.61,2118.36,545,2,5912.15,Risque moyen,-0.6805049434642382,-2.0212244000177755,Revenu faible
2812,43,M,Primaria,Oriente,1723.91,3377.4,568,8,3073.0,Risque moyen,-0.8035564296517544,0.15489097514371064,Revenu moyen
2813,44,F,Secundaria,Occidente,3204.12,6439.71,608,5,8950.18,Risque moyen,1.489144097839368,-0.48435696675303186,Revenu élevé
2814,54,F,Universitario,Norte,2136.95,4589.54,606,3,7451.57,Risque moyen,0.6111222167316607,-1.4414426838323608,Revenu moyen
2815,21,M,Tecnico,Centro,1930.56,3883.21,594,7,5618.04,Risque moyen,-0.1334379172295569,-0.10783248856229369,Revenu moyen
2816,67,M,Secundaria,Sur,2038.85,3132.59,616,6,6203.82,Risque moyen,0.004768531618030454,-0.49525540116448535,Revenu moyen
2817,41,F,Secundaria,Oriente,1932.26,2442.35,602,3,6757.37,Risque moyen,-0.024062220195227184,-1.5993206140698897,Revenu moyen
2818,36,F,Primaria,Centro,941.93,3135.68,458,6,1654.24,Risque élevé,-1.8490095928910402,-0.6313509650375638,Revenu faible
2819,53,M,Secundaria,Centro,1458.2,2729.69,505,4,3212.2,Risque moyen,-1.1581369096366185,-1.306754361231174,Revenu faible
2820,56,F,Secundaria,Centro,1987.9,3950.83,557,7,4669.16,Risque moyen,-0.41027911004447437,-0.10324172763956088,Revenu moyen
2822,42,M,Tecnico,Centro,4263.36,7935.96,593,8,13021.13,Risque moyen,2.3903765284176544,0.8748206699837968,Revenu élevé
2824,36,M,Primaria,Inconnue,827.97,1260.27,466,8,1084.71,Risque élevé,-2.4303153352389915,-0.05227195169916955,Revenu faible
2826,27,F,Secundaria,Centro,954.89,2078.05,506,10,2222.62,Risque moyen,-1.9768903916960225,0.7300874524769726,Revenu faible
2829,67,M,Universitario,Oriente,2482.96,6001.99,604,5,7924.08,Risque moyen,0.9665656103267054,-0.5998629986017623,Revenu moyen
2834,61,F,Tecnico,Centro,2714.23,4442.6,653,6,9094.95,Risque faible,1.0786694577964624,-0.30624086133346007,Revenu moyen
2835,51,M,Primaria,Centro,533.08,620.56,473,9,589.93,Risque élevé,-2.761021441592518,0.22576913064489748,Revenu faible
2837,72,M,Tecnico,Centro,2423.82,2832.74,584,14,8417.4,Risque moyen,-0.3590947508913234,2.449040561975173,Revenu moyen
2838,38,F,Tecnico,Norte,911.58,1903.53,463,14,1079.97,Risque élevé,-2.652193483472055,2.139641427462612,Revenu faible
2842,54,M,Universitario,Norte,5142.71,8958.06,764,6,19827.95,Risque faible,4.803735485605645,0.37964548531275744,Revenu élevé
2843,32,M,Secundaria,Oriente,1726.67,3315.71,555,7,4293.04,Risque moyen,-0.7042516387069749,-0.17256147337492816,Revenu moyen
2844,52,M,Universitario,Norte,2294.72,5220.81,684,5,6820.09,Risque faible,1.079879785419243,-0.7240543399769381,Revenu moyen
2845,45,M,Secundaria,Centro,1309.81,2319.11,507,7,3092.7,Risque moyen,-1.4950299664270295,-0.2755966074633093,Revenu faible
2846,24,M,Primaria,Centro,1418.57,2315.92,545,4,4842.71,Risque moyen,-0.8596350822267497,-1.3156668453979679,Revenu faible
2847,49,M,Secundaria,Occidente,1663.6,2098.98,483,8,6481.13,Risque élevé,-1.2499308971341887,0.19032615332267833,Revenu moyen
2848,28,F,Primaria,Norte,1428.96,1872.4,536,9,2786.18,Risque moyen,-1.525762192032347,0.40501856585773865,Revenu faible
2855,19,M,Secundaria,Centro,1197.08,2145.8,424,8,4508.07,Risque élevé,-1.984380550799058,0.1305313549778509,Revenu faible
2857,24,F,Universitario,Occidente,2266.95,3201.28,593,6,6433.65,Risque moyen,0.0027796454617153455,-0.45398461461865564,Revenu moyen
2858,38,F,Tecnico,Sur,2903.7,5373.48,666,10,9638.65,Risque faible,1.2373292745515054,1.2024950221211992,Revenu moyen
2859,35,F,Tecnico,Centro,1975.07,4240.36,589,4,7595.42,Risque moyen,0.32182322148026554,-1.108643176185035,Revenu moyen
2862,71,F,Secundaria,Occidente,950.98,892.66,547,7,1245.29,Risque moyen,-1.9013003700493118,-0.452255313170991,Revenu faible
2863,56,M,Secundaria,Oriente,1131.31,2171.43,559,6,3176.64,Risque moyen,-1.2237488705222748,-0.6802478656688664,Revenu faible
2865,66,F,Tecnico,Norte,1427.79,1438.09,562,7,4079.54,Risque moyen,-1.2075638139442253,-0.3178749958786595,Revenu faible
2866,28,M,Secundaria,Norte,2534.68,2892.68,646,3,8641.63,Risque moyen,0.7750724873195162,-1.4930075114171897,Revenu moyen
2867,56,M,Tecnico,Norte,1065.81,1959.53,503,8,1125.63,Risque moyen,-1.960981529907053,-0.00479376185798718,Revenu faible
2868,41,F,Primaria,Norte,1615.02,2245.95,574,3,2882.9,Risque moyen,-0.7605073816178817,-1.7159194122408452,Revenu moyen
2871,21,F,Tecnico,Inconnue,1104.26,1423.06,499,9,2424.19,Risque élevé,-2.011346217063681,0.356492239310087,Revenu faible
2873,55,M,Secundaria,Sur,1155.56,2769.26,547,8,1792.6,Risque moyen,-1.4245990182837356,0.04597394978954035,Revenu faible
2874,59,M,Secundaria,Centro,2210.31,5151.02,565,11,7246.31,Risque moyen,-0.0015115146175551709,1.47246080241943,Revenu moyen
2875,49,M,Primaria,Occidente,1681.43,2433.79,540,8,5518.32,Risque moyen,-0.9349863870717153,0.1640159702696897,Revenu moyen
2876,56,F,Universitario,Centro,1568.78,3681.74,545,9,7110.93,Risque moyen,-0.5871741457180377,0.6169419687060193,Revenu moyen
2877,62,M,Tecnico,Oriente,1714.06,4075.51,518,5,3617.11,Risque moyen,-0.7106259967220026,-0.8434778537579312,Revenu moyen
2878,63,F,Primaria,Centro,1534.28,3950.51,529,9,3704.05,Risque moyen,-0.988452415333059,0.5594273565190433,Revenu moyen
2879,53,F,Universitario,Occidente,2257.74,3858.87,559,6,4516.12,Risque moyen,-0.2585988477297286,-0.4447809913624721,Revenu moyen
2881,54,F,Universitario,Sur,2919.59,5185.07,624,7,9619.66,Risque moyen,1.1424315670400351,0.13885719753811876,Revenu moyen
2884,20,M,Primaria,Sur,743.5,879.22,497,4,2889.55,Risque élevé,-1.9286998387813166,-1.4858433147173888,Revenu faible
2885,26,F,Secundaria,Centro,1061.21,2800.47,414,8,2391.08,Risque élevé,-2.178497310916259,0.11218209189121359,Revenu faible
2886,25,M,Universitario,Occidente,2343.71,3772.64,563,12,5916.63,Risque moyen,-0.4486395698776287,1.733680904218277,Revenu moyen
2887,50,M,Tecnico,Oriente,1645.67,3020.88,579,7,5198.24,Risque moyen,-0.5664029665340828,-0.18771517538208002,Revenu moyen
2888,23,F,Tecnico,Centro,1403.49,2907.19,546,10,6859.77,Risque moyen,-0.9026614867507715,0.9077262822377254,Revenu faible
2889,58,F,Universitario,Centro,3218.89,6789.94,644,5,7718.71,Risque moyen,1.6549406150880048,-0.5066854995132885,Revenu élevé
2890,56,M,Secundaria,Oriente,1799.85,3722.88,618,9,4555.19,Risque moyen,-0.31481773683103337,0.5507238441771657,Revenu moyen
2891,21,F,Universitario,Inconnue,1130.93,2780.96,504,11,1649.23,Risque moyen,-1.8875913997959248,1.1331233066749005,Revenu faible
2892,30,M,Universitario,Norte,1321.66,2725.19,621,6,5781.11,Risque moyen,-0.3948404346516309,-0.5990372435335594,Revenu faible
2893,66,F,Secundaria,Norte,1009.47,2049.18,509,15,3099.8,Risque moyen,-2.1649877100689,2.5399351354288817,Revenu faible
2894,19,M,Primaria,Norte,796.97,2132.6,437,3,1568.45,Risque élevé,-2.0669518838512912,-1.7685102345677364,Revenu faible
2895,22,F,Universitario,Centro,1730.31,1252.16,626,7,6430.1,Risque moyen,-0.5028683443261884,-0.2754937734531649,Revenu moyen
2896,61,M,Secundaria,Centro,1298.79,2903.01,537,10,2327.56,Risque moyen,-1.4653906917823234,0.7991094998407551,Revenu faible
2897,44,F,Universitario,Sur,2830.58,3434.16,661,12,8856.5,Risque faible,0.5612113332961626,1.782806982034645,Revenu moyen
2898,49,M,Primaria,Sur,734.13,908.54,423,6,500.0,Risque élevé,-2.732053696677636,-0.7906057083516864,Revenu faible
2899,38,M,Tecnico,Sur,1266.81,2997.13,540,4,5095.2,Risque moyen,-0.7821337767224271,-1.2826829342649586,Revenu faible
2900,25,M,Secundaria,Centro,711.29,1149.34,449,8,3056.13,Risque élevé,-2.4001941856730187,-0.0176103957711149,Revenu faible
2901,55,M,Primaria,Occidente,813.64,1408.29,502,10,1580.07,Risque moyen,-2.2672440867716066,0.6650732284366171,Revenu faible
2904,20,F,Secundaria,Sur,902.57,0.0,506,3,500.0,Risque moyen,-2.1784324307515806,-1.9372842825026688,Revenu faible
2911,19,F,Secundaria,Occidente,2412.74,5049.0,664,6,7577.18,Risque faible,0.9902711065634789,-0.3390818403270969,Revenu moyen
2916,34,M,Primaria,Sur,2664.43,4542.93,677,2,9634.93,Risque faible,1.5257396397737888,-1.7340412847124218,Revenu moyen
2918,51,F,Tecnico,Centro,2013.51,3326.91,625,5,5179.69,Risque moyen,0.04569395845025875,-0.8711742295831343,Revenu moyen
2919,40,F,Universitario,Centro,3965.26,7103.18,681,8,14517.5,Risque faible,2.7608832016330775,0.7923443645752009,Revenu élevé
2921,69,F,Primaria,Sur,1235.84,1946.49,577,7,3387.1,Risque moyen,-1.162762531315415,-0.32910114327287393,Revenu faible
2922,25,F,Postgrado,Centro,5296.19,8847.24,618,6,15718.73,Risque moyen,3.563478019171246,0.36068029432664944,Revenu élevé
2923,39,M,Tecnico,Oriente,2367.19,3468.53,644,5,7309.16,Risque moyen,0.553675444229543,-0.7896708759395963,Revenu moyen
2924,61,F,Postgrado,Occidente,2751.87,6353.9,664,8,9791.8,Risque faible,1.5106346470136474,0.534085603020395,Revenu moyen
2926,53,F,Tecnico,Norte,1316.45,697.75,536,10,1742.34,Risque moyen,-1.9912448233562046,0.660171400556382,Revenu faible
2927,22,F,Universitario,Centro,4794.04,8535.32,729,5,20486.14,Risque faible,4.492753493049697,-0.005031886401036611,Revenu élevé
2928,30,F,Secundaria,Centro,1913.92,4233.03,537,9,5615.23,Risque moyen,-0.5269101407776309,0.6515902344193906,Revenu moyen
2929,46,F,Postgrado,Centro,2788.17,3683.27,628,6,8210.33,Risque moyen,0.7107366455062354,-0.35195646782372625,Revenu moyen
2931,64,F,Secundaria,Centro,1683.03,2980.11,516,10,2271.83,Risque moyen,-1.4179753911695818,0.8483952460470172,Revenu moyen
2932,74,M,Universitario,Norte,1933.68,2058.87,605,8,5936.99,Risque moyen,-0.4837237994141288,0.14653112256308684,Revenu moyen
2934,33,F,Secundaria,Norte,2078.87,3567.6,600,3,6690.25,Risque moyen,0.2568972335169109,-1.5207306158160125,Revenu moyen
2935,59,F,Primaria,Centro,1847.4,2297.07,534,10,3111.03,Risque moyen,-1.3020580832959296,0.8353323520268715,Revenu moyen
2936,47,M,Universitario,Norte,4530.71,7541.94,693,8,15423.01,Risque faible,3.25339092302611,0.8867426196301548,Revenu élevé
2938,72,M,Tecnico,Norte,2126.68,4016.97,600,5,5891.1,Risque moyen,0.1650636623360901,-0.7930501025018502,Revenu moyen
2939,33,M,Tecnico,Occidente,936.37,2031.32,518,9,4242.28,Risque moyen,-1.6541244541117603,0.408295977360421,Revenu faible
2940,29,F,Universitario,Oriente,2344.2,3680.62,607,7,8465.13,Risque moyen,0.3649868202951895,-0.02164690630723154,Revenu moyen
2942,33,F,Postgrado,Occidente,8414.89,15031.62,695,7,24294.84,Risque faible,7.446304095264162,1.5332226974609606,Revenu élevé
2943,29,F,Secundaria,Centro,2619.06,4364.29,586,3,8520.1,Risque moyen,0.7565977164988671,-1.375393673127175,Revenu moyen
2944,25,F,Tecnico,Sur,869.83,1373.64,448,6,3698.99,Risque élevé,-2.101422778855078,-0.6896514798805286,Revenu faible
2945,37,M,Secundaria,Norte,1120.49,2295.48,486,3,4826.2,Risque élevé,-1.2747266226674314,-1.6766485720451156,Revenu faible
2946,20,M,Secundaria,Oriente,1988.26,3806.13,583,11,3461.92,Risque moyen,-0.661676131676927,1.2796862375651734,Revenu moyen
2947,33,M,Tecnico,Norte,1965.84,3164.51,549,12,6372.44,Risque moyen,-0.7707894065735608,1.6790144956782904,Revenu moyen
2950,40,M,Universitario,Occidente,3511.71,6861.14,661,6,11176.07,Risque faible,2.184640412832272,-0.046581250240368695,Revenu élevé
2951,45,M,Primaria,Norte,2984.38,6457.68,656,9,10511.97,Risque faible,1.594020539991353,0.9397113685345697,Revenu moyen
2952,68,M,Universitario,Centro,1516.54,2320.17,645,11,7138.67,Risque moyen,-0.43121696630044865,1.2037832594740008,Revenu moyen
2954,71,M,Primaria,Oriente,565.04,118.11,442,11,687.03,Risque élevé,-3.1515609763680765,0.9309720880298307,Revenu faible
2957,57,F,Postgrado,Centro,4207.4,8097.12,774,2,17370.88,Risque faible,4.28756092900298,-1.2497273844069916,Revenu élevé
2959,61,F,Secundaria,Norte,1689.8,2217.55,556,7,7494.07,Risque moyen,-0.6178867187512532,-0.16783227085391442,Revenu moyen
2960,18,F,Secundaria,Centro,1035.16,2964.29,493,7,2160.93,Risque élevé,-1.6509602249323383,-0.27913268160001015,Revenu faible
2961,74,M,Tecnico,Occidente,959.82,1044.33,522,6,2997.6,Risque moyen,-1.770223585082472,-0.7493267032093066,Revenu faible
2964,37,M,Tecnico,Oriente,1643.62,3081.37,553,5,4781.67,Risque moyen,-0.6252026861038302,-0.8972539483474185,Revenu moyen
2965,23,M,Postgrado,Centro,1314.57,1192.68,488,7,1615.9,Risque élevé,-1.9950982108476063,-0.3652738077570507,Revenu faible
2967,35,F,Secundaria,Oriente,1570.81,500.11,560,10,4154.51,Risque moyen,-1.538163717894204,0.7166801862718707,Revenu moyen
2968,25,F,Universitario,Centro,2706.72,4343.37,602,7,9834.98,Risque moyen,0.7678971255083095,0.08454198409381126,Revenu moyen
2969,56,F,Universitario,Norte,5089.63,8869.77,782,3,19120.98,Risque faible,4.983688784456316,-0.7273193149584009,Revenu élevé
2971,50,F,Secundaria,Norte,1453.24,3138.54,535,9,2617.93,Risque moyen,-1.2704997775565319,0.47738035656332745,Revenu faible
2972,70,F,Secundaria,Centro,3141.46,4917.47,622,2,8417.09,Risque moyen,1.355570893894599,-1.669632925174667,Revenu élevé
2973,33,M,Postgrado,Occidente,5500.15,11236.17,592,11,16891.6,Risque moyen,3.8097478045186266,2.344667341109149,Revenu élevé
2974,29,M,Primaria,Oriente,620.96,1441.22,440,12,1756.29,Risque élevé,-2.8123757509575134,1.395643362488994,Revenu faible
2975,55,F,Tecnico,Sur,3545.21,6179.06,633,8,9205.45,Risque moyen,1.5621001428338814,0.6002659964372301,Revenu élevé
2976,69,F,Secundaria,Centro,767.86,1964.04,480,9,2798.08,Risque élevé,-2.110531665831958,0.3727934388187766,Revenu faible
2978,31,M,Universitario,Sur,3296.23,6072.91,661,8,7768.09,Risque faible,1.4529146689854566,0.5252879208613157,Revenu élevé
2979,53,F,Secundaria,Sur,1668.43,1988.98,575,3,2870.19,Risque moyen,-0.7880869170109366,-1.726463106855308,Revenu moyen
2980,50,M,Universitario,Oriente,2060.23,4355.69,636,12,7432.64,Risque moyen,0.1417259490951126,1.7418719748715052,Revenu moyen
2982,67,M,Postgrado,Centro,1138.83,356.91,529,9,4312.75,Risque moyen,-1.8524628927349183,0.3271663607374237,Revenu faible
2983,62,M,Secundaria,Norte,1670.23,1903.41,578,13,4960.07,Risque moyen,-1.1981984360905495,1.8903203260599397,Revenu moyen
2984,19,M,Primaria,Centro,1163.23,2086.63,487,7,2554.04,Risque élevé,-1.778432376301631,-0.3062189164242,Revenu faible
2986,38,M,Universitario,Norte,2108.12,2536.11,619,8,2291.77,Risque moyen,-0.6015743006931286,0.10212640781267883,Revenu moyen
2987,19,M,Universitario,Occidente,1808.95,1755.08,570,8,3698.93,Risque moyen,-1.0358046933709786,0.08219581502427417,Revenu moyen
2988,44,F,Secundaria,Occidente,1196.45,1799.99,472,6,3738.9,Risque élevé,-1.7294586699053123,-0.6437038688347273,Revenu faible
2989,74,F,Tecnico,Occidente,1312.58,3635.99,549,7,1051.66,Risque moyen,-1.1772097155043035,-0.2640304757232299,Revenu faible
2990,26,M,Universitario,Occidente,1895.2,2972.43,608,5,4387.56,Risque moyen,-0.2601253250320169,-0.9132543099476038,Revenu moyen
2992,28,F,Tecnico,Occidente,2308.43,2035.71,615,7,7316.4,Risque moyen,-0.06931750056650147,-0.14998159057674196,Revenu moyen
2994,69,M,Tecnico,Norte,986.14,886.44,516,7,3069.72,Risque moyen,-1.8830845755164887,-0.39407206853861465,Revenu faible
2995,40,F,Primaria,Inconnue,1248.05,2315.84,597,15,4222.38,Risque moyen,-1.3759050446443102,2.563899750609329,Revenu faible
2997,21,M,Postgrado,Centro,5094.95,9492.69,659,10,16402.34,Risque faible,3.677707123794161,1.8061885354224008,Revenu élevé
3000,23,F,Universitario,Centro,1821.56,3033.51,543,9,3831.52,Risque moyen,-0.9674014211578686,0.5302289494284018,Revenu moyen
3001,52,M,Secundaria,Norte,1545.5,3152.75,589,12,2608.62,Risque moyen,-1.0996747688985142,1.5351868084209928,Revenu moyen
3002,39,M,Universitario,Norte,2037.86,4496.22,515,4,5417.99,Risque moyen,-0.2566628022160565,-1.1037366063215506,Revenu moyen
3003,60,M,Universitario,Centro,1447.12,1468.06,522,14,500.0,Risque moyen,-2.233335909564782,2.1257754249415144,Revenu faible
3004,32,F,Postgrado,Norte,2279.02,5426.18,642,9,8276.13,Risque moyen,0.7692113954880159,0.7684448405547541,Revenu moyen
3005,39,F,Secundaria,Norte,2612.9,4122.57,617,7,8831.48,Risque moyen,0.6672147963531816,0.03336473572425996,Revenu moyen
3007,69,F,Universitario,Sur,3436.34,5467.58,649,7,11954.51,Risque moyen,1.8047071122476768,0.2460129425486011,Revenu élevé
3008,59,M,Secundaria,Inconnue,1401.76,2616.44,598,4,5620.58,Risque moyen,-0.4112832994502823,-1.3061198830046394,Revenu faible
3009,29,F,Tecnico,Sur,3947.36,6796.69,666,8,12550.79,Risque faible,2.398345812851251,0.7351665080088128,Revenu élevé
3010,64,F,Tecnico,Centro,2931.94,6853.64,660,6,7798.54,Risque faible,1.5885280044137988,-0.17817205059050886,Revenu moyen
3011,66,M,Secundaria,Norte,1491.42,2052.87,548,6,5380.01,Risque moyen,-0.9371462954680413,-0.59804124124724,Revenu faible
3013,55,F,Tecnico,Inconnue,2721.97,4083.88,622,7,7020.85,Risque moyen,0.5481110993643556,-0.0016601901896738651,Revenu moyen
3018,41,M,Universitario,Occidente,6381.51,11610.26,737,5,25106.17,Risque faible,6.328106080069536,0.4253674875295146,Revenu élevé
3019,59,M,Primaria,Occidente,1158.2,2085.52,548,9,3926.15,Risque moyen,-1.40598983732838,0.41193278781611586,Revenu faible
3020,47,M,Secundaria,Inconnue,3667.96,6923.88,648,10,13284.94,Risque moyen,2.1531543992362363,1.4557422877214934,Revenu élevé
3021,31,F,Universitario,Oriente,3222.57,5893.06,682,14,9199.32,Risque faible,1.2795957351045102,2.6761500620762266,Revenu élevé
3022,23,F,Tecnico,Oriente,1771.02,2384.81,571,9,4165.99,Risque moyen,-0.9268666332178878,0.48276282534354176,Revenu moyen
3026,69,F,Universitario,Sur,1463.75,2209.38,520,6,6147.9,Risque moyen,-1.0014643489014652,-0.5616451512281484,Revenu faible
3027,31,M,Universitario,Inconnue,2579.62,5065.11,599,10,7310.67,Risque moyen,0.40356434841498684,1.1312640048762126,Revenu moyen
3028,26,F,Universitario,Centro,2842.62,5308.76,677,8,9876.1,Risque faible,1.412197870405416,0.47820079594034415,Revenu moyen
3029,32,F,Universitario,Occidente,1731.91,2880.69,524,8,4866.08,Risque moyen,-0.9803147349024528,0.18719353725608945,Revenu moyen
3030,38,F,Secundaria,Oriente,2578.04,5451.45,599,7,5935.74,Risque moyen,0.5311093141581571,0.049726425954493274,Revenu moyen
3031,52,M,Universitario,Occidente,2548.34,5361.19,592,7,7876.17,Risque moyen,0.6575695802158238,0.08867519050560771,Revenu moyen
3039,35,M,Tecnico,Centro,1728.54,3155.46,595,7,4125.44,Risque moyen,-0.5192718434176935,-0.20346579382931895,Revenu moyen
3040,27,M,Primaria,Centro,1297.63,2322.63,502,4,1402.27,Risque moyen,-1.514827659289019,-1.3852183688465147,Revenu faible
3041,42,F,Secundaria,Centro,1179.93,302.95,473,5,1393.58,Risque élevé,-2.225914843097648,-1.143096730143171,Revenu faible
3043,42,M,Tecnico,Norte,1296.27,2833.27,604,6,2848.96,Risque moyen,-0.7835223361027652,-0.6538181604573388,Revenu faible
3044,71,F,Tecnico,Norte,1246.73,1874.32,513,10,1479.8,Risque moyen,-1.933316659183687,0.7261520229342262,Revenu faible
3045,50,M,Tecnico,Oriente,3181.62,6483.69,635,4,9790.12,Risque moyen,1.7966406081670436,-0.8346870704139027,Revenu élevé
3047,48,M,Universitario,Sur,3568.56,4276.1,665,3,10026.59,Risque faible,1.7536411115630368,-1.2915105560007367,Revenu élevé
3049,18,M,Tecnico,Sur,3387.63,4810.1,609,2,9726.31,Risque moyen,1.4934474248837613,-1.6169488709632802,Revenu élevé
3051,33,F,Secundaria,Sur,1246.16,1373.02,484,12,5069.64,Risque élevé,-1.9669216324341512,1.5063706630431544,Revenu faible
3052,71,M,Secundaria,Sur,2426.71,4443.33,687,9,8109.64,Risque faible,0.8702815288613969,0.701526158348602,Revenu moyen
3054,69,F,Secundaria,Centro,2051.41,4537.34,556,10,4364.95,Risque moyen,-0.48407348828752855,1.0030915316231839,Revenu moyen
3056,52,M,Secundaria,Oriente,1692.78,2460.41,590,6,4830.18,Risque moyen,-0.5760655557805957,-0.5865555091198537,Revenu moyen
3057,58,M,Postgrado,Sur,6444.24,12626.09,686,11,22821.62,Risque faible,5.6600260923156505,2.6069614906997414,Revenu élevé
3059,42,F,Universitario,Norte,2534.96,4809.22,672,3,7584.09,Risque faible,1.2257203061995532,-1.4174826091725203,Revenu moyen
3061,70,M,Secundaria,Centro,1372.5,2790.99,480,8,5289.21,Risque élevé,-1.3647825369258473,0.1771054198326526,Revenu faible
3062,51,F,Primaria,Sur,2004.93,3632.68,603,7,3789.9,Risque moyen,-0.29017186569551007,-0.1606418098960646,Revenu moyen
3063,25,M,Secundaria,Norte,2167.19,3980.04,509,8,7188.65,Risque moyen,-0.4155779862149081,0.3516643460564246,Revenu moyen
3064,38,M,Universitario,Occidente,8575.54,15802.85,810,6,36251.76,Risque faible,9.643182237189507,1.4541883678311451,Revenu élevé
3065,51,M,Secundaria,Oriente,1445.22,1872.11,560,3,3968.31,Risque moyen,-0.8815531343579056,-1.722940019732908,Revenu faible
3066,21,M,Primaria,Inconnue,1506.83,2862.71,564,10,3793.43,Risque moyen,-1.0777799476400096,0.8375841675209972,Revenu moyen
3067,42,M,Secundaria,Sur,1852.01,1775.09,562,9,5026.8,Risque moyen,-0.9868601218629375,0.4786443668840358,Revenu moyen
3068,32,F,Tecnico,Oriente,2542.44,4580.12,624,6,7378.59,Risque moyen,0.6893090146275572,-0.3403862093182752,Revenu moyen
3069,21,F,Tecnico,Norte,1672.41,2608.69,560,4,4999.67,Risque moyen,-0.58729103130536,-1.2777033914040705,Revenu moyen
3070,62,F,Secundaria,Norte,1923.14,4113.87,598,10,5736.55,Risque moyen,-0.23942761846969926,0.9784154369763444,Revenu moyen
3071,29,M,Secundaria,Centro,1561.38,1692.84,575,5,2494.27,Risque moyen,-1.0590761835969158,-1.0471949715288225,Revenu moyen
3072,49,F,Secundaria,Norte,2240.86,4188.89,546,7,5056.13,Risque moyen,-0.27926863955235276,-0.05163196831699665,Revenu moyen
3074,45,M,Secundaria,Centro,1356.23,3036.39,590,7,4341.34,Risque moyen,-0.7071434961335665,-0.23872435462981284,Revenu faible
3075,30,M,Tecnico,Centro,4568.07,7700.8,673,2,14931.68,Risque faible,3.5094690639582065,-1.2480008984710789,Revenu élevé
3078,37,M,Tecnico,Oriente,2328.1,3267.39,681,3,6782.85,Risque faible,0.7834044721123905,-1.5487443618332297,Revenu moyen
3079,35,F,Secundaria,Sur,1870.46,3008.83,527,5,3740.78,Risque moyen,-0.8057228099273626,-0.8916636444200012,Revenu moyen
3080,46,F,Secundaria,Inconnue,2009.32,2920.24,596,9,4870.06,Risque moyen,-0.49459546849166997,0.5411783849067762,Revenu moyen
3081,23,M,Secundaria,Norte,973.86,305.83,499,8,3750.24,Risque élevé,-2.103901689796736,-0.04829907197163584,Revenu faible
3082,49,F,Universitario,Norte,1804.73,4421.27,580,6,5121.41,Risque moyen,-0.14280382595603805,-0.45112623511956895,Revenu moyen
3084,60,M,Postgrado,Centro,2799.26,4199.94,684,5,7207.12,Risque faible,1.1138610386401337,-0.7263977185921594,Revenu moyen
3085,19,F,Tecnico,Inconnue,3491.59,4407.74,621,4,12873.3,Risque moyen,1.720218815852285,-0.849495664784226,Revenu élevé
3086,40,M,Secundaria,Occidente,884.57,1848.51,585,8,1628.52,Risque moyen,-1.526045544440076,-0.054045771449607864,Revenu faible
3087,36,F,Tecnico,Centro,4307.15,6500.76,646,8,12740.27,Risque moyen,2.3875682108826948,0.7655891647827998,Revenu élevé
3088,48,F,Primaria,Occidente,1458.06,2088.98,589,6,1484.81,Risque moyen,-1.101984602510651,-0.7056288030417005,Revenu faible
3089,68,F,Secundaria,Occidente,933.32,1641.81,439,9,500.0,Risque élevé,-2.586874024842164,0.3363923864340164,Revenu faible
3091,36,F,Primaria,Occidente,1445.46,3923.97,418,10,4831.74,Risque élevé,-1.6310031626762482,0.9824430100097952,Revenu faible
3092,51,F,Universitario,Norte,1366.46,1638.8,590,12,5708.53,Risque moyen,-1.1711249560681218,1.4999752828222834,Revenu faible
3093,27,M,Universitario,Occidente,1992.5,2593.24,608,6,4772.31,Risque moyen,-0.3228619494684755,-0.5596973745309055,Revenu moyen
3094,42,M,Primaria,Centro,719.89,1477.55,373,5,500.0,Risque élevé,-2.8491367961576035,-1.0940395432287047,Revenu faible
3095,19,M,Secundaria,Oriente,1907.31,3148.28,527,11,6407.72,Risque moyen,-0.8619919975060892,1.3256262678227055,Revenu moyen
3097,67,M,Universitario,Sur,1278.49,3428.11,523,6,1058.71,Risque moyen,-1.325254393434767,-0.6250372318190434,Revenu faible
3098,48,F,Secundaria,Sur,2935.27,6484.17,628,8,9245.29,Risque moyen,1.3468628449711513,0.5629687141616887,Revenu moyen
3099,73,F,Secundaria,Occidente,1388.5,2939.11,591,11,2830.59,Risque moyen,-1.1134261927079834,1.1543861767579726,Revenu faible
3100,32,F,Secundaria,Occidente,1232.91,2756.3,515,6,2253.0,Risque moyen,-1.4111150018061103,-0.637731259054162,Revenu faible
3101,26,F,Secundaria,Sur,1797.09,2937.24,639,6,2890.29,Risque moyen,-0.3422964702801494,-0.6148747823165261,Revenu moyen
3102,40,F,Universitario,Sur,2362.48,4793.54,561,7,6906.56,Risque moyen,0.1777980131830469,0.03008843101368828,Revenu moyen
3103,36,F,Universitario,Centro,1638.92,2422.58,547,8,4810.19,Risque moyen,-0.9865989193005891,0.14015700851074706,Revenu moyen
3104,26,M,Secundaria,Oriente,1104.37,1883.33,480,7,3043.42,Risque élevé,-1.8370316428144602,-0.30940216637942125,Revenu faible
3105,52,F,Tecnico,Sur,2537.82,3456.14,602,6,8736.3,Risque moyen,0.45913112225247416,-0.36539392886922367,Revenu moyen
3107,26,M,Primaria,Sur,1144.19,2507.1,534,12,685.04,Risque moyen,-1.9250223431710143,1.4407816864619778,Revenu faible
3108,45,M,Primaria,Centro,2558.55,5479.82,565,8,6045.05,Risque moyen,0.27766334087147543,0.42485608572062034,Revenu moyen
3109,63,F,Secundaria,Norte,1367.33,2822.0,539,9,4566.87,Risque moyen,-1.1498483148098906,0.4930948275318029,Revenu faible
3110,68,F,Universitario,Norte,4396.38,9012.44,705,10,12592.05,Risque faible,3.1639687691000935,1.6049311900066714,Revenu élevé
3115,21,M,Universitario,Centro,5455.42,9169.02,726,9,17387.79,Risque faible,4.317426380740714,1.4563326384729665,Revenu élevé
3118,57,F,Tecnico,Norte,2913.63,5439.53,606,6,8433.55,Risque moyen,1.028696152507677,-0.22323660607892032,Revenu moyen
3119,34,M,Universitario,Oriente,4823.89,8015.1,743,6,14842.78,Risque faible,3.835626102348112,0.1913596154126766,Revenu élevé
3121,56,M,Secundaria,Norte,1881.44,2684.55,575,13,5726.8,Risque moyen,-0.8834883766434083,1.9744173529731222,Revenu moyen
3124,69,M,Secundaria,Oriente,1063.05,2110.5,586,4,3381.69,Risque moyen,-0.9602563692589337,-1.4129407583368954,Revenu faible
3126,55,M,Tecnico,Sur,3306.37,5797.63,655,8,10134.17,Risque faible,1.6063713277544702,0.5664793301695255,Revenu élevé
3127,56,F,Universitario,Sur,2401.22,4583.18,667,5,7928.03,Risque faible,1.0029132207858393,-0.7181723741947907,Revenu moyen
3128,67,M,Tecnico,Centro,2283.26,3721.6,613,6,4880.84,Risque moyen,0.07813354718448878,-0.4663678269275588,Revenu moyen
3130,69,F,Primaria,Centro,1194.86,2445.7,440,11,2568.0,Risque élevé,-2.214216839707535,1.1693555637583781,Revenu faible
3132,24,M,Secundaria,Inconnue,640.98,248.73,434,7,1977.87,Risque élevé,-2.756812136074802,-0.4517117892470009,Revenu faible
3133,44,M,Tecnico,Oriente,1436.36,3827.74,609,4,4688.39,Risque moyen,-0.1711384715730191,-1.25862294584562,Revenu faible
3136,31,M,Universitario,Sur,3856.71,7173.56,702,6,12885.81,Risque faible,2.811555118879465,0.02460653868679054,Revenu élevé
3140,22,M,Secundaria,Sur,1788.56,1606.64,578,11,5746.26,Risque moyen,-1.0060226286757337,1.187028939137857,Revenu moyen
3141,72,M,Universitario,Centro,4773.06,9505.59,715,8,20659.48,Risque faible,4.43753759915879,1.1321414222165525,Revenu élevé
3143,44,F,Universitario,Sur,2193.28,3568.11,606,6,7606.36,Risque moyen,0.24662096714419082,-0.4190840339372221,Revenu moyen
3144,38,M,Secundaria,Oriente,5016.66,9278.55,706,4,18969.47,Risque faible,4.514632015578794,-0.3222252080775227,Revenu élevé
3146,55,F,Universitario,Sur,1178.46,4838.98,523,7,3449.12,Risque moyen,-0.8851865565910072,-0.141179611442054,Revenu faible
3148,38,F,Universitario,Norte,1828.42,3570.92,619,4,7150.48,Risque moyen,0.24962041474414662,-1.184990288837703,Revenu moyen
3150,40,M,Postgrado,Oriente,5847.16,11292.22,741,10,22655.55,Risque faible,5.497262585990678,2.0866462267417694,Revenu élevé
3151,75,F,Universitario,Occidente,3797.03,7259.97,637,8,12303.71,Risque moyen,2.237775747724136,0.7551631101373584,Revenu élevé
3152,73,M,Postgrado,Centro,1585.71,1823.04,495,8,5424.51,Risque élevé,-1.378752621615312,0.13762028073201393,Revenu moyen
3156,30,F,Universitario,Centro,853.41,2044.99,441,12,4887.12,Risque élevé,-2.260194191675388,1.5231200320993454,Revenu faible
3157,38,M,Primaria,Centro,1851.35,2428.69,570,13,6753.98,Risque moyen,-0.87424916071359,1.9821855088574127,Revenu moyen
3159,67,M,Secundaria,Sur,2686.22,4195.15,541,4,6794.69,Risque moyen,0.24442313706675123,-1.0399758688401541,Revenu moyen
3161,38,M,Universitario,Sur,3180.89,5177.63,629,3,11653.09,Risque moyen,1.7379978556434115,-1.2232286369927845,Revenu élevé
3162,70,M,Secundaria,Centro,1759.01,4176.22,578,7,6385.82,Risque moyen,-0.15828492088332352,-0.08264081420038387,Revenu moyen
3164,54,F,Tecnico,Norte,3073.22,5983.51,691,6,7383.68,Risque faible,1.6029390828776606,-0.23847980676230335,Revenu élevé
3166,49,M,Universitario,Occidente,3171.09,6045.15,617,5,10569.62,Risque moyen,1.610932579462856,-0.4778237578461341,Revenu élevé
3167,53,M,Secundaria,Norte,1060.2,1325.16,543,7,3417.59,Risque moyen,-1.5646433333990648,-0.36586917664579965,Revenu faible
3168,34,F,Tecnico,Sur,2828.47,4179.86,691,5,8835.73,Risque faible,1.3301471614517673,-0.6911153220916256,Revenu moyen
3169,52,F,Universitario,Sur,2184.71,3521.58,650,3,7029.87,Risque faible,0.6203738761190515,-1.5281387957330936,Revenu moyen
3170,66,F,Tecnico,Occidente,1853.32,3294.93,683,4,7591.21,Risque faible,0.6233417774758868,-1.2174609893792863,Revenu moyen
3172,38,F,Universitario,Sur,1859.32,3136.03,583,7,4476.75,Risque moyen,-0.5033565438788546,-0.178784710225859,Revenu moyen
3174,72,F,Universitario,Centro,3127.2,5640.28,695,6,7772.97,Risque faible,1.6162333961616346,-0.24623334245046113,Revenu élevé
3175,70,M,Primaria,Oriente,1116.56,1827.91,493,10,1861.25,Risque élevé,-2.0760027382125403,0.7286788035523362,Revenu faible
3178,51,F,Primaria,Oriente,702.46,626.08,472,7,500.0,Risque élevé,-2.5792978199982945,-0.47448580683285113,Revenu faible
3180,65,F,Postgrado,Norte,5456.55,9092.12,711,4,19035.84,Risque faible,4.694948102559338,-0.29185528860621474,Revenu élevé
3181,35,F,Postgrado,Sur,5072.71,9270.56,665,3,18056.49,Risque faible,4.263869619979001,-0.6770970881307442,Revenu élevé
3183,52,M,Primaria,Sur,1928.96,3574.81,576,5,7979.77,Risque moyen,0.062025784288105686,-0.7795138378970038,Revenu moyen
3184,58,M,Secundaria,Sur,1682.17,3610.58,568,6,3666.79,Risque moyen,-0.5856423724937443,-0.5372841958578958,Revenu moyen
3185,46,F,Secundaria,Occidente,1182.09,2128.42,476,14,2266.2,Risque élevé,-2.293397637127194,2.199424439723502,Revenu faible
3186,69,F,Universitario,Occidente,2249.31,4153.71,552,5,8281.89,Risque moyen,0.2081816233705177,-0.6977882857863701,Revenu moyen
3188,55,F,Universitario,Norte,1831.94,3692.6,547,8,6415.12,Risque moyen,-0.4722058283104547,0.2684579178830676,Revenu moyen
3189,59,F,Universitario,Oriente,3241.23,5718.86,623,6,7871.22,Risque moyen,1.2669149394848684,-0.19618091280274794,Revenu élevé
3190,38,F,Tecnico,Sur,1356.8,2942.95,499,12,664.99,Risque élevé,-1.951933589275071,1.5016139800913637,Revenu faible
3192,30,F,Secundaria,Centro,2359.79,4250.0,590,6,7757.41,Risque moyen,0.38196017077020156,-0.35306675213524935,Revenu moyen
3195,34,F,Secundaria,Centro,1103.7,3613.22,516,7,1186.7,Risque moyen,-1.4495190987969522,-0.2673539490325489,Revenu faible
3198,58,F,Tecnico,Sur,4790.73,9249.63,754,9,15781.36,Risque faible,4.056964613358176,1.348736535236245,Revenu élevé
3202,46,M,Postgrado,Sur,3064.85,6196.89,633,4,8943.27,Risque moyen,1.5884472669678742,-0.8806852657459667,Revenu élevé
3203,50,M,Primaria,Norte,2068.17,3526.97,578,13,8609.9,Risque moyen,-0.31347979911300805,2.104871351574905,Revenu moyen
3205,67,M,Universitario,Centro,4360.77,9200.72,651,4,15543.99,Risque faible,3.549194742573342,-0.44192679899996246,Revenu élevé
3209,45,M,Universitario,Norte,5257.4,9596.29,720,4,15504.43,Risque faible,4.409149053737284,-0.36548430591540004,Revenu élevé
3211,72,M,Tecnico,Occidente,1073.86,1816.9,484,7,1762.1,Risque élevé,-1.971821347490295,-0.3469246249850749,Revenu faible
3212,51,F,Universitario,Centro,5067.28,8497.83,685,7,19762.27,Risque faible,4.140675301532524,0.7374173478011345,Revenu élevé
3214,39,M,Tecnico,Norte,3652.94,7514.92,624,9,10969.87,Risque moyen,1.9557742811399181,1.0894787611499681,Revenu élevé
3216,66,F,Primaria,Sur,1651.33,3414.26,626,8,4135.79,Risque moyen,-0.3756828073699569,0.14802717617901792,Revenu moyen
3217,32,F,Primaria,Inconnue,2210.3,4532.5,510,8,6648.62,Risque moyen,-0.3300707751131042,0.37514359661582786,Revenu moyen
3218,34,M,Postgrado,Sur,1943.59,3318.22,605,8,7164.15,Risque moyen,-0.08678678704319064,0.24822132181227982,Revenu moyen
3219,40,F,Tecnico,Sur,2078.16,3677.87,586,14,3487.7,Risque moyen,-0.8185030853990916,2.352756929408863,Revenu moyen
3220,41,F,Primaria,Oriente,977.36,1768.61,514,11,1879.52,Risque moyen,-2.0837137302187374,1.0605024131153378,Revenu faible
3221,62,M,Universitario,Centro,2091.52,4409.43,579,5,6048.89,Risque moyen,0.12618125721992537,-0.760630851136258,Revenu moyen
3224,49,F,Primaria,Norte,1093.98,2203.51,517,8,1054.37,Risque moyen,-1.8224670302169181,0.004123032889029568,Revenu faible
3226,18,F,Tecnico,Sur,3250.96,6348.93,652,6,9498.41,Risque faible,1.742132340302238,-0.1349991691651335,Revenu élevé
3228,54,F,Primaria,Occidente,607.23,831.71,454,10,500.0,Risque élevé,-2.8688489768053214,0.6091649869903817,Revenu faible
3229,25,M,Secundaria,Occidente,1065.84,2245.02,480,11,1463.47,Risque élevé,-2.1885980113922288,1.1024533763339839,Revenu faible
3231,25,F,Postgrado,Occidente,2407.68,5739.08,651,7,8936.38,Risque faible,1.1349102269550384,0.09458412012768327,Revenu moyen
3233,40,M,Tecnico,Occidente,2370.64,3358.71,580,6,6352.12,Risque moyen,-0.005447287389459701,-0.4309664887648494,Revenu moyen
3234,60,M,Primaria,Centro,1818.84,2702.64,513,9,5352.66,Risque moyen,-1.059030999370187,0.5586754321604225,Revenu moyen
3236,62,F,Secundaria,Centro,1329.21,2793.72,500,12,1000.18,Risque moyen,-1.9547802893315749,1.4974596246142786,Revenu faible
3239,52,M,Postgrado,Centro,3161.5,7350.55,669,4,8814.67,Risque faible,2.0718550319236373,-0.8237038178082916,Revenu élevé
3240,41,F,Universitario,Sur,3199.88,6360.02,676,7,11344.21,Risque faible,1.9913447449680395,0.2492633322531276,Revenu élevé
3243,37,M,Secundaria,Oriente,2234.49,4341.41,602,7,5204.3,Risque moyen,0.0950990990430441,-0.06525379874323002,Revenu moyen
3246,75,M,Universitario,Centro,2767.42,4949.25,616,12,8822.47,Risque moyen,0.5876143127932708,1.8841050295198996,Revenu moyen
3248,63,M,Secundaria,Occidente,1557.27,2866.72,510,11,500.0,Risque moyen,-1.7741428004707798,1.150053597415695,Revenu moyen
3250,28,M,Primaria,Centro,468.3,2148.31,459,4,526.18,Risque élevé,-2.2408149889897526,-1.474819919960568,Revenu faible
3251,69,M,Secundaria,Sur,2887.71,5264.61,651,8,9996.08,Risque faible,1.280993671967356,0.4943537791878391,Revenu moyen
3253,36,M,Universitario,Centro,3956.73,6435.15,730,7,14539.84,Risque faible,2.9688692355269426,0.3736859354445819,Revenu élevé
3254,24,M,Secundaria,Oriente,2826.07,4288.22,602,7,7106.97,Risque moyen,0.5260153057436402,0.03105675682874019,Revenu moyen
3255,68,M,Primaria,Norte,2400.84,4356.27,728,11,9172.2,Risque faible,1.0663632767985327,1.4147138267638153,Revenu moyen
3256,45,M,Secundaria,Sur,800.81,1151.93,464,7,1264.15,Risque élevé,-2.3954674680901924,-0.41375343316778596,Revenu faible
3257,68,F,Universitario,Centro,2305.65,3557.85,586,4,9299.26,Risque moyen,0.4724051894398446,-1.0768366450198983,Revenu moyen
3262,47,M,Primaria,Occidente,558.61,0.0,418,6,1544.51,Risque élevé,-2.920026930419446,-0.8341445338098944,Revenu faible
3263,71,M,Primaria,Norte,1085.91,1560.93,516,11,3348.97,Risque moyen,-1.9198219467014102,1.0911244012298404,Revenu faible
3264,49,M,Secundaria,Norte,2933.35,4736.26,651,4,10253.55,Risque faible,1.4644727258947143,-0.9563789809649107,Revenu moyen
3265,25,M,Secundaria,Centro,1067.23,1792.37,548,2,2423.5,Risque moyen,-1.2228816552804993,-2.1506765753305768,Revenu faible
3267,55,M,Tecnico,Centro,1955.09,2100.69,654,7,6107.45,Risque faible,-0.09762896497826783,-0.22477411988991822,Revenu moyen
3269,49,M,Primaria,Norte,1402.07,3530.9,575,5,2476.06,Risque moyen,-0.737966076230972,-0.9562352799542312,Revenu faible
3270,65,F,Secundaria,Inconnue,1097.18,1466.54,493,7,1269.23,Risque élevé,-2.033960026384945,-0.38020468259151374,Revenu faible
3271,45,F,Universitario,Sur,1843.06,4869.1,587,6,4410.53,Risque moyen,-0.06369424627274034,-0.44073069901775236,Revenu moyen
3272,34,M,Tecnico,Norte,1828.16,2620.54,597,7,6751.87,Risque moyen,-0.3096919809308855,-0.1665133505158407,Revenu moyen
3273,48,M,Universitario,Centro,3782.99,6873.13,674,6,11297.97,Risque faible,2.3894020123460127,-0.023125155432896862,Revenu élevé
3274,25,F,Secundaria,Sur,1044.36,2138.33,462,3,500.0,Risque élevé,-1.9250589599698251,-1.780001988480786,Revenu faible
3275,57,M,Secundaria,Occidente,1414.26,1712.2,532,15,3816.09,Risque moyen,-1.85860109648436,2.564820756771687,Revenu faible
3276,42,F,Primaria,Norte,502.62,0.0,458,8,500.0,Risque élevé,-2.9402248248239404,-0.1659587560031827,Revenu faible
3277,26,F,Secundaria,Centro,1194.54,3018.9,497,7,500.0,Risque élevé,-1.7198163802992323,-0.30011963422542426,Revenu faible
3279,32,M,Universitario,Oriente,3483.07,7383.9,666,8,9298.55,Risque faible,1.995185675806955,0.6514410615084304,Revenu élevé
3281,20,M,Secundaria,Occidente,1551.23,3087.49,560,7,5774.94,Risque moyen,-0.6443047684928631,-0.1712674968586926,Revenu moyen
3282,66,M,Secundaria,Centro,1776.48,3228.74,586,13,5442.79,Risque moyen,-0.776412492432373,1.9845899872803385,Revenu moyen
3284,21,M,Secundaria,Centro,817.23,1164.12,452,11,500.0,Risque élevé,-2.785028685227164,1.0069200188029857,Revenu faible
3285,31,M,Universitario,Centro,2945.59,5922.42,656,9,7644.58,Risque faible,1.170102752932619,0.8401696578120165,Revenu moyen
3286,58,M,Primaria,Oriente,1272.91,4394.58,576,10,4440.26,Risque moyen,-0.7138189512541246,0.9133133252923171,Revenu faible
3289,75,F,Secundaria,Occidente,833.26,975.12,432,8,500.0,Risque élevé,-2.7485972361741826,-0.06621168841780443,Revenu faible
3291,67,M,Tecnico,Sur,2037.79,1701.38,617,7,6978.5,Risque moyen,-0.2760241420258466,-0.20369736122259266,Revenu moyen
3293,38,M,Secundaria,Norte,1424.4,2855.51,546,8,3828.74,Risque moyen,-1.0910158348532863,0.12307334927044108,Revenu faible
3294,53,F,Secundaria,Norte,3418.01,6348.86,653,9,10037.54,Risque faible,1.6855889356191922,0.9653604171378435,Revenu élevé
3297,57,M,Secundaria,Sur,1665.93,4195.81,564,7,5697.79,Risque moyen,-0.3459760360125126,-0.09962778808411793,Revenu moyen
3298,19,F,Tecnico,Oriente,1567.43,3005.11,565,4,5382.53,Risque moyen,-0.47838971918100087,-1.2583246423413337,Revenu moyen
3299,71,M,Universitario,Norte,5326.19,9568.69,721,7,20398.84,Risque faible,4.752795322948517,0.8223603415556293,Revenu élevé
3302,49,M,Secundaria,Oriente,889.33,1429.16,429,3,500.0,Risque élevé,-2.3341962653326336,-1.821037141126559,Revenu faible
3303,48,M,Universitario,Centro,2823.98,4876.0,553,9,8064.52,Risque moyen,0.3346809232272147,0.8237684308581352,Revenu moyen
3304,33,F,Primaria,Norte,1576.79,3216.74,556,10,3779.46,Risque moyen,-1.022072273878242,0.8680612214844072,Revenu moyen
3306,49,M,Secundaria,Occidente,2150.31,4659.37,556,9,6534.55,Risque moyen,-0.13176128033495943,0.7110657114815205,Revenu moyen
3307,51,M,Universitario,Centro,1230.99,1442.94,545,6,2858.69,Risque moyen,-1.4515174505377213,-0.7138643641472304,Revenu faible
3309,27,M,Secundaria,Norte,1833.38,2609.13,546,8,7318.51,Risque moyen,-0.6143402670873237,0.22665464020240228,Revenu moyen
3313,35,M,Tecnico,Sur,919.41,617.51,404,7,4656.04,Risque élevé,-2.4640966302638705,-0.32975409105520415,Revenu faible
3314,72,F,Universitario,Centro,2543.34,3916.33,624,4,7480.44,Risque moyen,0.6844663124410452,-1.0916160415357055,Revenu moyen
3315,26,F,Primaria,Norte,1313.45,2757.15,577,5,5399.1,Risque moyen,-0.627108904549125,-0.9443657161011981,Revenu faible
3317,57,F,Universitario,Sur,2193.87,5372.95,587,6,7754.2,Risque moyen,0.5326746806374265,-0.30250402105326235,Revenu moyen
3318,31,M,Tecnico,Sur,1674.71,3903.06,507,11,4985.09,Risque moyen,-1.0628357705619156,1.3240571261497927,Revenu moyen
3319,75,M,Secundaria,Sur,1524.73,3852.62,648,5,4761.54,Risque moyen,0.04550690517023152,-0.9070898821094145,Revenu moyen
3320,42,F,Tecnico,Occidente,1622.23,3535.02,508,7,5342.84,Risque moyen,-0.8701618974101658,-0.1249177952939869,Revenu moyen
3321,67,M,Universitario,Norte,1103.47,488.09,566,7,2918.34,Risque moyen,-1.6398647326536868,-0.4319088826516221,Revenu faible
3322,39,F,Primaria,Occidente,776.16,2296.32,448,7,500.0,Risque élevé,-2.3358464419130853,-0.3598316231256369,Revenu faible
3323,69,M,Tecnico,Centro,2416.46,4931.46,630,11,9385.26,Risque moyen,0.6400023712741113,1.4984736361110846,Revenu moyen
3326,38,M,Tecnico,Occidente,3159.41,6311.88,617,9,9810.35,Risque moyen,1.334686540614168,0.9496365960486627,Revenu élevé
3327,61,M,Primaria,Norte,2021.2,2370.08,648,3,5020.67,Risque moyen,0.09014725026599207,-1.6549940426253382,Revenu moyen
3329,68,F,Postgrado,Sur,6791.13,11708.67,736,4,24929.18,Risque faible,6.558350566249814,0.1089963504894245,Revenu élevé
3332,73,F,Tecnico,Sur,1881.86,2304.91,609,11,7764.04,Risque moyen,-0.4296181005594728,1.2680584839865645,Revenu moyen
3333,38,M,Tecnico,Oriente,1339.95,1119.47,553,6,500.0,Risque moyen,-1.6696108994749623,-0.7791476623493597,Revenu faible
3335,75,F,Primaria,Centro,852.22,1493.31,470,8,1643.46,Risque élevé,-2.2899292359561367,-0.025621240149801112,Revenu faible
3336,49,F,Tecnico,Sur,1701.34,3286.44,616,13,6426.58,Risque moyen,-0.5180503490632121,1.9895074965198094,Revenu moyen
3337,47,F,Secundaria,Centro,1513.88,1913.41,506,3,3329.09,Risque moyen,-1.227489913910027,-1.7041448163885582,Revenu moyen
3338,72,M,Secundaria,Oriente,1336.69,3106.73,564,4,2874.97,Risque moyen,-0.8164192086738726,-1.3306571314762472,Revenu faible
3339,56,M,Universitario,Centro,1338.46,3379.02,502,4,6079.67,Risque moyen,-0.7938544356633207,-1.21435789013857,Revenu faible
3340,66,F,Secundaria,Centro,1974.62,3333.2,569,4,2503.27,Risque moyen,-0.5109263522583569,-1.2673766357469465,Revenu moyen
3342,58,M,Primaria,Oriente,1333.71,1948.03,526,7,2538.49,Risque moyen,-1.508773606799062,-0.31591012165569754,Revenu faible
3348,25,F,Universitario,Centro,1327.91,2815.64,575,5,4019.11,Risque moyen,-0.7620924289584793,-0.9698897414058004,Revenu faible
3350,57,F,Secundaria,Centro,6801.3,12281.24,778,9,25855.0,Risque faible,6.713624026062837,1.9330231753998126,Revenu élevé
3351,63,M,Universitario,Norte,4460.95,9360.06,734,2,13911.22,Risque faible,4.070522409604852,-1.212543254763514,Revenu élevé
3352,24,M,Primaria,Centro,724.67,802.85,430,10,1715.92,Risque élevé,-2.842361758912451,0.6569727608621015,Revenu faible
3353,40,M,Secundaria,Norte,1852.31,3814.61,563,8,7701.23,Risque moyen,-0.21170080386518184,0.2993421733365208,Revenu moyen
3355,49,M,Secundaria,Norte,1295.14,3785.01,489,10,5465.11,Risque élevé,-1.2404136752499408,0.9424188935542547,Revenu faible
3356,28,M,Secundaria,Centro,812.46,0.0,499,8,500.0,Risque élevé,-2.5696726597380914,-0.1548807325979439,Revenu faible
3357,39,M,Primaria,Occidente,1508.08,3687.1,543,5,4378.3,Risque moyen,-0.653663468754328,-0.8796742817222261,Revenu moyen
3359,60,F,Secundaria,Centro,551.95,0.0,453,13,500.0,Risque élevé,-3.26150231346357,1.6288352475717778,Revenu faible
3360,42,M,Tecnico,Sur,1498.2,1937.72,604,1,5381.66,Risque moyen,-0.31660053467361804,-2.4170805844119863,Revenu faible
3362,45,M,Tecnico,Norte,1259.55,3216.29,572,3,4505.61,Risque moyen,-0.5484671010075262,-1.6559684983515957,Revenu faible
3363,46,M,Secundaria,Sur,1981.46,4858.68,513,5,2784.15,Risque moyen,-0.5479971766344514,-0.7891665639095271,Revenu moyen
3364,30,F,Universitario,Oriente,3902.03,6459.95,691,7,14763.5,Risque faible,2.7447784858457775,0.39251956712846026,Revenu élevé
3365,35,F,Universitario,Occidente,3155.58,5513.15,573,8,8649.27,Risque moyen,0.8482662999817956,0.5389588276778553,Revenu élevé
3366,19,M,Tecnico,Oriente,1549.92,3694.34,498,6,3470.37,Risque élevé,-1.0551248988117632,-0.5179664576183329,Revenu moyen
3367,46,M,Secundaria,Occidente,1184.3,3468.5,558,11,2125.65,Risque moyen,-1.3530017666114509,1.1645316657660527,Revenu faible
3368,38,M,Universitario,Occidente,1570.32,2947.02,570,4,2186.8,Risque moyen,-0.788086432757751,-1.335903486267629,Revenu moyen
3370,69,M,Primaria,Occidente,717.82,156.26,458,9,2565.18,Risque élevé,-2.6678181774475442,0.26786122566593684,Revenu faible
3372,67,F,Postgrado,Norte,4525.91,9449.69,713,5,15915.37,Risque faible,4.011303538716299,-0.07369670253344868,Revenu élevé
3373,48,F,Secundaria,Norte,621.58,168.65,407,6,500.0,Risque élevé,-3.029944458321726,-0.8370245527007893,Revenu faible
3374,32,M,Universitario,Norte,794.0,1742.58,504,6,500.0,Risque moyen,-2.053743501284053,-0.7730066926697193,Revenu faible
3375,68,M,Secundaria,Occidente,2059.02,3513.03,601,4,7382.6,Risque moyen,0.25150857136917365,-1.1530180551888982,Revenu moyen
3378,61,M,Primaria,Centro,840.1,1334.64,574,15,1377.02,Risque moyen,-2.1814502737783092,2.4141700649527325,Revenu faible
3379,30,F,Universitario,Centro,2644.87,6066.55,610,8,9948.43,Risque moyen,1.1034360655476907,0.5350747538222446,Revenu moyen
3380,39,M,Tecnico,Norte,2146.77,3854.94,622,6,9260.69,Risque moyen,0.5519321259916864,-0.37669624792281914,Revenu moyen
3382,54,M,Tecnico,Occidente,2250.68,2875.18,582,9,5685.85,Risque moyen,-0.4020537271393162,0.586312831051291,Revenu moyen
3383,50,F,Primaria,Oriente,1349.44,2338.96,533,8,3129.63,Risque moyen,-1.3800007221797852,0.07603185356740734,Revenu faible
3384,73,F,Secundaria,Norte,3484.32,6123.52,704,6,11957.0,Risque faible,2.3500797772455213,-0.09365548524160454,Revenu élevé
3386,71,M,Secundaria,Centro,1624.72,3269.15,511,6,3609.29,Risque moyen,-1.023250811817005,-0.5381972098449568,Revenu moyen
3388,40,F,Tecnico,Oriente,542.05,188.13,494,9,968.61,Risque élevé,-2.686474634087775,0.2006628074937493,Revenu faible
3389,46,F,Universitario,Norte,4807.73,8069.4,641,6,14415.92,Risque moyen,3.196412509601541,0.22922901248121708,Revenu élevé
3390,47,M,Tecnico,Sur,1687.91,3038.81,514,3,4684.56,Risque moyen,-0.7301992014463342,-1.595277443314295,Revenu moyen
3392,61,M,Tecnico,Centro,1496.79,2093.21,545,8,2510.96,Risque moyen,-1.3634704903204056,0.05644421197776464,Revenu faible
3393,64,F,Universitario,Centro,3054.84,5127.13,574,6,8566.25,Risque moyen,0.8467698074630382,-0.21048481427687202,Revenu élevé
3394,42,F,Primaria,Occidente,1353.16,2171.2,529,10,3177.4,Risque moyen,-1.557605662495522,0.7846779073609096,Revenu faible
3396,64,M,Tecnico,Oriente,1541.91,3546.03,527,8,6290.42,Risque moyen,-0.7547838026926271,0.23850024613533186,Revenu moyen
3398,59,F,Secundaria,Oriente,3006.96,4583.42,578,6,8532.26,Risque moyen,0.731627418754183,-0.24913711052830056,Revenu élevé
3399,75,M,Secundaria,Norte,1349.88,2933.07,519,5,1618.38,Risque moyen,-1.3039554639748332,-0.9900482912728569,Revenu faible
3401,25,M,Universitario,Sur,2720.93,4932.6,563,11,5786.56,Risque moyen,0.0037146974890080436,1.4763721444335796,Revenu moyen
3404,22,F,Universitario,Occidente,1649.23,1919.45,509,6,5924.32,Risque moyen,-1.0731599569996726,-0.5608766686218661,Revenu moyen
3406,18,F,Universitario,Oriente,4636.04,8625.47,713,5,18611.32,Risque faible,4.159337656462238,-0.050042145391100155,Revenu élevé
3408,57,M,Secundaria,Centro,1028.14,2363.94,466,7,1611.19,Risque élevé,-1.996390518990063,-0.314878752238107,Revenu faible
3410,49,F,Secundaria,Norte,2870.57,4952.51,641,7,8510.48,Risque moyen,1.0588752972757052,0.08797929645516633,Revenu moyen
3411,59,M,Universitario,Sur,6966.44,12234.69,708,7,22259.82,Risque faible,6.1167700573086625,1.1811700548022928,Revenu élevé
3412,51,M,Secundaria,Sur,1070.78,1032.46,564,10,4668.96,Risque moyen,-1.5577104922580685,0.709709607513981,Revenu faible
3413,60,F,Tecnico,Occidente,1708.66,1918.38,646,7,5811.36,Risque moyen,-0.31656802335711265,-0.26192332865911444,Revenu moyen
3414,42,F,Tecnico,Sur,2081.91,4760.08,541,4,4195.71,Risque moyen,-0.15484339755124304,-1.123572600480205,Revenu moyen
3416,38,M,Secundaria,Norte,1183.37,1376.84,509,8,3641.17,Risque moyen,-1.741882602115538,0.026792337828371583,Revenu faible
3421,19,F,Secundaria,Oriente,550.01,1436.26,459,6,890.65,Risque élevé,-2.4451584728544247,-0.7849355566338742,Revenu faible
3424,30,M,Primaria,Centro,2233.01,3375.17,671,6,4739.94,Risque faible,0.31056287719305686,-0.5205314872631387,Revenu moyen
3427,53,M,Universitario,Norte,3033.11,5079.66,678,6,8868.05,Risque faible,1.4705488835412217,-0.2552967908503134,Revenu élevé
3428,39,F,Tecnico,Oriente,2124.41,3806.53,612,3,3248.41,Risque moyen,0.043862478470094265,-1.58573926135138,Revenu moyen
3429,59,F,Universitario,Inconnue,1137.4,1633.09,535,8,3220.91,Risque moyen,-1.596924898465987,0.01606380107242394,Revenu faible
3430,43,F,Secundaria,Sur,2424.21,3612.27,577,7,5844.92,Risque moyen,-0.06156372139055592,-0.06370722964385857,Revenu moyen
3432,71,F,Secundaria,Inconnue,1606.38,3644.91,527,11,2748.04,Risque moyen,-1.2579874965120412,1.2430105457538445,Revenu moyen
3434,34,M,Universitario,Sur,3550.53,5572.54,643,9,11239.91,Risque moyen,1.640974665578761,0.9646661117173504,Revenu élevé
3435,31,M,Secundaria,Oriente,2360.81,5056.02,592,10,5916.93,Risque moyen,0.12607575321222816,1.0815279248702616,Revenu moyen
3436,31,F,Postgrado,Occidente,4359.26,9121.16,664,6,11745.85,Risque faible,3.093373555770847,0.17674927775996913,Revenu élevé
3437,74,F,Universitario,Centro,1163.74,1255.5,506,6,3768.75,Risque moyen,-1.6553644883385643,-0.6930155229728027,Revenu faible
3441,37,M,Secundaria,Sur,1359.1,3589.91,527,11,4523.88,Risque moyen,-1.1905685290608223,1.2563937501674314,Revenu faible
3442,28,F,Secundaria,Norte,3648.61,5843.98,610,8,9742.27,Risque moyen,1.4540230553834401,0.6131829302665532,Revenu élevé
3443,33,F,Universitario,Norte,1277.35,2871.52,557,9,3131.39,Risque moyen,-1.2183370677569916,0.4468397823099323,Revenu faible
3444,68,F,Secundaria,Occidente,1585.2,1618.78,577,8,5144.92,Risque moyen,-0.9684608948564211,0.08250200955094174,Revenu moyen
3447,23,F,Tecnico,Centro,1715.85,3553.92,581,12,5282.41,Risque moyen,-0.7162059919438359,1.6387193429230467,Revenu moyen
3448,73,F,Secundaria,Sur,4175.36,7357.24,646,6,11820.74,Risque moyen,2.5446421756653845,0.06675777188338804,Revenu élevé
3449,36,M,Secundaria,Centro,1746.05,3087.81,551,6,4196.73,Risque moyen,-0.7153852293846282,-0.5418709780195552,Revenu moyen
3451,75,M,Secundaria,Occidente,1293.98,1891.72,522,4,1844.22,Risque moyen,-1.4446155199425408,-1.4095591875125615,Revenu faible
3454,21,F,Postgrado,Centro,2138.04,4126.19,603,8,7017.74,Risque moyen,0.1387716227173378,0.3111855675608318,Revenu moyen
3456,27,M,Secundaria,Centro,901.59,1355.78,561,12,1949.7,Risque moyen,-1.981551478744224,1.3673476972369063,Revenu faible
3458,71,F,Primaria,Sur,2545.54,5341.7,645,6,8510.55,Risque moyen,1.0917225465939089,-0.27980585326490703,Revenu moyen
3459,52,F,Universitario,Oriente,2323.98,3670.78,654,4,6927.77,Risque faible,0.6606787624242052,-1.1527548830748675,Revenu moyen
3460,43,F,Universitario,Sur,2671.38,5348.56,560,5,6509.78,Risque moyen,0.5026880363630686,-0.6319486794838849,Revenu moyen
3461,54,M,Tecnico,Sur,3087.65,5046.49,617,6,11853.86,Risque moyen,1.433829887247827,-0.15707379125447712,Revenu élevé
3462,55,F,Universitario,Norte,2129.38,3648.13,640,6,9635.47,Risque moyen,0.6452322074281831,-0.3899732831326504,Revenu moyen
3465,57,F,Universitario,Occidente,4095.46,6983.89,608,8,11767.53,Risque moyen,2.0781576566140627,0.7685361390613693,Revenu élevé
3466,56,M,Secundaria,Norte,1646.13,1315.11,508,12,4934.84,Risque moyen,-1.6848874888356529,1.527286972988356,Revenu moyen
3467,38,M,Tecnico,Occidente,1907.18,2658.67,562,6,5455.29,Risque moyen,-0.545165124987295,-0.5278936946417326,Revenu moyen
3470,63,F,Universitario,Occidente,5743.31,8834.53,687,6,20774.96,Risque faible,4.672358594432426,0.485794273890991,Revenu élevé
3472,74,F,Universitario,Oriente,3859.48,7498.96,709,5,12368.5,Risque faible,2.9322395115917805,-0.32867768569941785,Revenu élevé
3474,37,M,Secundaria,Norte,2637.21,5169.43,642,14,9580.6,Risque moyen,0.6857450725045746,2.6050290932105544,Revenu moyen
3475,34,M,Primaria,Centro,1531.29,2404.18,533,8,5656.26,Risque moyen,-1.0309501469714781,0.1542576110429666,Revenu moyen
3476,72,F,Universitario,Sur,1462.25,1853.3,534,9,2777.61,Risque moyen,-1.5285633181437808,0.40779081394094496,Revenu faible
3477,24,F,Primaria,Sur,1419.49,3915.18,535,8,4654.93,Risque moyen,-0.8484534930129538,0.2076627745785568,Revenu faible
3478,21,M,Tecnico,Occidente,2111.38,3264.49,560,9,4430.62,Risque moyen,-0.6359842267316508,0.5771336501578705,Revenu moyen
3479,46,F,Tecnico,Oriente,1970.08,2466.99,558,3,5334.79,Risque moyen,-0.40796579003903993,-1.6066388055775118,Revenu moyen
3480,31,F,Secundaria,Centro,1846.03,1974.73,503,10,3709.49,Risque moyen,-1.4919058150702755,0.8439958785533737,Revenu moyen
3481,20,M,Postgrado,Oriente,3093.11,6615.9,620,7,9717.94,Risque moyen,1.5045802097846679,0.24236607392225282,Revenu élevé
3483,54,F,Tecnico,Centro,2063.17,4385.41,571,5,3896.68,Risque moyen,-0.1587172131033622,-0.809773176300204,Revenu moyen
3484,33,F,Secundaria,Norte,1259.69,3755.19,518,8,4828.24,Risque moyen,-1.0312839941149716,0.19472583330262566,Revenu faible
3485,75,M,Secundaria,Centro,1194.45,1742.93,561,6,3384.78,Risque moyen,-1.255060869106022,-0.6952660891354111,Revenu faible
3487,69,F,Universitario,Norte,1954.21,3420.4,598,4,4067.71,Risque moyen,-0.169757322312124,-1.2419572889727408,Revenu moyen
3491,51,F,Postgrado,Centro,6726.21,12776.44,655,6,21798.45,Risque faible,5.834587163359354,0.8455372855906986,Revenu élevé
3494,36,M,Secundaria,Centro,1398.48,3638.09,550,4,4340.86,Risque moyen,-0.6099556695001298,-1.2545272998474475,Revenu faible
3497,66,M,Postgrado,Occidente,4316.59,7833.8,724,3,15994.44,Risque faible,3.779370683304772,-0.9056246800378689,Revenu élevé
3498,63,M,Secundaria,Centro,1775.56,2871.2,549,5,5222.26,Risque moyen,-0.5929838867970231,-0.8851026078480548,Revenu moyen
3499,36,F,Universitario,Sur,3092.96,5505.04,622,2,10401.61,Risque moyen,1.6635235219777038,-1.5953350803812831,Revenu élevé
3500,39,M,Tecnico,Oriente,3924.19,8269.23,731,1,15077.7,Risque faible,3.7799374230045406,-1.6567927323859624,Revenu élevé
3502,62,M,Primaria,Centro,1294.68,3017.54,463,9,1683.16,Risque élevé,-1.8819023884143034,0.4665306009102095,Revenu faible
3503,29,F,Universitario,Sur,1496.28,3094.28,580,10,5280.58,Risque moyen,-0.7863296077320613,0.8764170038606035,Revenu faible
3504,47,F,Secundaria,Occidente,1094.05,3009.28,447,7,2806.43,Risque élevé,-1.8212558155874412,-0.2356158340667861,Revenu faible
3505,75,F,Secundaria,Centro,1041.6,1038.7,503,9,4452.68,Risque moyen,-1.8871967100883942,0.3722892638704256,Revenu faible
3506,55,F,Postgrado,Sur,2969.69,5511.4,660,6,10820.52,Risque faible,1.6300553606179498,-0.18407740150497354,Revenu moyen
3507,70,M,Universitario,Occidente,4199.15,9043.79,727,4,13653.17,Risque faible,3.701594121154298,-0.5433769666595952,Revenu élevé
3508,48,M,Postgrado,Norte,2818.79,4548.74,660,10,6313.18,Risque faible,0.6505039568534636,1.0741218841366043,Revenu moyen
3510,36,M,Universitario,Sur,3553.01,5718.71,725,4,13373.51,Risque faible,2.686905372591805,-0.8031460052043481,Revenu élevé
3511,65,F,Tecnico,Norte,1283.52,2091.36,522,5,3532.4,Risque moyen,-1.2958913721027259,-1.0032547624711867,Revenu faible
3512,62,M,Postgrado,Sur,2397.34,4961.44,586,8,5753.98,Risque moyen,0.19423007647005414,0.3634074349660037,Revenu moyen
3513,53,M,Postgrado,Norte,3374.38,6195.62,699,2,12400.08,Risque faible,2.5854889757002253,-1.517962001990874,Revenu élevé
3514,47,M,Postgrado,Occidente,1482.33,1051.42,512,14,2590.74,Risque moyen,-2.1511661423539024,2.1567380941209104,Revenu faible
3515,72,F,Postgrado,Oriente,8638.63,15876.89,779,0,35135.6,Risque faible,9.76316955128519,-0.6921923900556235,Revenu élevé
3516,66,F,Primaria,Norte,1260.86,2377.95,519,4,4511.63,Risque moyen,-1.0992761409464535,-1.322883941888609,Revenu faible
3517,72,M,Universitario,Norte,3272.16,5456.77,649,7,12263.25,Risque moyen,1.7655860154372025,0.23671627483277782,Revenu élevé
3518,50,M,Secundaria,Oriente,1396.36,2311.89,639,6,4945.58,Risque moyen,-0.43108782867457335,-0.6428651999580247,Revenu faible
3519,35,F,Tecnico,Centro,2365.06,2607.12,615,6,8728.69,Risque moyen,0.2828413620531939,-0.4371031499121878,Revenu moyen
3520,69,F,Postgrado,Sur,3215.73,5349.36,571,8,8548.71,Risque moyen,0.816574761394958,0.5338239275660531,Revenu élevé
3521,66,M,Primaria,Centro,1616.88,3493.9,505,7,6592.48,Risque moyen,-0.7704947798852892,-0.09821439367193423,Revenu moyen
3524,28,F,Secundaria,Centro,1969.88,5032.82,558,5,6788.21,Risque moyen,0.15982745297548567,-0.7099220568984859,Revenu moyen
3526,71,F,Primaria,Oriente,772.22,678.19,467,6,2380.7,Risque élevé,-2.3130352068546536,-0.7776222611374212,Revenu faible
3527,62,F,Primaria,Sur,651.88,1933.93,481,6,2392.4,Risque élevé,-2.0136038419549736,-0.7223317325121488,Revenu faible
3528,50,F,Tecnico,Sur,1911.82,3317.03,635,9,6104.99,Risque moyen,-0.09498262971210615,0.5652481920634251,Revenu moyen
3530,23,F,Primaria,Centro,872.17,3733.45,436,6,2581.01,Risque élevé,-1.7857838856745492,-0.5724952745780755,Revenu faible
3531,21,M,Postgrado,Norte,1796.89,4233.25,601,7,4334.13,Risque moyen,-0.2056492951887949,-0.1324528837337451,Revenu moyen
3532,37,F,Tecnico,Centro,1877.91,3507.57,611,7,5328.7,Risque moyen,-0.16467696593904238,-0.1488193620290212,Revenu moyen
3534,64,F,Secundaria,Oriente,2052.82,3865.62,563,6,4706.48,Risque moyen,-0.29961680405424845,-0.4614190583839242,Revenu moyen
3535,44,M,Tecnico,Centro,2463.87,3383.88,619,2,8227.14,Risque moyen,0.710679631687088,-1.8260655825281011,Revenu moyen
3536,32,F,Secundaria,Sur,2485.04,4755.71,622,4,9014.78,Risque moyen,0.9837100673499107,-1.0129300200709652,Revenu moyen
3537,23,M,Tecnico,Norte,2348.02,4115.13,558,10,5804.79,Risque moyen,-0.29019141999534703,1.038532353227376,Revenu moyen
3538,64,M,Tecnico,Occidente,901.64,1099.24,525,8,2859.76,Risque moyen,-1.9043444311979163,-0.04101825874950225,Revenu faible
3539,31,M,Primaria,Occidente,1169.87,1801.11,498,9,6258.5,Risque élevé,-1.5161844552903714,0.4717828581050299,Revenu faible
3540,28,F,Universitario,Inconnue,3662.53,5592.56,663,9,11350.09,Risque faible,1.8209473028605723,0.9699903784776167,Revenu élevé
3541,56,F,Secundaria,Sur,2259.21,2835.85,625,5,7409.02,Risque moyen,0.2730066500291418,-0.8258314203494708,Revenu moyen
3542,26,F,Secundaria,Sur,4338.21,7254.31,692,7,13633.26,Risque faible,2.985008600545439,0.45414642264635585,Revenu élevé
3543,43,F,Postgrado,Centro,4936.69,8216.37,699,6,14146.51,Risque faible,3.594990755092115,0.21784518135519387,Revenu élevé
3544,33,M,Secundaria,Occidente,804.29,2985.14,428,7,1112.64,Risque élevé,-2.2329488737452854,-0.29436804123613736,Revenu faible
3545,22,F,Universitario,Oriente,1132.94,3162.51,566,9,2670.68,Risque moyen,-1.2112806888724896,0.43547985164958397,Revenu faible
3548,27,F,Postgrado,Norte,2503.76,4501.81,616,4,6440.02,Risque moyen,0.6381436171552071,-1.0813639906819632,Revenu moyen
3549,67,F,Secundaria,Norte,2225.4,3580.43,633,8,6683.74,Risque moyen,0.20182578732564332,0.2668206639233588,Revenu moyen
3551,30,F,Universitario,Norte,1902.97,3170.48,578,8,5806.05,Risque moyen,-0.4333074601451282,0.21723920553251375,Revenu moyen
3553,66,F,Tecnico,Centro,1344.9,2296.47,519,8,3123.35,Risque moyen,-1.4739183759151202,0.07929539189012842,Revenu faible
3554,47,F,Universitario,Occidente,2074.48,5377.58,618,5,9814.28,Risque moyen,0.94016903945085,-0.6385707466855521,Revenu moyen
3555,71,M,Secundaria,Oriente,2546.78,4509.69,671,9,9525.66,Risque faible,0.9856525532105656,0.7560269245917538,Revenu moyen
3558,34,M,Universitario,Centro,1867.24,4292.85,593,8,8086.69,Risque moyen,0.11194669931234885,0.32369953993741224,Revenu moyen
3559,62,F,Secundaria,Centro,1476.97,4289.64,481,10,3469.26,Risque élevé,-1.3095294436157234,0.9474909933683134,Revenu faible
3562,36,M,Secundaria,Centro,1106.25,2279.06,501,11,1523.53,Risque moyen,-2.0347929934226068,1.1001838266179444,Revenu faible
3563,59,F,Tecnico,Centro,2198.67,4762.36,633,6,2824.3,Risque moyen,0.16994973629379986,-0.4695836698043622,Revenu moyen
3564,52,F,Postgrado,Sur,5530.08,9814.96,709,11,20218.4,Risque faible,4.550986135674092,2.2876666444630254,Revenu élevé
3565,63,M,Secundaria,Centro,1592.93,2873.81,549,4,4706.91,Risque moyen,-0.6590580179702155,-1.2715758786997546,Revenu moyen
3566,43,F,Secundaria,Oriente,3713.07,6348.41,689,7,12177.76,Risque faible,2.365110825177715,0.3104949495345702,Revenu élevé
3567,68,F,Universitario,Oriente,2615.64,3665.18,612,6,8327.44,Risque moyen,0.5527760208253347,-0.3596009942295405,Revenu moyen
3569,46,M,Universitario,Sur,1719.66,2335.18,568,6,6912.44,Risque moyen,-0.5071030149014721,-0.5342836544711084,Revenu moyen
3572,66,F,Postgrado,Oriente,1995.03,2248.01,581,5,4546.84,Risque moyen,-0.5144765746277958,-0.9299819280966108,Revenu moyen
3573,38,F,Secundaria,Occidente,1053.83,1573.57,520,12,3106.85,Risque moyen,-1.994337020540945,1.4390945124072763,Revenu faible
3574,27,M,Secundaria,Norte,1710.74,2711.66,530,11,3149.48,Risque moyen,-1.3533234946455537,1.2065791052835457,Revenu moyen
3575,22,M,Primaria,Centro,2055.5,3626.67,510,10,6730.34,Risque moyen,-0.7032028943540689,1.024860044101418,Revenu moyen
3576,53,M,Postgrado,Norte,4343.8,7436.66,735,5,15381.77,Risque faible,3.5834364944980517,-0.22971740503596133,Revenu élevé
3579,21,M,Universitario,Sur,2864.32,3158.78,633,7,7324.72,Risque moyen,0.5074137946878668,-0.03980445607178133,Revenu moyen
3580,56,M,Tecnico,Centro,1392.46,3729.59,628,7,2949.17,Risque moyen,-0.46444533909418356,-0.2436574724937524,Revenu faible
3582,67,F,Universitario,Sur,1681.45,3387.72,598,5,4628.35,Risque moyen,-0.29546176448720285,-0.89960879088173,Revenu moyen
3586,74,M,Primaria,Oriente,1077.03,2526.66,540,7,3662.12,Risque moyen,-1.2955863343359941,-0.28773410936419197,Revenu faible
3587,53,M,Universitario,Oriente,2780.55,5842.28,625,6,10062.03,Risque moyen,1.3374384124840575,-0.18431471778860226,Revenu moyen
3588,23,M,Universitario,Centro,2009.68,2680.46,570,13,7007.08,Risque moyen,-0.7288445214521095,2.017593317408731,Revenu moyen
3589,58,F,Tecnico,Centro,1817.99,3607.55,613,10,7522.77,Risque moyen,-0.1189969169912263,0.9726648898119521,Revenu moyen
3590,71,F,Universitario,Norte,1632.9,2890.27,634,7,3510.14,Risque moyen,-0.44905974404258053,-0.2594175049190037,Revenu moyen
3591,63,F,Tecnico,Oriente,3578.37,6837.62,585,3,13149.23,Risque moyen,2.1502929947683485,-1.035486946204974,Revenu élevé
3592,61,F,Universitario,Centro,1196.23,2545.17,559,7,2599.54,Risque moyen,-1.2391862794439883,-0.30787004860204686,Revenu faible
3595,37,F,Secundaria,Sur,735.67,1757.36,452,9,2287.73,Risque élevé,-2.384892695305433,0.3588105812798654,Revenu faible
3598,53,F,Universitario,Sur,4803.27,8055.14,646,6,16584.31,Risque moyen,3.4435155990634367,0.2747409444468357,Revenu élevé
3599,38,F,Secundaria,Centro,811.59,3047.69,428,17,4331.26,Risque élevé,-2.511176304348765,3.358390742126218,Revenu faible
3600,47,M,Postgrado,Norte,1818.41,3664.54,559,5,7236.95,Risque moyen,-0.14136993308931714,-0.7939879681311076,Revenu moyen
3602,61,F,Tecnico,Centro,2038.56,3215.14,647,11,6782.92,Risque moyen,-0.04846493477572483,1.2964809190869682,Revenu moyen
3604,47,F,Secundaria,Oriente,967.33,2085.03,485,5,2816.98,Risque élevé,-1.7203308392699896,-1.033276743733727,Revenu faible
3605,39,M,Secundaria,Occidente,917.71,2644.49,439,6,2039.45,Risque élevé,-2.0354523767598884,-0.6448754719411454,Revenu faible
3606,45,F,Tecnico,Centro,4203.62,6649.6,687,5,14080.81,Risque faible,2.942201431722266,-0.29650788596419986,Revenu élevé
3607,24,F,Postgrado,Oriente,3120.37,4541.82,661,9,7161.79,Risque faible,0.9303766552946385,0.7636292100770065,Revenu élevé
3609,72,M,Secundaria,Occidente,2184.13,3609.9,599,4,7725.08,Risque moyen,0.34763336896115316,-1.126835896713853,Revenu moyen
3610,45,M,Primaria,Norte,480.0,509.87,464,6,992.07,Risque élevé,-2.6308402716225108,-0.8452711579489843,Revenu faible
3611,31,F,Postgrado,Occidente,3830.13,7276.49,677,1,12495.22,Risque faible,2.9475283731830655,-1.757377796100066,Revenu élevé
3613,27,M,Universitario,Centro,1859.24,3162.24,573,7,5873.93,Risque moyen,-0.4132673004810046,-0.14119003802188018,Revenu moyen
3617,48,M,Secundaria,Sur,1554.37,3153.27,482,8,5657.86,Risque élevé,-1.1625094995940322,0.22287509242687564,Revenu moyen
3618,59,F,Tecnico,Centro,1962.27,3592.73,573,8,5764.87,Risque moyen,-0.3527346237069637,0.2486896868852135,Revenu moyen
3623,26,M,Tecnico,Centro,2139.52,3960.62,591,5,6361.1,Risque moyen,0.1537683715384422,-0.7804181840394748,Revenu moyen
3624,62,M,Primaria,Norte,905.67,669.17,491,5,2497.17,Risque élevé,-2.0435933008846145,-1.13116356029505,Revenu faible
3625,53,M,Primaria,Centro,1142.79,3110.47,580,9,6190.92,Risque moyen,-0.7744995325606104,0.5066718079430159,Revenu faible
3627,60,M,Primaria,Norte,2552.69,3938.72,571,10,5630.58,Risque moyen,-0.18354251523455653,1.0380243733884833,Revenu moyen
3629,35,M,Secundaria,Centro,1171.36,1478.62,497,10,1612.07,Risque élevé,-2.1291836345436086,0.706220156730488,Revenu faible
3630,75,M,Secundaria,Centro,884.86,952.67,531,4,847.73,Risque moyen,-1.8636615452105991,-1.5295683712184551,Revenu faible
3631,60,M,Primaria,Sur,1831.8,2398.13,568,12,2300.95,Risque moyen,-1.2952271337314356,1.5212261961709632,Revenu moyen
3633,38,F,Universitario,Oriente,1843.86,3561.69,609,7,9482.22,Risque moyen,0.24713461221877941,-0.05414111763367368,Revenu moyen
3635,67,M,Postgrado,Centro,3497.14,7929.01,733,3,12790.97,Risque faible,3.1816968734516125,-1.0546727600296617,Revenu élevé
3636,50,M,Primaria,Centro,1051.75,1090.82,521,7,1909.48,Risque moyen,-1.9020651778315254,-0.4044467310446975,Revenu faible
3637,44,M,Universitario,Sur,3370.39,4448.37,691,4,11649.48,Risque faible,1.9645064955172327,-0.9178628152439376,Revenu élevé
3638,24,M,Tecnico,Occidente,1637.61,3460.75,584,7,6735.28,Risque moyen,-0.28937923889863776,-0.13049060594024028,Revenu moyen
3639,23,F,Secundaria,Occidente,1318.93,2363.96,486,3,2021.2,Risque élevé,-1.4653068428202545,-1.7171685831564474,Revenu faible
3640,32,F,Universitario,Centro,3183.34,5420.19,565,6,9469.38,Risque moyen,1.0022384202384353,-0.15678238708862413,Revenu élevé
3641,35,F,Tecnico,Centro,874.04,1682.74,543,13,2873.15,Risque moyen,-1.9973856519395332,1.7702201042737862,Revenu faible
3642,49,F,Secundaria,Centro,1322.85,2342.88,562,9,5234.78,Risque moyen,-1.0660470458616302,0.46582477364399505,Revenu faible
3645,37,M,Secundaria,Centro,1686.35,2639.78,621,8,7366.62,Risque moyen,-0.22297511878708964,0.18174711124407403,Revenu moyen
3647,32,M,Universitario,Oriente,3496.72,6928.79,708,5,13418.09,Risque faible,2.7618766425516332,-0.37213283264554753,Revenu élevé
3648,65,M,Secundaria,Norte,1386.88,2418.39,564,7,3467.77,Risque moyen,-1.0679465795043235,-0.27967307891352955,Revenu faible
3649,24,M,Secundaria,Centro,580.0,1004.87,403,16,500.0,Risque élevé,-3.518537809400552,2.784973202998061,Revenu faible
3651,59,M,Universitario,Centro,3057.93,5541.19,648,6,9103.41,Risque moyen,1.4263406668113066,-0.20735213239750813,Revenu élevé
3654,73,M,Tecnico,Oriente,1783.96,3217.18,578,7,6340.08,Risque moyen,-0.35577802848353907,-0.13689401375337562,Revenu moyen
3656,74,F,Tecnico,Sur,1432.78,2763.34,554,4,3806.59,Risque moyen,-0.8122939672412719,-1.3158459877119906,Revenu faible
3657,54,M,Tecnico,Inconnue,1441.51,2607.28,573,8,4825.9,Risque moyen,-0.8752564670009952,0.12070080043409591,Revenu faible
3658,75,F,Universitario,Centro,2255.9,4322.57,628,4,9768.86,Risque moyen,0.9090044354112746,-1.0455357684360755,Revenu moyen
3660,35,M,Tecnico,Centro,1716.17,4898.15,585,13,4489.08,Risque moyen,-0.5516251550173131,2.05451294003879,Revenu moyen
3661,22,M,Tecnico,Centro,1493.09,2745.19,506,10,7752.66,Risque moyen,-1.0433034456977184,0.9450620086947702,Revenu faible
3662,20,F,Secundaria,Norte,1963.74,2680.08,522,15,3882.81,Risque moyen,-1.4761841722329063,2.679313227130941,Revenu moyen
3664,43,M,Postgrado,Occidente,6043.58,11248.98,686,8,21760.47,Risque faible,5.279565352328864,1.3922478725580794,Revenu élevé
3665,54,M,Secundaria,Norte,1411.58,2223.54,535,9,3533.86,Risque moyen,-1.3877536866490987,0.44106890211718675,Revenu faible
3667,66,F,Universitario,Sur,2444.31,6094.83,599,12,6633.78,Risque moyen,0.37082554642693266,1.8778980851049765,Revenu moyen
3668,36,M,Primaria,Centro,927.04,1689.5,529,8,3402.77,Risque moyen,-1.689402566901044,0.0060950078182218596,Revenu faible
3670,42,M,Universitario,Occidente,2884.38,4409.36,576,4,10560.18,Risque moyen,0.9649460808121239,-0.9393087510795459,Revenu moyen
3671,38,M,Universitario,Centro,2499.66,4708.8,631,7,8971.65,Risque moyen,0.8409330945212429,0.05342314891108622,Revenu moyen
3672,29,M,Primaria,Norte,1088.02,1276.41,497,10,3514.09,Risque élevé,-2.0115858639503945,0.7295473506439357,Revenu faible
3675,50,M,Tecnico,Centro,1330.66,3581.55,506,12,4816.13,Risque moyen,-1.3602641221186704,1.6268248640903016,Revenu faible
3676,67,M,Tecnico,Centro,2196.88,4727.91,558,11,6598.8,Risque moyen,-0.20441812214149735,1.435166652305915,Revenu moyen
3677,70,F,Primaria,Oriente,1162.96,4269.38,641,6,4311.6,Risque moyen,-0.16702847641822244,-0.5668628321085551,Revenu faible
3678,21,F,Tecnico,Centro,1181.05,2084.42,466,7,500.0,Risque élevé,-2.1058554801756775,-0.34162582631394545,Revenu faible
3679,59,M,Secundaria,Norte,1122.22,2291.51,592,12,2823.54,Risque moyen,-1.419106194916994,1.4484220658176958,Revenu faible
3681,24,F,Tecnico,Oriente,3526.42,6439.09,645,5,11669.35,Risque moyen,2.1203283900032766,-0.4088628057669265,Revenu élevé
3682,39,M,Secundaria,Centro,2291.32,4834.27,654,11,6296.65,Risque faible,0.3913775268247386,1.4002943436322741,Revenu moyen
3684,50,M,Universitario,Centro,3116.99,5057.03,673,12,7948.68,Risque faible,1.0020412368550837,1.878265334314586,Revenu élevé
3685,34,F,Secundaria,Centro,954.45,1307.43,527,5,2618.55,Risque moyen,-1.6637138393815185,-1.1029730066747814,Revenu faible
3686,41,F,Secundaria,Centro,1130.13,1227.81,470,11,2645.82,Risque élevé,-2.3147849590647014,1.0808383716913583,Revenu faible
3692,56,M,Secundaria,Oriente,1363.21,3734.75,551,7,7129.51,Risque moyen,-0.49954697320678565,-0.11699603712330621,Revenu faible
3693,39,F,Secundaria,Centro,1589.61,2541.21,552,7,5938.9,Risque moyen,-0.7742807468567331,-0.19197125192890654,Revenu moyen
3694,66,M,Postgrado,Sur,2881.56,2937.51,691,9,10205.56,Risque faible,0.9797070983991921,0.7031604082999707,Revenu moyen
3695,34,M,Tecnico,Norte,2351.13,4256.66,559,10,5731.01,Risque moyen,-0.2605935998235544,1.0449157230323172,Revenu moyen
3698,63,F,Universitario,Sur,3896.85,8304.77,743,4,16770.61,Risque faible,3.8329600899134695,-0.5517680838762978,Revenu élevé
3700,51,M,Primaria,Sur,1125.02,1827.95,506,7,3316.01,Risque moyen,-1.6591865864762878,-0.3161854747040053,Revenu faible
3701,18,F,Postgrado,Oriente,1139.41,2472.47,582,7,4525.35,Risque moyen,-0.9453062189548441,-0.2843217968333273,Revenu faible
3702,27,M,Universitario,Norte,2905.37,6469.06,603,7,7955.87,Risque moyen,1.1142255014504738,0.1837810959954502,Revenu moyen
3703,38,F,Secundaria,Centro,776.99,426.88,412,13,728.27,Risque élevé,-3.2949423211873046,1.698645931497327,Revenu faible
3704,22,M,Universitario,Norte,2840.44,4456.39,632,7,8220.96,Risque moyen,0.8585055781398742,0.05385306665418755,Revenu moyen
3705,19,M,Universitario,Norte,2723.55,4922.56,665,6,11254.11,Risque faible,1.4764840966145505,-0.23412396963662363,Revenu moyen
3706,39,M,Universitario,Sur,2174.8,2574.84,586,5,5183.62,Risque moyen,-0.2754184565932686,-0.8817570270623778,Revenu moyen
3707,65,M,Secundaria,Oriente,1617.02,3139.17,562,6,4128.66,Risque moyen,-0.7006163386667253,-0.5576817648381148,Revenu moyen
3708,74,F,Tecnico,Centro,3685.22,7951.04,683,7,11486.7,Risque faible,2.5868342791226624,0.3878278977960812,Revenu élevé
3709,19,M,Primaria,Oriente,2053.45,3595.11,574,16,6749.58,Risque moyen,-0.7071336521978218,3.1398732889917453,Revenu moyen
3710,27,M,Universitario,Occidente,1989.71,2314.16,608,4,4616.41,Risque moyen,-0.2741842036802909,-1.2948027137305755,Revenu moyen
3712,33,M,Tecnico,Sur,3587.6,7772.63,615,6,11248.77,Risque moyen,2.1462495861782585,0.03584105840332783,Revenu élevé
3714,68,M,Universitario,Oriente,2630.58,5160.64,612,8,10070.96,Risque moyen,0.9298633030670274,0.4830648237624961,Revenu moyen
3715,56,F,Secundaria,Norte,1492.36,3204.11,596,7,3277.34,Risque moyen,-0.6886985454781993,-0.2427773828623182,Revenu faible
3716,39,F,Tecnico,Sur,2178.08,4302.64,584,10,6125.21,Risque moyen,-0.13551320833545044,1.0287449937134925,Revenu moyen
3717,29,M,Tecnico,Centro,3149.3,5856.61,667,2,12770.12,Risque faible,2.2694150753545093,-1.536300780873761,Revenu élevé
3718,41,F,Primaria,Inconnue,1231.58,2312.48,546,6,4195.15,Risque moyen,-1.1239643733330866,-0.6336400201884588,Revenu faible
3720,57,M,Tecnico,Norte,2107.95,4978.6,599,7,4903.59,Risque moyen,0.12878520683051695,-0.04582270372361666,Revenu moyen
3722,27,F,Universitario,Oriente,1713.09,5011.42,524,9,5223.58,Risque moyen,-0.5624834131949685,0.6745714748176919,Revenu moyen
3724,68,F,Primaria,Occidente,1611.88,2990.05,549,7,3777.23,Risque moyen,-0.9094100553783858,-0.2113405020410186,Revenu moyen
3725,66,M,Tecnico,Oriente,3520.45,5602.59,635,6,9501.4,Risque moyen,1.5967411059946655,-0.14486027410777308,Revenu élevé
3726,49,M,Tecnico,Sur,2970.58,5797.37,650,9,8321.86,Risque faible,1.1882486692568077,0.8533120187878273,Revenu moyen
3727,24,F,Tecnico,Norte,2629.01,4064.27,674,4,7816.89,Risque faible,1.0802979009647613,-1.0897741365240814,Revenu moyen
3728,38,M,Tecnico,Norte,2921.2,4732.29,636,11,7959.17,Risque moyen,0.6973798588618532,1.500100511409881,Revenu moyen
3730,43,M,Tecnico,Occidente,1868.85,2339.96,587,14,5645.2,Risque moyen,-0.9620154013399916,2.3035633985435227,Revenu moyen
3731,21,F,Primaria,Centro,733.93,2729.05,444,9,1458.66,Risque élevé,-2.3118956596351055,0.3998360202816413,Revenu faible
3733,69,F,Secundaria,Oriente,754.96,1576.64,476,7,2990.68,Risque élevé,-2.0767904921704092,-0.3598771508659664,Revenu faible
3735,32,M,Secundaria,Oriente,1515.0,1582.83,493,6,3619.51,Risque élevé,-1.5312185279494377,-0.6380814605816909,Revenu moyen
3736,73,M,Secundaria,Norte,1636.15,2763.6,562,6,3533.78,Risque moyen,-0.8332713100939735,-0.5910775641705537,Revenu moyen
3738,38,F,Secundaria,Centro,685.59,2449.28,443,7,500.0,Risque élevé,-2.3706545270772863,-0.3573463598932155,Revenu faible
3740,39,M,Universitario,Centro,2128.5,4003.26,622,10,5607.27,Risque moyen,-0.04921340872619719,0.9778522368114498,Revenu moyen
3741,69,F,Secundaria,Sur,1721.48,3708.07,623,5,4369.78,Risque moyen,-0.09031792655127922,-0.8943193366702517,Revenu moyen
3745,58,F,Secundaria,Sur,1161.03,1514.27,531,6,4869.2,Risque moyen,-1.3416146993873432,-0.6646504707756322,Revenu faible
3748,45,F,Primaria,Norte,754.03,1172.77,437,4,1304.89,Risque élevé,-2.3777925061383893,-1.4766354099543089,Revenu faible
3750,66,F,Tecnico,Norte,2072.72,3975.7,593,11,4150.18,Risque moyen,-0.4610135474930571,1.3086231808892632,Revenu moyen
3751,19,F,Secundaria,Centro,2432.2,4298.59,617,9,4994.4,Risque moyen,0.11027605849169449,0.6547490069499621,Revenu moyen
3752,42,F,Secundaria,Centro,1722.73,2681.93,560,8,5205.55,Risque moyen,-0.7795959401930904,0.1662657026329379,Revenu moyen
3753,73,F,Universitario,Occidente,1631.27,2247.39,599,6,4641.8,Risque moyen,-0.6132535488984959,-0.6130765519268808,Revenu moyen
3754,20,M,Universitario,Norte,2191.15,4951.43,592,3,5984.92,Risque moyen,0.47750940447426565,-1.4421478487857573,Revenu moyen
3755,25,F,Universitario,Centro,2379.85,4365.09,659,5,7073.4,Risque faible,0.8129915926607205,-0.7485695502024848,Revenu moyen
3756,61,F,Secundaria,Oriente,2149.04,3460.3,641,4,5696.88,Risque moyen,0.3402381480900701,-1.2036028022683736,Revenu moyen
3757,50,F,Postgrado,Norte,2269.87,3842.93,546,10,8438.26,Risque moyen,-0.1807880698087521,1.08023169120685,Revenu moyen
3758,59,M,Secundaria,Oriente,3149.48,4960.01,637,6,10197.78,Risque moyen,1.3890067335483192,-0.20262995985566928,Revenu élevé
3759,69,F,Primaria,Occidente,1050.3,1980.37,478,6,1603.34,Risque élevé,-1.9361262014379064,-0.6981498768280862,Revenu faible
3760,52,M,Secundaria,Oriente,1137.67,2133.39,538,9,4066.94,Risque moyen,-1.4488032821887713,0.4204345426097239,Revenu faible
3761,23,F,Universitario,Norte,2631.72,5226.56,650,10,9708.73,Risque faible,1.0057384642877454,1.1768398765716406,Revenu moyen
3762,56,F,Primaria,Centro,659.04,0.0,479,10,2414.02,Risque élevé,-2.6799015007410176,0.5978992821920085,Revenu faible
3763,69,M,Tecnico,Norte,4788.13,8725.57,654,9,15930.07,Risque faible,3.371706589422853,1.3664797196095986,Revenu élevé
3764,40,F,Universitario,Norte,2950.21,5760.36,631,9,7878.73,Risque moyen,1.014627047032831,0.8477603845047901,Revenu moyen
3765,42,M,Secundaria,Norte,1324.35,2254.98,573,8,1320.25,Risque moyen,-1.3586261487547613,0.00986861914676635,Revenu faible
3768,36,M,Secundaria,Centro,2297.1,5004.12,680,10,6483.79,Risque faible,0.6644590554527458,1.0456508902456236,Revenu moyen
3769,22,M,Secundaria,Centro,1213.81,1327.89,517,6,1123.13,Risque moyen,-1.8259557357009455,-0.748799198037322,Revenu faible
3771,28,M,Secundaria,Centro,2003.87,3834.34,586,8,3331.82,Risque moyen,-0.4574184248152686,0.20581342631539457,Revenu moyen
3772,73,F,Universitario,Occidente,1589.24,1237.46,546,8,7118.32,Risque moyen,-1.0274224528837883,0.11934111170873563,Revenu moyen
3773,29,M,Postgrado,Norte,3574.88,5958.01,591,8,10710.04,Risque moyen,1.4349522665016876,0.6431933376318109,Revenu élevé
3774,27,F,Universitario,Occidente,2805.24,5026.53,612,5,8766.36,Risque moyen,1.0279020551768656,-0.6102562687112535,Revenu moyen
3778,58,F,Universitario,Norte,2276.71,3541.37,591,10,5648.64,Risque moyen,-0.2633840717874263,0.9800904836312463,Revenu moyen
3780,54,F,Universitario,Occidente,2615.42,6519.61,647,5,10598.8,Risque moyen,1.6590718899806125,-0.5161253488186078,Revenu moyen
3783,72,F,Universitario,Norte,6725.01,11654.23,767,7,27578.67,Risque faible,6.7861020190350105,1.2181789339655908,Revenu élevé
3784,26,F,Primaria,Centro,1611.89,2195.34,551,14,5905.68,Risque moyen,-1.2849861255289436,2.2927790756189506,Revenu moyen
3785,64,M,Primaria,Centro,1138.5,1923.69,485,13,3967.65,Risque élevé,-2.064886518625926,1.8602413647053277,Revenu faible
3786,32,M,Universitario,Sur,2436.16,5224.98,607,8,8160.52,Risque moyen,0.6368460138962003,0.4273306638112612,Revenu moyen
3791,59,M,Tecnico,Sur,3256.41,3834.86,670,10,12233.21,Risque faible,1.348358072479602,1.203763610871528,Revenu élevé
3792,37,F,Secundaria,Sur,1924.09,2880.21,573,6,4586.25,Risque moyen,-0.5156417370551266,-0.5380337199867302,Revenu moyen
3793,23,F,Universitario,Inconnue,6121.55,11370.6,768,8,24589.21,Risque faible,6.110704206314244,1.4337623869497758,Revenu élevé
3796,24,M,Primaria,Oriente,1041.78,2590.24,528,7,4416.83,Risque moyen,-1.2899686684032048,-0.2649474075309899,Revenu faible
3797,33,M,Secundaria,Centro,2006.55,3436.24,522,6,5680.6,Risque moyen,-0.5511652684403832,-0.45024802757484317,Revenu moyen
3798,20,F,Tecnico,Centro,3313.08,5146.56,699,4,13247.58,Risque faible,2.2996304226296562,-0.8503272916634758,Revenu élevé
3799,62,F,Universitario,Centro,1814.92,3091.48,610,7,7326.91,Risque moyen,-0.07991611358822355,-0.13332717214761636,Revenu moyen
3802,67,F,Universitario,Centro,2208.68,3608.84,604,5,7404.8,Risque moyen,0.2917112553835525,-0.7764791680332958,Revenu moyen
3803,60,M,Secundaria,Centro,3378.91,6097.25,749,4,14393.62,Risque faible,2.940373998828273,-0.7855395159347498,Revenu élevé
3804,57,F,Primaria,Centro,2448.86,3883.37,611,7,5860.0,Risque moyen,0.2077689391027,-0.060604182572813685,Revenu moyen
3805,55,F,Secundaria,Occidente,2156.87,3462.87,576,6,6206.39,Risque moyen,-0.11108674235656288,-0.44679718778300764,Revenu moyen
3806,50,M,Tecnico,Occidente,4074.45,7659.33,656,10,12324.28,Risque faible,2.4271044922837084,1.5118065872300532,Revenu élevé
3808,18,F,Secundaria,Occidente,1388.5,3257.63,562,6,6226.99,Risque moyen,-0.5555126929291411,-0.5251650944767429,Revenu faible
3809,72,M,Tecnico,Centro,1682.21,3471.12,606,5,3728.57,Risque moyen,-0.32275603268884945,-0.9186409236384451,Revenu moyen
3810,25,M,Postgrado,Oriente,4284.7,8540.97,565,4,13851.17,Risque moyen,2.697880959602423,-0.48697992668158874,Revenu élevé
3811,54,M,Secundaria,Centro,5716.87,9772.79,781,2,25716.69,Risque faible,6.170403859899667,-0.8232133786321411,Revenu élevé
3812,49,F,Primaria,Oriente,1435.8,4669.03,539,9,500.0,Risque moyen,-1.14733390530036,0.5147694695350211,Revenu faible
3813,65,F,Tecnico,Norte,1126.79,685.41,493,8,3133.65,Risque élevé,-2.0582387594961054,-0.022954400899442683,Revenu faible
3817,47,F,Universitario,Oriente,1617.14,4247.15,599,8,7271.6,Risque moyen,-0.05047343921271722,0.2760871622756935,Revenu moyen
3818,23,M,Universitario,Oriente,2551.05,4294.63,574,8,5984.22,Risque moyen,0.07011493529404238,0.3500075553707605,Revenu moyen
3820,71,M,Universitario,Sur,3165.32,5374.65,649,6,9441.32,Risque moyen,1.4764388342570782,-0.19958294162369977,Revenu élevé
3821,36,F,Secundaria,Norte,2313.64,3619.45,566,8,4826.48,Risque moyen,-0.3379347994426092,0.2656687486870553,Revenu moyen
3822,49,M,Secundaria,Sur,1150.72,1942.31,520,5,821.45,Risque moyen,-1.6729205374990275,-1.0849312855194733,Revenu faible
3823,26,F,Universitario,Norte,2716.15,4626.54,663,6,3793.29,Risque faible,0.6331160051789951,-0.41973411946083045,Revenu moyen
3824,29,M,Universitario,Oriente,3157.2,4595.54,606,6,9873.89,Risque moyen,1.0993545678576415,-0.21639115649190482,Revenu élevé
3827,72,M,Secundaria,Centro,1037.84,3166.77,517,10,2503.13,Risque moyen,-1.6180672424739564,0.8024984889276313,Revenu faible
3828,33,F,Tecnico,Centro,1857.17,4499.48,595,7,5860.55,Risque moyen,-0.002710015938442398,-0.07406968054526282,Revenu moyen
3829,18,F,Universitario,Centro,2132.32,3842.92,561,3,6308.2,Risque moyen,0.06885442645073231,-1.4907570432214994,Revenu moyen
3830,62,M,Primaria,Centro,1329.26,2761.15,592,5,5505.93,Risque moyen,-0.5204388839845896,-0.9469636724837346,Revenu faible
3832,70,F,Secundaria,Oriente,799.97,1967.29,437,9,4328.88,Risque élevé,-2.1923279685008032,0.42999900298457466,Revenu faible
3833,38,F,Primaria,Centro,480.89,3051.85,486,11,500.0,Risque élevé,-2.325354027797673,1.068993747667101,Revenu faible
3835,30,F,Universitario,Inconnue,1032.63,1369.98,541,4,1332.15,Risque moyen,-1.605005461045829,-1.4848426941723638,Revenu faible
3836,51,M,Secundaria,Norte,2422.56,4557.11,570,6,8566.91,Risque moyen,0.4386400239829249,-0.3019801182739846,Revenu moyen
3837,21,F,Primaria,Sur,1288.8,2467.69,525,5,5461.27,Risque moyen,-0.9983136710059934,-0.9386851111835873,Revenu faible
3839,55,M,Secundaria,Centro,1319.45,1826.09,482,10,2285.26,Risque élevé,-2.0129152027658446,0.762447110197844,Revenu faible
3840,75,F,Secundaria,Norte,675.84,95.01,475,8,1334.56,Risque élevé,-2.662113076846327,-0.13272784181273095,Revenu faible
3843,44,F,Secundaria,Oriente,1538.34,4395.93,611,10,3143.13,Risque moyen,-0.5299578175250717,0.8936170189713444,Revenu moyen
3844,22,F,Universitario,Inconnue,1632.76,3368.67,547,10,3137.7,Risque moyen,-1.0853473856474414,0.8717482541217677,Revenu moyen
3846,20,M,Universitario,Occidente,2907.21,5894.67,666,6,11051.62,Risque faible,1.7442146606917746,-0.1652905973948249,Revenu moyen
3847,50,M,Tecnico,Oriente,1295.34,1246.15,481,14,3903.78,Risque élevé,-2.2355743946635505,2.1938372238182113,Revenu faible
3848,21,F,Universitario,Occidente,3714.15,6660.18,605,8,11666.48,Risque moyen,1.8224044026162503,0.7124918371709271,Revenu élevé
3849,42,F,Primaria,Norte,2466.48,3962.82,644,7,6403.33,Risque moyen,0.481895230064018,-0.05689086301941502,Revenu moyen
3851,51,M,Primaria,Sur,1275.67,1844.42,493,7,3299.77,Risque élevé,-1.670981485462436,-0.2953872863899765,Revenu faible
3852,43,F,Postgrado,Sur,3173.14,4823.38,639,9,12329.1,Risque moyen,1.4129925842107958,0.9116855459954097,Revenu élevé
3853,22,F,Tecnico,Centro,1808.47,4615.49,579,9,7668.56,Risque moyen,-0.031998163127239604,0.6912203356253886,Revenu moyen
3854,52,F,Secundaria,Oriente,2078.03,3242.54,571,10,6736.71,Risque moyen,-0.41561951677181797,0.9774264122932858,Revenu moyen
3856,46,M,Universitario,Oriente,3104.81,5542.47,649,5,11727.47,Risque moyen,1.783887043461143,-0.5015138260777404,Revenu élevé
3858,69,F,Universitario,Sur,1666.33,4290.9,557,12,7596.91,Risque moyen,-0.48436544051590047,1.739842890310311,Revenu moyen
3860,67,F,Universitario,Centro,3927.69,7512.86,680,7,14514.71,Risque faible,2.8883294224445044,0.45533204805080363,Revenu élevé
3861,23,M,Tecnico,Centro,4862.29,7275.12,621,10,17380.05,Risque moyen,2.987489837940125,1.694659915858885,Revenu élevé
3862,36,F,Primaria,Oriente,1225.78,2450.19,593,7,703.47,Risque moyen,-1.2415402429791738,-0.36872190604157723,Revenu faible
3863,61,F,Primaria,Norte,1682.72,2421.29,484,7,3299.21,Risque élevé,-1.4318802246039668,-0.2191089665426915,Revenu moyen
3865,28,F,Secundaria,Oriente,1063.49,963.58,465,10,2437.26,Risque élevé,-2.386922128597446,0.6991365971308415,Revenu faible
3866,19,M,Tecnico,Sur,2017.79,3363.33,561,12,6632.87,Risque moyen,-0.6096421368020193,1.6959775770591468,Revenu moyen
3867,64,M,Secundaria,Occidente,621.91,1425.85,523,12,500.0,Risque moyen,-2.4558165777393595,1.3290871622055311,Revenu faible
3868,61,F,Tecnico,Centro,2087.77,4103.55,505,12,7012.18,Risque moyen,-0.7141584188172809,1.7793393632066605,Revenu moyen
3869,61,M,Secundaria,Norte,1313.19,2522.59,533,7,1946.35,Risque moyen,-1.415184438209837,-0.3010930690924769,Revenu faible
3874,39,M,Tecnico,Norte,2504.5,3252.62,614,9,7680.14,Risque moyen,0.17683552899231872,0.6630620645434067,Revenu moyen
3875,20,F,Universitario,Centro,3169.88,5499.94,699,2,9293.19,Risque faible,2.0338386125312042,-1.6480117935287621,Revenu élevé
3876,29,M,Secundaria,Sur,1889.45,3103.3,576,9,5289.61,Risque moyen,-0.5804498137695501,0.5588509336065202,Revenu moyen
3877,45,F,Primaria,Sur,1198.56,2440.28,498,7,2589.85,Risque élevé,-1.620353687022979,-0.28649137148508413,Revenu faible
3878,47,M,Primaria,Sur,995.74,4056.56,516,10,4453.5,Risque moyen,-1.252795295979789,0.8946047985616806,Revenu faible
3879,43,M,Primaria,Oriente,1823.43,3272.94,623,9,6016.76,Risque moyen,-0.22087743734075374,0.557674248367489,Revenu moyen
3882,45,F,Universitario,Centro,2990.35,5220.77,598,8,10604.4,Risque moyen,1.065131061229967,0.5392012996905503,Revenu moyen
3883,73,F,Universitario,Oriente,1588.88,3204.2,552,7,5094.15,Risque moyen,-0.7208106014549442,-0.17270073418757814,Revenu moyen
3887,52,M,Tecnico,Oriente,2159.14,4041.19,594,6,7235.51,Risque moyen,0.2239419710154504,-0.3978941599197898,Revenu moyen
3888,69,F,Primaria,Norte,1148.07,2704.16,553,4,2688.48,Risque moyen,-1.0643046765510666,-1.3712373963485984,Revenu faible
3889,51,M,Primaria,Sur,2435.43,5206.35,637,9,7799.23,Risque moyen,0.7095395313399069,0.7620797025200624,Revenu moyen
3890,58,F,Universitario,Sur,3229.31,6871.58,691,7,9745.71,Risque faible,2.0362087234855464,0.23884055370931143,Revenu élevé
3891,68,M,Universitario,Norte,4624.08,9232.54,732,6,16642.03,Risque faible,4.13015354094453,0.2885134886427751,Revenu élevé
3892,64,F,Universitario,Inconnue,2225.76,5119.89,641,7,7695.79,Risque moyen,0.741611104855551,0.017807632858907955,Revenu moyen
3893,35,F,Universitario,Norte,3712.29,6819.09,627,10,11938.12,Risque moyen,1.8876494443841172,1.4329013891460542,Revenu élevé
3894,75,F,Secundaria,Centro,1387.24,1934.85,518,5,6818.19,Risque moyen,-0.9720451030888246,-0.9263695986010302,Revenu faible
3898,65,M,Postgrado,Norte,2177.8,3446.54,595,5,3643.25,Risque moyen,-0.19461192737107888,-0.8698063723719262,Revenu moyen
3899,39,F,Tecnico,Oriente,1356.69,1247.01,533,5,3393.72,Risque moyen,-1.3937745162800599,-1.053315044617595,Revenu faible
3901,22,M,Secundaria,Sur,614.09,2173.05,359,10,500.0,Risque élevé,-3.1407431692393724,0.7303387160683698,Revenu faible
3903,28,F,Universitario,Sur,1693.76,3560.57,536,5,4665.24,Risque moyen,-0.6147165907357601,-0.859674756677963,Revenu moyen
3904,47,M,Primaria,Centro,1407.0,4659.38,485,9,2047.54,Risque élevé,-1.3202892752755948,0.5707511137969081,Revenu faible
3905,32,M,Secundaria,Norte,1437.81,3541.34,433,11,2329.1,Risque élevé,-1.946375638351364,1.2537792226519906,Revenu faible
3906,44,M,Secundaria,Centro,2411.89,3520.38,649,8,8679.62,Risque moyen,0.5659354870500569,0.3190278262470634,Revenu moyen
3908,50,F,Secundaria,Occidente,2556.46,4464.89,590,8,8566.28,Risque moyen,0.4676181175509493,0.41155667041210536,Revenu moyen
3909,37,M,Tecnico,Norte,1807.74,3951.57,607,14,3180.98,Risque moyen,-0.7812872257101338,2.326463624579213,Revenu moyen
3910,33,F,Secundaria,Centro,1995.79,5442.47,609,6,3813.94,Risque moyen,0.1897504265483398,-0.4163215252200286,Revenu moyen
3911,51,M,Secundaria,Centro,2758.33,4910.76,641,8,9457.95,Risque moyen,1.0379462834546958,0.453845775348345,Revenu moyen
3913,52,F,Universitario,Oriente,3663.66,5992.3,655,5,11559.97,Risque faible,2.1305471608251345,-0.4286565680599469,Revenu élevé
3914,57,M,Universitario,Centro,4451.21,7626.75,717,3,14295.52,Risque faible,3.5761152111146406,-0.9400481424458978,Revenu élevé
3916,45,F,Secundaria,Oriente,1864.42,4656.43,565,7,6882.53,Risque moyen,-0.03804882740931139,-0.027676048600034264,Revenu moyen
3918,56,M,Tecnico,Sur,1397.16,1609.69,555,11,5514.06,Risque moyen,-1.3278898156413663,1.1550033735048257,Revenu faible
3920,26,M,Secundaria,Centro,1866.88,5000.22,577,10,6595.93,Risque moyen,-0.11045353512234854,1.0533140258395348,Revenu moyen
3922,18,F,Tecnico,Norte,1660.09,3283.6,496,9,2824.7,Risque élevé,-1.3616851183051628,0.5277334299007364,Revenu moyen
3923,25,F,Postgrado,Oriente,1844.15,2180.38,586,8,6650.22,Risque moyen,-0.5339300453518553,0.16971557456021066,Revenu moyen
3924,72,M,Universitario,Oriente,1085.24,3295.2,549,4,3771.48,Risque moyen,-0.8776662849021736,-1.316681767761741,Revenu faible
3925,40,F,Primaria,Centro,1332.7,2535.22,528,14,1481.16,Risque moyen,-1.9189569568744054,2.196212345675882,Revenu faible
3926,20,M,Universitario,Centro,1260.9,3514.0,496,3,1264.07,Risque élevé,-1.2647168113387492,-1.6776448373261974,Revenu faible
3928,75,M,Tecnico,Centro,3041.23,5109.42,702,8,10103.89,Risque faible,1.6233280357787256,0.47947147164157095,Revenu élevé
3929,42,M,Tecnico,Norte,1944.24,2752.44,660,5,6033.5,Risque faible,0.18863371427227837,-0.9075339146988336,Revenu moyen
3930,64,M,Secundaria,Sur,1540.32,3931.6,558,9,4422.91,Risque moyen,-0.7455196337381111,0.5621029041786089,Revenu moyen
3931,55,M,Universitario,Oriente,2083.39,4887.97,596,10,4678.62,Risque moyen,-0.128878777763748,1.0155524419802087,Revenu moyen
3932,32,F,Tecnico,Centro,3528.83,5827.46,670,4,13728.79,Risque faible,2.412706904532529,-0.7663598428390472,Revenu élevé
3933,38,F,Universitario,Norte,6524.29,12524.24,764,2,24385.57,Risque faible,6.8537285010456,-0.6091845098111854,Revenu élevé
3934,52,M,Secundaria,Oriente,2010.97,3537.71,627,2,7414.76,Risque moyen,0.5179459822799319,-1.8822795624177127,Revenu moyen
3935,74,F,Secundaria,Centro,488.07,0.0,481,10,1035.75,Risque élevé,-2.8809548512555945,0.5495487685626098,Revenu faible
3936,70,M,Tecnico,Sur,1871.39,3771.07,596,8,6909.7,Risque moyen,-0.10003729565156079,0.26589154488635514,Revenu moyen
3937,70,F,Postgrado,Sur,2166.09,4583.66,698,4,8271.29,Risque faible,1.1850078834073756,-1.1043183433158754,Revenu moyen
3938,63,M,Secundaria,Centro,1277.26,3181.0,560,9,5129.08,Risque moyen,-0.9301016017946113,0.5085777770098614,Revenu faible
3939,69,M,Primaria,Sur,1570.47,2884.71,561,11,1543.96,Risque moyen,-1.3575878023215078,1.1529970403418563,Revenu moyen
3940,31,M,Secundaria,Centro,1540.02,2498.91,600,5,4310.22,Risque moyen,-0.5637026142576498,-0.9727063595861245,Revenu moyen
3941,53,F,Tecnico,Sur,993.32,1390.78,600,4,2982.23,Risque moyen,-1.1004855238154179,-1.476641422728914,Revenu faible
3942,29,F,Universitario,Sur,1713.73,3808.29,540,4,4250.5,Risque moyen,-0.5104373446337758,-1.2121540302286395,Revenu moyen
3943,34,M,Universitario,Oriente,3962.62,7469.26,664,3,16656.08,Risque faible,3.2692753690779366,-0.9185343625774294,Revenu élevé
3944,56,M,Postgrado,Sur,6938.27,11979.54,751,6,27129.55,Risque faible,6.866283304844641,0.8968459918619165,Revenu élevé
3945,26,M,Universitario,Centro,4298.78,7964.39,653,4,13344.28,Risque faible,3.0473440993354215,-0.5701301675903937,Revenu élevé
3946,52,F,Secundaria,Norte,833.36,2078.28,517,6,4020.27,Risque moyen,-1.5283690144719,-0.6760731898154134,Revenu faible
3949,35,M,Postgrado,Occidente,4396.0,8907.79,710,7,15062.74,Risque faible,3.6121176694027546,0.5797201323335507,Revenu élevé
3950,68,F,Primaria,Norte,1105.76,1359.96,587,13,4105.01,Risque moyen,-1.5837390321457974,1.7816345998692487,Revenu faible
3952,23,M,Primaria,Norte,2249.07,4794.59,552,10,5660.81,Risque moyen,-0.2375989510977611,1.0679366804387138,Revenu moyen
3953,44,M,Tecnico,Occidente,1394.07,2758.21,544,9,3883.38,Risque moyen,-1.1929395384881203,0.47424540296401824,Revenu faible
3954,40,M,Primaria,Centro,1885.25,3460.34,522,13,2676.76,Risque moyen,-1.3424246567055875,1.974666989060194,Revenu moyen
3958,63,F,Tecnico,Centro,1174.95,3053.0,471,8,3381.93,Risque élevé,-1.640433197976477,0.13440407687522687,Revenu faible
3959,55,M,Universitario,Centro,4135.93,6922.84,678,6,13788.56,Risque faible,2.826406624926872,0.06789376275734103,Revenu élevé
3960,31,F,Tecnico,Centro,1281.67,2307.91,497,9,4951.48,Risque élevé,-1.5021772892706946,0.4827254515485241,Revenu faible
3962,70,F,Secundaria,Norte,882.69,2411.02,496,9,3410.86,Risque élevé,-1.810857563432106,0.4163003078987191,Revenu faible
3963,25,M,Tecnico,Centro,936.33,1564.66,502,11,3435.91,Risque moyen,-2.054909830838729,1.0853501224799054,Revenu faible
3965,36,M,Tecnico,Oriente,1895.47,4564.16,596,3,7135.07,Risque moyen,0.41363816315068297,-1.4685836924379152,Revenu moyen
3966,47,F,Postgrado,Oriente,3179.8,5449.9,609,7,10235.89,Risque moyen,1.2821358998504675,0.199692495935601,Revenu élevé
3967,31,M,Tecnico,Centro,1456.94,2628.98,562,7,3973.38,Risque moyen,-0.9539567182595314,-0.2484580330014542,Revenu faible
3969,66,F,Secundaria,Centro,2043.69,4990.12,625,6,6588.19,Risque moyen,0.49278840256567275,-0.3824721354971137,Revenu moyen
3970,42,F,Universitario,Norte,4550.93,8185.39,610,5,11677.38,Risque moyen,2.7128147712304207,-0.19404060805526285,Revenu élevé
3971,57,F,Universitario,Centro,3572.25,6170.8,699,3,15578.52,Risque faible,2.9265603705260985,-1.0711272769838047,Revenu élevé
3973,31,M,Secundaria,Norte,1275.03,3853.04,573,7,1943.65,Risque moyen,-0.9141208903531894,-0.2456666919694752,Revenu faible
3974,43,M,Tecnico,Norte,2401.74,3345.89,569,7,8469.88,Risque moyen,0.0949729770260942,-0.01835615420202107,Revenu moyen
3975,55,F,Secundaria,Centro,3700.61,6937.31,687,6,12073.43,Risque faible,2.5247054460148752,-0.01557939515541105,Revenu élevé
3977,39,F,Secundaria,Sur,1753.86,4305.47,501,4,5084.96,Risque moyen,-0.5321651240485314,-1.1430904365658263,Revenu moyen
3978,65,M,Secundaria,Sur,2893.95,4317.78,650,6,8273.35,Risque faible,1.0252450544442862,-0.31356810144361685,Revenu moyen
3980,36,F,Secundaria,Norte,1579.59,2255.4,544,12,2053.26,Risque moyen,-1.5973669797814276,1.494116283197035,Revenu moyen
3981,63,M,Primaria,Centro,1831.78,4611.43,577,6,5023.4,Risque moyen,-0.11893324241040132,-0.43838914160624004,Revenu moyen
3983,20,F,Tecnico,Centro,1993.9,4573.8,592,11,6508.5,Risque moyen,-0.13100030223221254,1.3895410017345102,Revenu moyen
3989,62,F,Tecnico,Norte,1467.64,2748.79,519,6,3598.38,Risque moyen,-1.1531151575520793,-0.5871829236399241,Revenu faible
3990,24,M,Secundaria,Centro,1254.18,1688.49,562,13,2480.95,Risque moyen,-1.7659781193140076,1.7893690729457477,Revenu faible
3991,31,M,Primaria,Sur,1053.6,2060.39,515,5,3892.75,Risque moyen,-1.4026108003328077,-1.0156688081476652,Revenu faible
3992,26,M,Tecnico,Sur,1180.35,1817.98,471,8,2435.84,Risque élevé,-1.996975955279816,0.041936899120876184,Revenu faible
3993,72,F,Secundaria,Occidente,1802.75,3169.57,594,9,4947.43,Risque moyen,-0.5318027940920373,0.5385924744478128,Revenu moyen
3995,36,M,Universitario,Sur,3530.77,5677.48,687,7,14052.98,Risque faible,2.3275721381045558,0.2975116369951345,Revenu élevé
3996,64,F,Postgrado,Centro,3932.57,7847.82,718,9,15305.84,Risque faible,3.1411547305126106,1.1911308623912684,Revenu élevé
3998,31,M,Primaria,Oriente,711.59,1253.08,402,11,500.0,Risque élevé,-3.104464263972775,1.024513337559579,Revenu faible
3999,73,M,Postgrado,Centro,4982.07,8957.72,733,3,18802.14,Risque faible,4.63639567938387,-0.7176247061139968,Revenu élevé
4001,70,M,Tecnico,Occidente,3813.42,7334.94,650,8,13079.42,Risque faible,2.4166125016585274,0.7727542561407214,Revenu élevé
4003,57,F,Primaria,Oriente,770.05,1145.55,427,10,1809.69,Risque élevé,-2.7588349397891356,0.684634997039717,Revenu faible
4005,47,M,Secundaria,Sur,1494.65,3152.62,603,10,2087.74,Risque moyen,-0.9670348871018063,0.7971204750195071,Revenu faible
4006,26,M,Primaria,Occidente,1567.51,3246.29,583,6,4321.57,Risque moyen,-0.555218340406893,-0.5612824725567194,Revenu moyen
4010,42,M,Primaria,Oriente,841.09,913.35,450,2,4169.79,Risque élevé,-1.9009004184630691,-2.1396062678291323,Revenu faible
4012,28,M,Primaria,Occidente,1127.48,2461.97,466,14,2597.9,Risque élevé,-2.2703062508569953,2.2255546180176786,Revenu faible
4013,70,M,Primaria,Occidente,552.09,560.22,447,11,2627.39,Risque élevé,-2.834706159497305,0.996977061200258,Revenu faible
4014,52,M,Secundaria,Sur,1948.74,4021.73,605,7,4713.88,Risque moyen,-0.12458037845069177,-0.12345814492997743,Revenu moyen
4015,58,F,Secundaria,Sur,1597.5,2672.17,560,6,3638.61,Risque moyen,-0.8697828721714197,-0.5967920629692917,Revenu moyen
4017,47,F,Primaria,Centro,2023.48,4699.1,670,5,7399.06,Risque faible,0.8331845067029229,-0.760763519596338,Revenu moyen
4018,58,M,Universitario,Norte,3237.94,5440.98,652,3,10035.79,Risque faible,1.7869375409256223,-1.2494338195907522,Revenu élevé
4020,21,F,Tecnico,Sur,2317.02,3761.74,558,9,6555.13,Risque moyen,-0.23850406014499378,0.6744832466007893,Revenu moyen
4021,45,M,Primaria,Centro,912.76,1840.1,461,12,3226.85,Risque élevé,-2.3315723424323753,1.4703683175351023,Revenu faible
4022,25,F,Secundaria,Centro,1894.76,3680.0,543,9,9243.95,Risque moyen,-0.2443280134648726,0.6970266682526625,Revenu moyen
4023,19,M,Tecnico,Norte,2488.0,3606.75,650,6,7777.16,Risque faible,0.6542332178125756,-0.4046966825867379,Revenu moyen
4025,63,F,Postgrado,Centro,7626.7,13694.08,784,5,28953.15,Risque faible,7.960727237181492,0.730657436828819,Revenu élevé
4026,39,F,Secundaria,Centro,1734.22,1961.05,566,6,3222.0,Risque moyen,-0.9708602621828555,-0.637103312549454,Revenu moyen
4027,58,F,Tecnico,Centro,2445.65,3064.83,558,7,5307.16,Risque moyen,-0.33560408465597813,-0.09700338476379615,Revenu moyen
4031,46,F,Secundaria,Sur,1731.35,2620.16,593,9,3525.13,Risque moyen,-0.8298865567063177,0.46823713364152814,Revenu moyen
4032,66,M,Primaria,Norte,4353.46,7757.58,703,6,16180.67,Risque faible,3.4866929162304237,0.17983762716449128,Revenu élevé
4034,47,F,Universitario,Oriente,1817.83,3175.22,614,5,7352.5,Risque moyen,0.09018259388962732,-0.8445538638306782,Revenu moyen
4035,29,M,Postgrado,Norte,5886.01,10476.15,751,3,23631.91,Risque faible,5.9370372996791225,-0.44236963501650817,Revenu élevé
4037,28,F,Secundaria,Centro,1389.52,2092.83,479,13,4367.94,Risque élevé,-1.9185023082929844,1.9057213573796072,Revenu faible
4039,67,M,Secundaria,Occidente,2090.24,4248.95,603,7,2103.8,Risque moyen,-0.29704993247892275,-0.15489673024503378,Revenu moyen
4041,38,M,Tecnico,Occidente,1089.22,601.63,549,8,5143.75,Risque moyen,-1.5558509998312935,-0.011161793110778364,Revenu faible
4044,37,M,Primaria,Oriente,1163.88,645.16,569,3,3512.0,Risque moyen,-1.2528289550503533,-1.8352498123758831,Revenu faible
4046,20,F,Universitario,Centro,3314.64,6029.84,621,5,11610.31,Risque moyen,1.7979522065970803,-0.44330558852309465,Revenu élevé
4047,61,M,Primaria,Centro,1013.41,1652.76,491,10,3261.28,Risque élevé,-2.0242316345186877,0.7412397742616675,Revenu faible
4050,26,M,Universitario,Norte,2392.92,4427.67,629,10,7310.64,Risque moyen,0.36709341059030376,1.0630113801802512,Revenu moyen
4051,26,M,Secundaria,Oriente,1080.32,2440.41,477,13,4033.68,Risque élevé,-2.019973985706412,1.8897445825974093,Revenu faible
4052,21,M,Secundaria,Centro,2460.41,3761.28,632,9,7150.75,Risque moyen,0.31778830224031107,0.6682794666352289,Revenu moyen
4054,34,M,Secundaria,Occidente,1915.08,3612.01,594,6,4619.31,Risque moyen,-0.2373848714194282,-0.5051735338292919,Revenu moyen
4055,51,F,Secundaria,Sur,2197.47,5336.94,583,6,6859.03,Risque moyen,0.4111298264280481,-0.32268244368301313,Revenu moyen
4056,41,F,Universitario,Sur,2594.64,5935.32,675,3,9798.55,Risque faible,1.7341838669338667,-1.2978067700116465,Revenu moyen
4057,49,M,Secundaria,Sur,1829.27,3769.25,551,8,3279.4,Risque moyen,-0.7553973484578184,0.19996682957870646,Revenu moyen
4061,40,M,Secundaria,Norte,1655.38,2460.01,539,6,5440.6,Risque moyen,-0.8291855186806052,-0.553390275613759,Revenu moyen
4063,57,M,Tecnico,Sur,1629.04,2679.7,580,3,7050.34,Risque moyen,-0.19969383246433176,-1.5979376961424734,Revenu moyen
4064,29,M,Primaria,Centro,867.4,3281.68,516,10,1814.07,Risque moyen,-1.7414615133704963,0.7777892402868182,Revenu faible
4065,71,M,Secundaria,Inconnue,1439.29,1687.93,539,7,3553.13,Risque moyen,-1.3391876135675247,-0.3038417555957514,Revenu faible
4066,29,F,Secundaria,Centro,2883.82,4848.56,687,11,7329.78,Risque faible,0.9418952147492627,1.4660960653344575,Revenu moyen
4067,63,M,Universitario,Centro,2243.69,2392.18,629,4,4335.16,Risque moyen,-0.056959950617746974,-1.2818812930989116,Revenu moyen
4069,32,M,Tecnico,Oriente,2235.07,4986.83,614,13,8009.35,Risque moyen,0.2156857963415915,2.1756317032782935,Revenu moyen
4070,58,M,Secundaria,Oriente,1730.39,2668.7,477,10,4514.18,Risque élevé,-1.4635103500675437,0.903096356591892,Revenu moyen
4071,36,M,Secundaria,Centro,1686.9,2367.14,511,2,3097.45,Risque moyen,-0.9910066669864075,-2.0264047188012153,Revenu moyen
4073,69,M,Postgrado,Centro,2676.67,4944.12,566,5,8935.67,Risque moyen,0.7034990372099083,-0.602756495097374,Revenu moyen
4074,46,M,Secundaria,Occidente,3277.68,6009.07,625,8,9950.3,Risque moyen,1.4438089658164635,0.5853492454160519,Revenu élevé
4075,39,M,Primaria,Centro,1921.59,2582.23,579,7,6197.02,Risque moyen,-0.4416781174918316,-0.16426897224293643,Revenu moyen
4076,57,F,Primaria,Occidente,1260.56,1460.39,527,7,4732.17,Risque moyen,-1.4115825755166,-0.30201602638341135,Revenu faible
4077,38,M,Secundaria,Sur,1536.22,2567.61,514,13,3984.35,Risque moyen,-1.5901107279718047,1.9228036361923597,Revenu moyen
4080,37,F,Secundaria,Centro,1044.97,2370.44,497,7,3662.61,Risque élevé,-1.5950268953801947,-0.28048074924856137,Revenu faible
4082,46,F,Secundaria,Centro,1375.51,1422.93,555,7,6512.34,Risque moyen,-1.0240768068761645,-0.26559522383104717,Revenu faible
4084,21,M,Secundaria,Sur,1267.36,1598.19,564,6,5395.04,Risque moyen,-1.0313136011572763,-0.6526180068696835,Revenu faible
4087,45,M,Secundaria,Occidente,1635.81,3006.86,583,7,4919.87,Risque moyen,-0.5785252189295036,-0.19756042457943895,Revenu moyen
4088,45,M,Universitario,Occidente,2131.46,4341.34,557,8,7353.76,Risque moyen,-0.05455787854115516,0.3513311961136983,Revenu moyen
4090,39,M,Secundaria,Oriente,1318.3,0.0,468,8,2179.77,Risque élevé,-2.3685500996027993,-0.05474414301517985,Revenu faible
4091,29,F,Tecnico,Occidente,1201.94,782.15,565,9,1460.39,Risque moyen,-1.8169681716266646,0.2771552517104445,Revenu faible
4092,62,F,Secundaria,Sur,1733.95,2493.04,582,6,4513.94,Risque moyen,-0.6315001690016007,-0.5842872397312103,Revenu moyen
4093,20,M,Secundaria,Occidente,2549.52,4914.17,596,8,7192.52,Risque moyen,0.4542188487154981,0.4031877573930638,Revenu moyen
4094,39,M,Universitario,Centro,2036.92,5042.06,575,5,4630.5,Risque moyen,0.06832104592208102,-0.7594210858919327,Revenu moyen
4095,61,F,Tecnico,Oriente,2208.64,3730.16,602,3,3670.1,Risque moyen,0.047277015345205835,-1.5681053300026144,Revenu moyen
4096,19,F,Universitario,Norte,2082.78,4397.95,634,9,6896.16,Risque moyen,0.2807260574451944,0.6625398656790272,Revenu moyen
4098,51,F,Postgrado,Oriente,9379.13,15810.36,781,2,38477.34,Risque faible,10.28790810962047,0.1643042045693239,Revenu élevé
4099,44,M,Secundaria,Centro,2939.73,5287.29,674,4,7560.77,Risque faible,1.4428333409112066,-0.9950465110435037,Revenu moyen
4100,72,F,Secundaria,Sur,1204.81,1687.18,486,4,5743.86,Risque élevé,-1.3367279913634713,-1.3255648826642765,Revenu faible
4105,55,F,Universitario,Centro,2366.88,3783.29,578,9,7997.71,Risque moyen,0.05261807060010284,0.7040908993443317,Revenu moyen
4106,23,F,Secundaria,Oriente,1565.72,2921.91,535,6,5015.44,Risque moyen,-0.8359075156959492,-0.5429688395287862,Revenu moyen
4107,39,M,Secundaria,Centro,1456.38,2918.79,483,8,3128.46,Risque élevé,-1.5068262562865165,0.14231736900492792,Revenu faible
4108,42,F,Primaria,Norte,1368.12,896.78,540,7,2781.93,Risque moyen,-1.6098000938815964,-0.3743720655908293,Revenu faible
4111,29,M,Tecnico,Oriente,1428.59,1832.61,557,8,3499.32,Risque moyen,-1.275098356516409,0.05177590116172339,Revenu faible
4112,23,M,Universitario,Norte,1599.26,4811.94,566,13,5812.32,Risque moyen,-0.5946599696953129,2.0768344023302605,Revenu moyen
4113,43,F,Secundaria,Oriente,1727.83,3458.73,534,7,4259.74,Risque moyen,-0.8004435949948815,-0.15546030720302523,Revenu moyen
4116,36,F,Tecnico,Centro,906.75,3246.97,510,6,3193.69,Risque moyen,-1.3761348302074112,-0.6168601198318,Revenu faible
4118,18,F,Secundaria,Norte,1938.09,4244.39,619,3,8498.4,Risque moyen,0.6389338500518362,-1.462594768138642,Revenu moyen
4119,74,M,Postgrado,Norte,2302.24,4756.05,632,10,7099.94,Risque moyen,0.394854149798551,1.0672921095635999,Revenu moyen
4120,46,F,Tecnico,Occidente,1901.59,4574.7,577,7,4677.54,Risque moyen,-0.19556959286197625,-0.08411402815104661,Revenu moyen
4121,62,F,Secundaria,Norte,1220.82,1747.23,506,6,5429.51,Risque moyen,-1.3568870527148498,-0.6215286599814743,Revenu faible
4125,31,F,Secundaria,Norte,1557.64,2564.91,485,9,2742.58,Risque élevé,-1.6298778281214639,0.4793995123429231,Revenu moyen
4126,52,M,Universitario,Oriente,2027.19,3469.71,619,8,6470.38,Risque moyen,-0.008631684462305016,0.24298837901515272,Revenu moyen
4127,65,M,Secundaria,Centro,1259.41,741.32,542,6,3832.77,Risque moyen,-1.505993782233912,-0.7284613955858796,Revenu faible
4128,62,F,Secundaria,Norte,1183.18,3724.16,489,9,2278.01,Risque élevé,-1.5646722876291386,0.4986104362462768,Revenu faible
4130,73,F,Secundaria,Inconnue,1345.51,2764.31,540,8,1542.5,Risque moyen,-1.413230942004813,0.0612894560312979,Revenu faible
4131,66,M,Universitario,Sur,2529.93,5044.79,696,9,9295.07,Risque faible,1.2154329994587607,0.768976816789497,Revenu moyen
4133,55,M,Secundaria,Norte,1923.26,3067.75,600,10,6073.55,Risque moyen,-0.41468204849543083,0.9244986206756061,Revenu moyen
4134,66,F,Tecnico,Oriente,1122.63,933.58,539,10,2976.63,Risque moyen,-1.8778240593557853,0.6819186025770753,Revenu faible
4135,63,M,Primaria,Sur,3201.86,6532.15,648,7,9414.09,Risque moyen,1.665783546253085,0.22840527235006705,Revenu élevé
4136,66,F,Secundaria,Occidente,1587.82,3788.16,626,7,4572.14,Risque moyen,-0.21568616819378644,-0.1840556292273982,Revenu moyen
4137,25,M,Secundaria,Sur,2245.96,4337.31,605,9,6257.93,Risque moyen,0.09983684655212736,0.673204337527039,Revenu moyen
4138,60,F,Tecnico,Inconnue,2317.95,4210.66,526,4,6329.08,Risque moyen,-0.042036678680047464,-1.077951298869505,Revenu moyen
4140,50,M,Secundaria,Sur,1867.94,2478.34,670,3,5798.59,Risque faible,0.2584171622951271,-1.6556440990231838,Revenu moyen
4142,56,M,Primaria,Occidente,1140.18,3377.75,534,12,500.0,Risque moyen,-1.7612065121848346,1.4866900893575852,Revenu faible
4144,70,F,Secundaria,Sur,2615.71,5365.57,628,7,7149.87,Risque moyen,0.8238876488594618,0.06272946326387249,Revenu moyen
4145,66,M,Secundaria,Centro,767.2,1099.23,518,13,4715.05,Risque moyen,-2.1236584264939222,1.779096344354517,Revenu faible
4148,71,M,Universitario,Sur,5302.94,9388.46,724,9,18959.6,Risque faible,4.449851199004229,1.4909497938204612,Revenu élevé
4149,58,F,Tecnico,Norte,1604.29,3789.76,558,6,5255.11,Risque moyen,-0.47599104056203717,-0.4939165069036283,Revenu moyen
4150,26,M,Secundaria,Centro,508.17,1021.38,427,8,500.0,Risque élevé,-2.903890221427981,-0.09226519652540559,Revenu faible
4151,41,F,Universitario,Sur,2046.49,5028.84,638,5,6956.01,Risque moyen,0.6788951482947354,-0.7350660553458139,Revenu moyen
4152,54,M,Primaria,Oriente,597.78,169.27,441,8,1819.18,Risque élevé,-2.829268019822312,-0.1096052501725462,Revenu faible
4153,66,M,Secundaria,Centro,1157.28,1941.66,535,13,1571.77,Risque moyen,-2.004960488880903,1.7864115530816005,Revenu faible
4154,58,M,Universitario,Sur,1916.27,3407.02,543,8,4802.34,Risque moyen,-0.6865960864755302,0.22528534835490954,Revenu moyen
4155,34,M,Tecnico,Centro,2101.23,4365.85,560,6,5918.25,Risque moyen,-0.06669341785533361,-0.399064459499133,Revenu moyen
4157,38,M,Postgrado,Sur,4369.75,8787.85,722,0,15918.59,Risque faible,4.171624733524063,-1.918768924072106,Revenu élevé
4158,68,F,Primaria,Norte,1620.28,3425.38,589,9,3921.68,Risque moyen,-0.6884564677259586,0.5150947168220498,Revenu moyen
4159,56,M,Postgrado,Sur,8129.11,15912.54,799,3,32722.52,Risque faible,9.240606541758119,0.2704673503909044,Revenu élevé
4161,58,M,Secundaria,Norte,1951.52,2182.12,603,8,5660.99,Risque moyen,-0.49025973637547127,0.15003808321403295,Revenu moyen
4162,56,F,Postgrado,Sur,5052.73,9866.97,696,4,19541.62,Risque faible,4.654252962116032,-0.26724147757473493,Revenu élevé
4163,30,F,Primaria,Centro,876.7,2452.77,487,6,2553.27,Risque élevé,-1.7580232953500816,-0.6698892830395574,Revenu faible
4165,63,M,Secundaria,Norte,1845.07,3773.9,548,2,3900.32,Risque moyen,-0.32680311134152046,-1.9282820063744748,Revenu moyen
4166,36,M,Primaria,Oriente,991.35,2033.59,462,11,5162.92,Risque élevé,-1.9906806674948763,1.1748205231552142,Revenu faible
4167,28,M,Tecnico,Norte,2488.21,4043.82,680,8,7928.53,Risque faible,0.8140083429317604,0.325716233836061,Revenu moyen
4169,63,F,Tecnico,Sur,2927.51,4931.01,661,8,8531.76,Risque faible,1.1354572116926853,0.4412073809535363,Revenu moyen
4170,62,F,Tecnico,Centro,1314.59,3728.33,514,12,2364.51,Risque moyen,-1.5404355935179592,1.574785097060252,Revenu faible
4172,57,F,Secundaria,Sur,1621.66,3492.56,545,8,4435.59,Risque moyen,-0.8173014311693932,0.1929734341259266,Revenu moyen
4174,36,F,Universitario,Occidente,2914.52,5832.35,606,3,9751.53,Risque moyen,1.4350487511034737,-1.2432926326634768,Revenu moyen
4175,29,M,Tecnico,Centro,3236.73,5350.52,585,6,11984.93,Risque moyen,1.3856361864995388,-0.10787308681175493,Revenu élevé
4176,25,M,Tecnico,Centro,1664.43,2038.95,567,7,3918.52,Risque moyen,-0.9685941359449824,-0.26637696131671773,Revenu moyen
4179,62,M,Secundaria,Oriente,872.34,1400.51,506,4,2031.39,Risque moyen,-1.7995998683565808,-1.466791561590186,Revenu faible
4180,29,M,Postgrado,Sur,1772.51,2117.64,558,10,2898.61,Risque moyen,-1.2519212514490412,0.802188328338851,Revenu moyen
4181,65,M,Universitario,Oriente,3389.8,6596.28,701,3,9242.29,Risque faible,2.301979509686856,-1.2079757068311243,Revenu élevé
4182,50,M,Secundaria,Sur,1492.16,1836.66,546,3,2864.19,Risque moyen,-1.0651777631068073,-1.7391771129663343,Revenu faible
4183,62,F,Secundaria,Oriente,1613.61,3236.32,625,8,4933.47,Risque moyen,-0.35313790255993227,0.15259722898122308,Revenu moyen
4187,75,M,Tecnico,Occidente,2679.84,3917.25,644,8,7469.21,Risque moyen,0.6081987411800708,0.34246511582654765,Revenu moyen
4188,22,M,Secundaria,Oriente,1689.42,2627.84,538,11,6201.29,Risque moyen,-1.019668783557341,1.2650699998467296,Revenu moyen
4190,42,M,Universitario,Norte,1231.47,2612.2,474,6,500.0,Risque élevé,-1.8634208808429968,-0.6673927966577281,Revenu faible
4191,44,M,Secundaria,Centro,1293.26,2658.82,491,4,4756.34,Risque élevé,-1.1658733694786285,-1.2853788659906618,Revenu faible
4192,63,M,Postgrado,Oriente,3757.67,6590.8,651,7,12414.74,Risque faible,2.235818924378726,0.351258407678019,Revenu élevé
4193,40,F,Primaria,Centro,1484.85,3611.97,517,6,5542.37,Risque moyen,-0.7752675423394004,-0.490660251171708,Revenu faible
4194,47,F,Secundaria,Oriente,1386.81,2518.45,529,5,2527.35,Risque moyen,-1.2242595171725483,-0.9945193421246243,Revenu faible
4197,40,M,Universitario,Sur,1046.33,1692.6,529,12,1339.94,Risque moyen,-2.1006483302105825,1.4012899338754388,Revenu faible
4198,66,F,Primaria,Oriente,1147.0,1930.13,440,10,3973.36,Risque élevé,-2.1366981975558286,0.8091036226246384,Revenu faible
4199,64,M,Secundaria,Centro,2015.46,3559.56,635,8,3766.95,Risque moyen,-0.17782939045887272,0.17876920251066916,Revenu moyen
4202,35,F,Secundaria,Occidente,1775.84,3910.33,570,10,4636.55,Risque moyen,-0.6216865614273173,0.9403145206827005,Revenu moyen
4205,47,M,Secundaria,Sur,719.23,1275.83,432,7,1632.79,Risque élevé,-2.553709711518859,-0.3916104380426404,Revenu faible
4207,53,M,Secundaria,Oriente,1081.9,2395.71,496,8,3470.49,Risque élevé,-1.662352293166082,0.07817991933002005,Revenu faible
4208,35,M,Primaria,Norte,985.22,1618.46,470,10,1545.87,Risque élevé,-2.342899011293176,0.7072415068325417,Revenu faible
4209,54,M,Tecnico,Centro,1631.63,4087.14,547,7,4973.75,Risque moyen,-0.5576604399465297,-0.1179113108124586,Revenu moyen
4210,36,F,Universitario,Occidente,2655.04,5295.05,647,5,8868.95,Risque moyen,1.2385809864576387,-0.6224405670966379,Revenu moyen
4211,64,F,Primaria,Occidente,517.82,1404.48,428,14,3177.81,Risque élevé,-2.912884573144387,2.136352620662273,Revenu faible
4212,45,M,Primaria,Centro,820.32,694.6,411,9,2837.2,Risque élevé,-2.759595674336996,0.3361431592074452,Revenu faible
4216,50,F,Postgrado,Centro,3473.03,7204.36,722,2,11848.81,Risque faible,2.9191497629722827,-1.472893894528715,Revenu élevé
4217,29,F,Secundaria,Centro,880.65,976.46,410,6,500.0,Risque élevé,-2.7330035976057268,-0.7668514252089045,Revenu faible
4218,75,M,Secundaria,Oriente,1351.44,1135.78,528,9,4248.94,Risque moyen,-1.6111293579298478,0.3915915206598456,Revenu faible
4219,68,F,Primaria,Norte,1827.53,4436.37,661,3,7365.02,Risque faible,0.7642643504767997,-1.5065265255604976,Revenu moyen
4221,58,F,Tecnico,Sur,1983.07,3518.8,538,6,6196.81,Risque moyen,-0.39634350019892933,-0.44323310677278815,Revenu moyen
4222,56,M,Secundaria,Sur,1981.78,4373.3,612,1,7733.42,Risque moyen,0.6897546342218028,-2.1802348282348896,Revenu moyen
4223,19,M,Secundaria,Sur,1463.8,3571.79,531,14,4832.71,Risque moyen,-1.2829446178130652,2.343208076245012,Revenu faible
4225,58,F,Secundaria,Oriente,1441.41,2809.23,540,8,5262.13,Risque moyen,-0.9819016622150765,0.1571126391417156,Revenu faible
4226,27,F,Secundaria,Oriente,1824.63,4398.93,609,8,2736.68,Risque moyen,-0.33834807313675447,0.1976547092975778,Revenu moyen
4227,19,M,Secundaria,Norte,1564.07,2849.3,542,5,3065.22,Risque moyen,-0.9484779056627725,-0.9521372189722962,Revenu moyen
4229,28,F,Secundaria,Oriente,1237.47,2359.87,575,15,3544.21,Risque moyen,-1.570045878194624,2.560016762147082,Revenu faible
4232,31,F,Primaria,Centro,786.41,2803.29,425,9,2665.47,Risque élevé,-2.2621888163507635,0.4449726276445445,Revenu faible
4233,35,M,Secundaria,Norte,890.77,1982.69,530,10,3018.6,Risque moyen,-1.8009416598748569,0.725637513179923,Revenu faible
4234,68,F,Secundaria,Centro,4388.24,7585.37,610,7,13621.61,Risque moyen,2.5923583186944468,0.5147523284423333,Revenu élevé
4236,26,M,Universitario,Sur,2082.45,4014.44,706,6,6999.81,Risque faible,0.8210758138761807,-0.46249390812947105,Revenu moyen
4237,74,F,Secundaria,Oriente,1167.39,2110.28,512,9,2011.71,Risque moyen,-1.8052302816313652,0.3871738804492282,Revenu faible
4238,56,M,Secundaria,Sur,1020.08,2425.06,516,9,2879.57,Risque moyen,-1.687396892035791,0.4091981677499906,Revenu faible
4239,45,M,Universitario,Norte,2364.06,4708.72,582,5,7482.52,Risque moyen,0.4681430397115553,-0.6862479831883176,Revenu moyen
4241,37,F,Universitario,Sur,2897.03,6975.42,668,10,8356.88,Risque faible,1.4541861874458368,1.2648535119779463,Revenu moyen
4246,46,M,Tecnico,Sur,2726.39,4404.24,633,4,9854.23,Risque moyen,1.1608492676647046,-0.9962774761709063,Revenu moyen
4247,55,F,Secundaria,Oriente,3251.77,4722.13,736,8,9548.6,Risque faible,1.7721914877609513,0.4492317775826037,Revenu élevé
4249,33,M,Secundaria,Centro,1993.99,2583.45,607,6,5677.64,Risque moyen,-0.23727420955716114,-0.5392087419739314,Revenu moyen
4252,19,F,Tecnico,Oriente,1106.72,1714.23,529,5,3945.7,Risque moyen,-1.3659792558082673,-1.0357778257049801,Revenu faible
4254,58,M,Universitario,Norte,6520.76,10866.55,815,2,27385.92,Risque faible,7.109047622074345,-0.6607558803524111,Revenu élevé
4257,60,F,Primaria,Oriente,952.85,2493.12,475,6,1908.15,Risque élevé,-1.8545157258887583,-0.6694729493179798,Revenu faible
4258,18,F,Primaria,Inconnue,1431.12,1788.52,554,6,3031.62,Risque moyen,-1.2240636237079328,-0.6748971519410965,Revenu faible
4261,32,F,Tecnico,Centro,2799.83,5019.4,643,10,8507.64,Risque moyen,0.8675345459754281,1.156855057721243,Revenu moyen
4262,43,F,Universitario,Sur,2944.84,4759.47,653,9,10823.72,Risque faible,1.2320313258626283,0.8458912331596411,Revenu moyen
4267,42,F,Primaria,Occidente,1262.95,1653.75,427,11,4482.77,Risque élevé,-2.2335627780800773,1.1790674219320223,Revenu faible
4269,41,M,Secundaria,Sur,2191.42,3864.18,606,7,8574.43,Risque moyen,0.34545384956383224,-0.022647019045259148,Revenu moyen
4270,74,M,Secundaria,Oriente,1820.79,3039.57,609,10,4898.39,Risque moyen,-0.5310831707159964,0.8824838746945712,Revenu moyen
4274,71,F,Tecnico,Oriente,1186.36,2550.0,539,7,580.1,Risque moyen,-1.5672386918487458,-0.34517610174727786,Revenu faible
4275,60,M,Primaria,Norte,1208.41,1222.73,553,5,500.0,Risque moyen,-1.6401398450833367,-1.1432674811908603,Revenu faible
4277,53,F,Primaria,Norte,2796.31,5855.78,641,10,8742.61,Risque moyen,1.0556358964279824,1.211217568678073,Revenu moyen
4280,72,M,Secundaria,Norte,582.78,1146.25,369,13,1230.34,Risque élevé,-3.425044014533733,1.7525413740729785,Revenu faible
4283,55,M,Universitario,Centro,5258.51,9738.7,704,8,17358.19,Risque faible,4.2859604841974095,1.1222545665238002,Revenu élevé
4286,61,F,Tecnico,Oriente,2920.69,5817.87,627,7,9121.75,Risque moyen,1.2435204043878756,0.16304162097824867,Revenu moyen
4287,51,F,Primaria,Centro,878.58,2675.07,490,6,1962.79,Risque élevé,-1.7530913263874301,-0.671520437941096,Revenu faible
4289,20,M,Universitario,Centro,1200.98,1236.76,522,6,4292.33,Risque moyen,-1.495909412028066,-0.685919067316016,Revenu faible
4290,20,F,Tecnico,Centro,2280.95,4512.85,573,9,6321.99,Risque moyen,-0.030075730398824243,0.702567100928912,Revenu moyen
4292,61,F,Tecnico,Sur,3000.63,6722.65,685,6,9953.73,Risque faible,1.9577499434630994,-0.14175536055357574,Revenu élevé
4293,32,F,Universitario,Oriente,1342.51,2335.44,597,9,5070.02,Risque moyen,-0.8703918945372171,0.4477895001129674,Revenu faible
4294,58,M,Secundaria,Sur,1101.22,1625.39,522,11,1607.54,Risque moyen,-2.0432129219521276,1.054256678896566,Revenu faible
4296,57,M,Secundaria,Centro,1360.69,2114.51,523,7,2504.45,Risque moyen,-1.4833838327766569,-0.3031064990540322,Revenu faible
4297,28,M,Universitario,Centro,3790.97,6603.29,726,4,13394.95,Risque faible,2.981735600111213,-0.7291496275438959,Revenu élevé
4298,65,F,Universitario,Centro,1833.42,2064.59,650,7,6232.3,Risque faible,-0.16677778934019125,-0.23384130769891148,Revenu moyen
4301,74,M,Secundaria,Inconnue,1548.84,1845.77,567,9,3760.21,Risque moyen,-1.1989955694313812,0.4229648275979426,Revenu moyen
4302,71,M,Primaria,Occidente,1722.69,4027.76,576,6,5636.94,Risque moyen,-0.23104494014393884,-0.4683049314560807,Revenu moyen
4304,50,M,Secundaria,Norte,1697.05,4509.16,554,8,4942.75,Risque moyen,-0.4654191656783981,0.26650635491674285,Revenu moyen
4306,56,F,Universitario,Centro,1563.11,1847.94,604,4,3397.82,Risque moyen,-0.6996252410225046,-1.388236131642332,Revenu moyen
4307,51,F,Secundaria,Sur,1664.46,3574.12,532,6,2886.44,Risque moyen,-0.8926769122944296,-0.5425211647897817,Revenu moyen
4309,45,F,Universitario,Norte,3954.75,5777.41,685,9,12497.16,Risque faible,2.229255661129039,1.024585372427593,Revenu élevé
4310,54,F,Secundaria,Occidente,3290.49,5715.93,684,5,11801.88,Risque faible,2.1117097865684773,-0.4878316656408911,Revenu élevé
4312,21,F,Tecnico,Centro,1968.73,4413.39,550,6,6749.45,Risque moyen,-0.0854425644111748,-0.385648195522921,Revenu moyen
4313,54,M,Secundaria,Oriente,1804.46,2526.47,540,10,4054.95,Risque moyen,-1.1391825961769686,0.8631740274605744,Revenu moyen
4314,73,F,Postgrado,Occidente,3721.14,6909.94,664,7,12204.78,Risque faible,2.3431364516296123,0.35568045305898044,Revenu élevé
4315,18,M,Secundaria,Centro,1291.48,3872.52,544,5,5734.72,Risque moyen,-0.5596635425245996,-0.859359879683718,Revenu faible
4317,64,F,Tecnico,Oriente,929.06,1748.73,561,7,639.28,Risque moyen,-1.7088823835356715,-0.42471626556915576,Revenu faible
4319,36,F,Primaria,Occidente,1750.61,1170.35,637,3,8017.52,Risque moyen,-0.03411638138813315,-1.677644003583629,Revenu moyen
4321,27,F,Primaria,Oriente,1263.41,2967.77,546,9,2942.5,Risque moyen,-1.287871665488991,0.4517723667179963,Revenu faible
4323,45,M,Tecnico,Occidente,1018.31,1989.46,460,8,2008.3,Risque élevé,-2.136874495464753,0.03172018857353057,Revenu faible
4324,52,M,Tecnico,Centro,1390.72,2386.58,552,9,4183.01,Risque moyen,-1.195256484240613,0.45555399626675575,Revenu faible
4325,60,M,Tecnico,Centro,789.63,2417.21,449,10,3825.31,Risque élevé,-2.1448786830157727,0.7958805788597535,Revenu faible
4327,48,M,Tecnico,Centro,994.95,2682.51,450,9,604.93,Risque élevé,-2.265145434357302,0.40001869935268364,Revenu faible
4328,44,F,Secundaria,Centro,1734.02,1243.3,591,7,3271.02,Risque moyen,-1.0333871071763756,-0.3313079339167358,Revenu moyen
4329,28,F,Universitario,Norte,1117.21,1982.03,541,10,6908.88,Risque moyen,-1.2425508238774576,0.8301669287181176,Revenu faible
4330,66,F,Universitario,Centro,2916.57,6380.37,581,4,10149.51,Risque moyen,1.3832860155233988,-0.833510629107803,Revenu moyen
4331,66,F,Universitario,Centro,1733.74,2777.52,533,4,612.52,Risque moyen,-1.1350906977339226,-1.349084585647337,Revenu moyen
4332,55,F,Tecnico,Oriente,3174.15,6849.89,624,6,12069.83,Risque moyen,1.915408040325846,-0.042551462481657476,Revenu élevé
4333,22,M,Primaria,Norte,880.19,1314.75,410,7,1253.49,Risque élevé,-2.646665194890975,-0.3726837561416428,Revenu faible
4335,51,M,Universitario,Oriente,1743.87,3715.7,590,8,3769.37,Risque moyen,-0.5226208589464331,0.18224381116301108,Revenu moyen
4337,69,M,Secundaria,Norte,1644.75,2479.58,602,5,5593.99,Risque moyen,-0.38055402515430525,-0.9357265674743844,Revenu moyen
4338,73,F,Universitario,Oriente,2899.63,6259.97,658,1,10640.27,Risque faible,2.0416071937093228,-1.9383748774143121,Revenu moyen
4339,29,F,Tecnico,Centro,1719.31,1610.91,500,6,4046.0,Risque moyen,-1.3550374522438147,-0.6104902484551179,Revenu moyen
4340,55,M,Primaria,Norte,694.48,2091.67,443,6,2339.76,Risque élevé,-2.1913939041270223,-0.6932127895464094,Revenu faible
4346,67,F,Tecnico,Occidente,1132.27,742.13,595,7,7128.52,Risque moyen,-0.9712441591756729,-0.3323228337635718,Revenu faible
4347,22,F,Primaria,Centro,1360.89,2387.49,532,9,2810.91,Risque moyen,-1.4660259443075954,0.43075067131753103,Revenu faible
4349,73,F,Secundaria,Sur,1999.68,4441.65,596,7,5138.79,Risque moyen,-0.023685934231377083,-0.08060366834394796,Revenu moyen
4350,41,M,Universitario,Oriente,3836.35,6328.21,653,6,15581.95,Risque faible,2.612359038238733,0.0566579107197556,Revenu élevé
4355,43,F,Universitario,Inconnue,1644.3,2374.75,633,8,4832.51,Risque moyen,-0.4861788740882134,0.09969264024473014,Revenu moyen
4356,44,M,Primaria,Centro,919.79,695.87,366,15,1173.51,Risque élevé,-3.528288094446377,2.4737563094062454,Revenu faible
4357,63,M,Tecnico,Occidente,2857.06,4780.52,642,6,10088.87,Risque moyen,1.24717497504988,-0.24561953489885288,Revenu moyen
4359,60,F,Universitario,Centro,3538.73,6211.21,627,7,10767.71,Risque moyen,1.7537458661611596,0.28195773545392366,Revenu élevé
4360,44,F,Universitario,Sur,9483.48,17410.94,727,11,35377.01,Risque faible,9.472249018078468,3.439379692691766,Revenu élevé
4361,59,F,Universitario,Sur,5221.75,9133.1,737,6,20275.79,Risque faible,4.760912450066073,0.4196023050803208,Revenu élevé
4362,68,F,Secundaria,Oriente,1566.98,2155.16,591,7,4392.82,Risque moyen,-0.7947436350508783,-0.26900986129647997,Revenu moyen
4364,23,M,Secundaria,Norte,2102.08,3608.94,586,14,7380.29,Risque moyen,-0.4235852985404923,2.4390288515555127,Revenu moyen
4365,32,F,Secundaria,Centro,2139.38,3397.69,652,8,8562.2,Risque faible,0.43180711807649036,0.28193661575210605,Revenu moyen
4366,70,F,Tecnico,Centro,2421.23,3069.87,632,4,8076.67,Risque moyen,0.5624168516434774,-1.1424494725857324,Revenu moyen
4368,59,M,Primaria,Norte,811.39,0.0,416,6,500.0,Risque élevé,-2.9335076678070244,-0.8327607930676828,Revenu faible
4369,54,M,Universitario,Centro,2796.63,5169.55,654,5,9990.47,Risque faible,1.4273827427588501,-0.5940203710303511,Revenu moyen
4371,54,M,Postgrado,Norte,4594.98,7598.43,743,6,16803.02,Risque faible,3.8530044864478725,0.18969521593068697,Revenu élevé
4372,59,F,Secundaria,Sur,1260.79,2657.66,588,11,4749.46,Risque moyen,-1.0470585843464255,1.1706217560756438,Revenu faible
4373,54,F,Secundaria,Norte,1813.51,2956.75,589,6,7112.94,Risque moyen,-0.19208822623399824,-0.4942248496526355,Revenu moyen
4374,52,F,Secundaria,Norte,684.6,1114.92,455,4,989.6,Risque élevé,-2.345477681326007,-1.5018354409582158,Revenu faible
4375,40,F,Secundaria,Sur,1481.88,1623.87,560,5,545.66,Risque moyen,-1.3951361997944676,-1.096065581372511,Revenu faible
4376,23,M,Secundaria,Centro,3121.53,6616.2,667,6,11819.26,Risque faible,2.0712210454799833,-0.08613269209424892,Revenu élevé
4377,21,M,Postgrado,Sur,2505.63,5786.11,590,9,9183.2,Risque moyen,0.7271901892406717,0.8548186620012694,Revenu moyen
4379,26,F,Secundaria,Oriente,2352.12,3626.0,568,4,5615.94,Risque moyen,0.022268084165183777,-1.1436124012758886,Revenu moyen
4381,46,M,Secundaria,Sur,700.36,640.29,444,5,1676.65,Risque élevé,-2.4961624081106133,-1.1497989761504128,Revenu faible
4382,30,M,Primaria,Centro,1100.61,910.23,533,9,3944.86,Risque moyen,-1.7653958120080073,0.345484273284652,Revenu faible
4383,64,F,Secundaria,Centro,1861.0,3912.6,518,14,4139.26,Risque moyen,-1.192627868986261,2.391001041741522,Revenu moyen
4384,69,M,Secundaria,Oriente,2924.54,4467.29,678,4,9146.87,Risque faible,1.4490790206812416,-1.009979564936292,Revenu moyen
4385,34,F,Primaria,Sur,2009.19,2936.17,610,7,8289.76,Risque moyen,0.06708139712441678,-0.10204979819238313,Revenu moyen
4387,49,F,Tecnico,Norte,2430.48,5225.63,688,5,9168.5,Risque faible,1.402139686167946,-0.6595520274349713,Revenu moyen
4388,65,M,Secundaria,Centro,1514.84,3932.81,537,6,5559.67,Risque moyen,-0.5753140700391642,-0.47781307395566236,Revenu moyen
4392,54,F,Tecnico,Norte,2081.21,3537.22,663,2,5501.34,Risque faible,0.5625824119733207,-1.9350676896679047,Revenu moyen
4393,58,F,Universitario,Sur,1846.46,3905.81,586,8,6159.34,Risque moyen,-0.21774895187787088,0.25886640516728715,Revenu moyen
4394,66,F,Secundaria,Oriente,1553.25,2016.42,600,7,4148.4,Risque moyen,-0.8020036065529723,-0.2879373474603222,Revenu moyen
4395,30,F,Universitario,Inconnue,2386.18,3969.01,589,5,7400.26,Risque moyen,0.35338179088226934,-0.7320321615982763,Revenu moyen
4396,51,M,Universitario,Norte,3701.74,5355.79,696,9,14238.36,Risque faible,2.2777678717927077,1.0104346205819366,Revenu élevé
4398,39,F,Universitario,Sur,2418.1,4206.83,711,6,9697.34,Risque faible,1.3082215019849397,-0.3606239816073321,Revenu moyen
4400,40,F,Secundaria,Centro,1324.27,1054.94,591,4,3103.51,Risque moyen,-1.0740327916666257,-1.4577740242226773,Revenu faible
4401,68,M,Universitario,Centro,2833.29,3760.52,607,13,8913.67,Risque moyen,0.2571411713730811,2.185151172538157,Revenu moyen
4402,20,F,Universitario,Centro,2415.63,5333.18,584,5,4139.85,Risque moyen,0.29065446547463664,-0.7215892979318631,Revenu moyen
4403,59,F,Tecnico,Oriente,1289.55,3179.54,518,8,4482.66,Risque moyen,-1.1762673359063751,0.15638890766409042,Revenu faible
4404,51,M,Primaria,Norte,951.65,1197.21,529,2,4784.69,Risque moyen,-1.2666663567039558,-2.134271359489524,Revenu faible
4405,49,F,Tecnico,Oriente,968.86,2965.28,499,10,3437.7,Risque élevé,-1.699534959507365,0.8134697844392618,Revenu faible
4407,68,M,Secundaria,Centro,2998.53,6307.35,671,6,8974.66,Risque faible,1.6860074459154388,-0.18186068660742372,Revenu moyen
4408,75,M,Postgrado,Sur,4736.93,8294.12,762,2,16762.39,Risque faible,4.417237629975398,-1.196188056781847,Revenu élevé
4409,66,F,Secundaria,Norte,1095.34,2221.27,521,16,1326.4,Risque moyen,-2.2665918808509216,2.870177380603848,Revenu faible
4410,38,M,Secundaria,Centro,1366.12,2186.27,572,6,2064.5,Risque moyen,-1.1602674791201182,-0.6879968803259451,Revenu faible
4411,63,M,Primaria,Norte,845.55,2858.62,452,11,2928.88,Risque élevé,-2.16485824439254,1.1627550880493116,Revenu faible
4412,61,M,Secundaria,Norte,2159.12,3756.02,644,5,7147.42,Risque moyen,0.5111531393625317,-0.7964925924974274,Revenu moyen
4413,38,M,Tecnico,Centro,2001.41,3533.62,560,8,6126.65,Risque moyen,-0.38828208694405647,0.26302258656451727,Revenu moyen
4417,21,F,Secundaria,Centro,841.64,2598.42,428,5,1455.89,Risque élevé,-2.1390932748035567,-1.0206047786338175,Revenu faible
4418,68,F,Tecnico,Occidente,1450.12,2464.09,536,9,4034.2,Risque moyen,-1.2634594879934744,0.4695470394574986,Revenu faible
4420,45,F,Tecnico,Norte,2599.45,3682.66,594,6,6488.14,Risque moyen,0.2550240574080315,-0.393604417247454,Revenu moyen
4421,41,M,Universitario,Centro,1876.99,3657.46,686,1,3280.51,Risque faible,0.4727002590825818,-2.365682565843328,Revenu moyen
4422,52,M,Tecnico,Sur,1189.14,2400.84,511,7,749.56,Risque moyen,-1.7450406053609564,-0.33712485718744944,Revenu faible
4423,30,F,Secundaria,Centro,1471.64,3071.59,493,6,3864.71,Risque élevé,-1.2086935127751801,-0.5503655268658482,Revenu faible
4424,64,F,Universitario,Sur,7503.09,12233.69,663,7,23625.72,Risque faible,6.215948069921729,1.2833920506009742,Revenu élevé
4425,51,F,Postgrado,Norte,2166.0,4826.75,678,7,7218.58,Risque faible,0.8232811499031742,-0.032322918167738274,Revenu moyen
4426,28,F,Secundaria,Sur,2548.73,4404.06,637,7,10172.38,Risque moyen,0.9553889989030152,0.06487452003798767,Revenu moyen
4427,53,F,Tecnico,Sur,1833.95,4284.21,540,5,7903.85,Risque moyen,-0.046925714240679796,-0.7329567664351209,Revenu moyen
4428,68,F,Primaria,Oriente,1265.64,2441.24,522,7,7279.22,Risque moyen,-0.9696172238049758,-0.1848461009255326,Revenu faible
4430,52,M,Secundaria,Sur,2028.0,4169.69,628,3,5841.34,Risque moyen,0.4408607022588551,-1.5224665844970988,Revenu moyen
4431,35,M,Postgrado,Centro,5196.57,8683.32,788,6,18297.06,Risque faible,4.75208104656918,0.3234452440908631,Revenu élevé
4432,57,F,Tecnico,Sur,3650.57,7227.35,638,4,13590.28,Risque moyen,2.5576348092339467,-0.6623295073428287,Revenu élevé
4433,39,F,Secundaria,Centro,1696.85,3868.23,595,6,5227.64,Risque moyen,-0.2058483176145985,-0.4978198892854781,Revenu moyen
4434,74,M,Primaria,Occidente,935.03,1851.23,499,6,2295.16,Risque élevé,-1.8170253413467192,-0.7104375666671262,Revenu faible
4435,41,M,Universitario,Oriente,5357.58,9418.75,692,8,16331.01,Risque faible,4.083474507500883,1.0953321520104966,Revenu élevé
4438,54,F,Universitario,Centro,2800.2,3990.91,651,6,6611.5,Risque faible,0.7521677658336025,-0.37946763947160866,Revenu moyen
4441,25,F,Secundaria,Centro,1923.21,4978.48,587,5,5898.12,Risque moyen,0.20810991343636426,-0.7506931479433783,Revenu moyen
4442,45,M,Universitario,Occidente,8800.31,15268.78,718,6,29773.03,Risque faible,8.417517926040727,1.3396156143434905,Revenu élevé
4443,22,M,Universitario,Centro,2975.34,5799.82,663,6,11326.26,Risque faible,1.7630883301652787,-0.1567371888418738,Revenu moyen
4444,34,M,Primaria,Oriente,2014.32,4179.92,554,8,5055.03,Risque moyen,-0.3912456163352844,0.28019809960982817,Revenu moyen
4445,54,F,Secundaria,Sur,1223.05,2251.02,523,7,4318.13,Risque moyen,-1.325743914055464,-0.2673154707472567,Revenu faible
4446,53,M,Primaria,Occidente,1383.54,3595.4,504,7,1868.78,Risque moyen,-1.3371022516119386,-0.22089522797689806,Revenu faible
4447,71,F,Tecnico,Centro,803.35,1370.29,517,2,1567.35,Risque moyen,-1.692724111906909,-2.205696156184866,Revenu faible
4449,44,M,Secundaria,Oriente,1616.88,4085.19,645,8,3723.07,Risque moyen,-0.1784643043667004,0.16575761654417828,Revenu moyen
4450,70,F,Universitario,Sur,2971.55,4991.48,630,7,8677.37,Risque moyen,1.061682868953295,0.108586838641798,Revenu moyen
4451,51,F,Tecnico,Centro,2681.12,4901.69,654,4,7059.5,Risque faible,1.0840686859303246,-1.0443784066348818,Revenu moyen
4452,28,M,Universitario,Sur,2144.31,3734.92,619,7,5560.77,Risque moyen,0.06556894869484965,-0.10860277283779911,Revenu moyen
4453,71,M,Postgrado,Occidente,6884.3,11636.0,693,6,24950.17,Risque faible,6.206003723502031,0.8486295349044717,Revenu élevé
4455,64,M,Secundaria,Sur,692.59,14.08,419,6,500.0,Risque élevé,-2.962453274204152,-0.8446182263780724,Revenu faible
4457,71,F,Universitario,Centro,2690.24,5418.24,600,5,7047.59,Risque moyen,0.815882641081607,-0.6319590526370285,Revenu moyen
4459,71,M,Universitario,Sur,2805.19,5537.02,709,6,9241.36,Risque faible,1.6930562403780265,-0.2560217570313036,Revenu moyen
4460,28,F,Primaria,Centro,1003.77,1701.94,471,7,2980.05,Risque élevé,-1.976911302117666,-0.32688782064178085,Revenu faible
4461,56,F,Primaria,Norte,941.83,1856.74,529,7,3966.47,Risque moyen,-1.527445501191457,-0.327626529889504,Revenu faible
4463,22,F,Postgrado,Inconnue,3091.48,5507.15,633,6,7876.19,Risque moyen,1.2189074488487208,-0.22711619287340998,Revenu élevé
4464,34,M,Tecnico,Oriente,2586.8,3789.35,603,6,4674.3,Risque moyen,0.1391317310328876,-0.4336760436985579,Revenu moyen
4465,73,M,Primaria,Occidente,785.1,2466.68,469,7,814.88,Risque élevé,-2.140135421446831,-0.3514380446169386,Revenu faible
4466,37,F,Postgrado,Occidente,3071.89,5297.9,589,7,7567.44,Risque moyen,0.8133208381141851,0.12927986314238588,Revenu élevé
4467,58,F,Universitario,Inconnue,4703.59,8095.84,667,6,17295.18,Risque faible,3.607065634183303,0.274215765248434,Revenu élevé
4468,63,M,Universitario,Sur,1142.46,1606.73,490,6,4634.04,Risque élevé,-1.5951519602843014,-0.6479216930275286,Revenu faible
4469,75,F,Secundaria,Sur,2134.73,3534.5,634,5,5626.24,Risque moyen,0.23906092146484464,-0.8415429343188088,Revenu moyen
4472,34,M,Universitario,Centro,1841.9,1968.73,563,6,4508.95,Risque moyen,-0.809850626309515,-0.5959541237636526,Revenu moyen
4473,68,F,Tecnico,Norte,3014.01,4736.88,611,2,6039.57,Risque moyen,0.9553597824106933,-1.7410401770496484,Revenu élevé
4475,43,M,Universitario,Oriente,1482.95,3803.92,564,8,2660.7,Risque moyen,-0.8795997369832316,0.1491309609521742,Revenu faible
4476,65,F,Secundaria,Sur,1062.45,1703.75,510,8,1914.2,Risque moyen,-1.8944536851069687,-0.005267984277729433,Revenu faible
4477,61,F,Tecnico,Oriente,1492.86,4683.29,586,6,6352.35,Risque moyen,-0.05579351699413677,-0.440538663841637,Revenu faible
4478,61,F,Secundaria,Sur,2301.29,4703.03,570,9,6465.1,Risque moyen,0.01574755860531052,0.7201160634646283,Revenu moyen
4479,69,M,Primaria,Norte,1008.77,2993.36,505,7,1806.97,Risque moyen,-1.6215380472956613,-0.29336493096382693,Revenu faible
4480,49,M,Secundaria,Norte,1504.88,2781.83,549,6,5676.42,Risque moyen,-0.7407615420610246,-0.5482491548789455,Revenu moyen
4481,23,F,Universitario,Centro,1693.54,2848.05,552,7,6788.53,Risque moyen,-0.578682391989143,-0.14507209239999164,Revenu moyen
4483,75,F,Secundaria,Occidente,1486.4,3569.68,499,10,3513.15,Risque élevé,-1.3477305057867122,0.899542573778041,Revenu faible
4485,55,F,Primaria,Centro,866.59,1912.33,555,9,701.94,Risque moyen,-1.8541391548637527,0.2980672741591575,Revenu faible
4486,28,F,Postgrado,Norte,2539.44,2220.6,565,3,6608.46,Risque moyen,-0.050634023208667424,-1.5410149371884436,Revenu moyen
4487,50,F,Tecnico,Sur,3596.17,5953.04,646,11,12285.2,Risque moyen,1.7406100738824457,1.7284886299321844,Revenu élevé
4488,41,F,Postgrado,Sur,3387.03,7238.73,632,7,11705.59,Risque moyen,2.0338405469143193,0.3460151262587562,Revenu élevé
4489,40,F,Universitario,Inconnue,1598.79,2449.92,538,6,4380.91,Risque moyen,-0.9695930350774109,-0.5828721642531197,Revenu moyen
4491,44,M,Primaria,Sur,1805.07,3150.42,594,5,6764.2,Risque moyen,-0.09846020984317333,-0.8515036328429024,Revenu moyen
4493,74,M,Primaria,Oriente,2652.41,4703.47,635,10,8803.79,Risque moyen,0.7223925316773244,1.1347837114777606,Revenu moyen
4494,68,F,Primaria,Norte,1500.0,2533.17,588,4,3607.25,Risque moyen,-0.6534173498290876,-1.3425917296545156,Revenu moyen
4495,67,M,Secundaria,Centro,1902.54,2691.82,638,9,7531.01,Risque moyen,-0.0673111042673614,0.55900245691127,Revenu moyen
4496,34,M,Tecnico,Sur,2085.55,3638.56,610,6,5678.08,Risque moyen,0.042202440820142545,-0.47065535210088555,Revenu moyen
4497,68,M,Secundaria,Norte,1836.94,2365.06,659,8,2141.53,Risque faible,-0.5310576708422776,0.044962758834803995,Revenu moyen
4498,70,F,Secundaria,Sur,1503.81,2667.73,527,8,2569.0,Risque moyen,-1.3387591431111476,0.09983314262784614,Revenu moyen
4499,31,F,Tecnico,Norte,2360.48,4189.79,597,3,4740.86,Risque moyen,0.288522546486019,-1.5005331874036099,Revenu moyen
4500,44,F,Primaria,Norte,1039.06,3448.5,509,13,2379.07,Risque moyen,-1.8051347611783009,1.8924487518878206,Revenu faible
4501,35,F,Universitario,Occidente,4808.06,8014.4,712,2,18826.29,Risque faible,4.305298178259867,-1.13646673207519,Revenu élevé
4502,45,M,Tecnico,Centro,738.98,1979.34,435,7,3106.67,Risque élevé,-2.227467545956024,-0.3169789140465505,Revenu faible
4503,68,M,Secundaria,Norte,1047.78,729.63,553,4,1780.49,Risque moyen,-1.6177410727381065,-1.5157879728075614,Revenu faible
4508,62,M,Postgrado,Oriente,1987.24,3628.71,571,2,5639.09,Risque moyen,0.015566892758561312,-1.8941973449942182,Revenu moyen
4509,52,M,Primaria,Oriente,768.14,1051.64,430,9,500.0,Risque élevé,-2.833818021290754,0.2904859705054592,Revenu faible
4510,65,F,Secundaria,Centro,1481.88,1917.69,508,7,2929.42,Risque moyen,-1.5191493302672556,-0.28660780248942536,Revenu faible
4511,26,M,Universitario,Oriente,2764.44,5138.09,551,12,12454.94,Risque moyen,0.616769511284866,2.0061333817354448,Revenu moyen
4512,25,M,Secundaria,Centro,1050.84,2894.33,481,9,3535.53,Risque élevé,-1.7137347926682152,0.46991544522513884,Revenu faible
4513,69,M,Secundaria,Oriente,703.82,0.0,360,10,2044.75,Risque élevé,-3.399303394790801,0.647382791381579,Revenu faible
4514,62,M,Universitario,Oriente,2768.25,6753.78,610,5,6081.57,Risque moyen,1.0911134418336763,-0.573436668631346,Revenu moyen
4515,34,F,Secundaria,Sur,1838.18,2619.25,668,6,6856.07,Risque faible,0.18516026147295542,-0.5528034072028903,Revenu moyen
4516,34,F,Tecnico,Centro,1084.86,2200.05,473,5,2399.03,Risque élevé,-1.7604145942053309,-1.019452585964874,Revenu faible
4517,66,F,Universitario,Sur,2108.01,3215.45,634,13,6172.55,Risque moyen,-0.28353303754303766,2.0103096892081718,Revenu moyen
4518,50,F,Universitario,Inconnue,3673.92,6566.71,680,4,10814.39,Risque faible,2.389601158998631,-0.7800529669037238,Revenu élevé
4519,49,M,Postgrado,Centro,1987.43,3839.2,648,12,5713.44,Risque moyen,-0.10394970948529389,1.660729166547579,Revenu moyen
4520,25,M,Universitario,Occidente,2287.41,3975.06,573,14,6451.5,Risque moyen,-0.44048452415186956,2.4627751743313424,Revenu moyen
4521,36,M,Tecnico,Sur,1319.64,2518.08,533,9,4771.58,Risque moyen,-1.2484411576177432,0.4782583297461587,Revenu faible
4522,55,M,Universitario,Norte,6583.0,11937.43,725,6,25783.61,Risque faible,6.417958398161305,0.8418214888141263,Revenu élevé
4525,30,F,Universitario,Occidente,3080.25,3810.17,618,7,9496.52,Risque moyen,0.8702119480081487,0.07438200393400413,Revenu élevé
4528,48,M,Primaria,Norte,973.87,2428.74,500,7,1885.71,Risque moyen,-1.7770785634779698,-0.325393161569849,Revenu faible
4529,72,F,Secundaria,Norte,3144.94,4768.62,735,2,11930.94,Risque faible,2.351034222404281,-1.6493650508348845,Revenu élevé
4531,67,M,Postgrado,Oriente,6698.36,11874.46,751,2,25002.19,Risque faible,6.775493637342682,-0.6104726966863737,Revenu élevé
4533,39,F,Tecnico,Centro,2920.46,5127.74,580,13,10761.15,Risque moyen,0.6139831794528244,2.3266332911066314,Revenu moyen
4536,60,F,Tecnico,Norte,3122.67,7322.34,733,4,10786.67,Risque faible,2.6286525211091853,-0.8132718445069452,Revenu élevé
4537,20,F,Tecnico,Sur,1101.23,2128.04,529,5,810.9,Risque moyen,-1.6023481334769631,-1.0831706790615856,Revenu faible
4538,71,M,Universitario,Norte,3070.47,5354.09,664,3,8418.78,Risque faible,1.6032685491802632,-1.3123854183554038,Revenu élevé
4539,27,M,Primaria,Sur,1279.0,2903.65,615,10,3981.63,Risque moyen,-0.8447915286952692,0.7995408243457073,Revenu faible
4543,29,F,Secundaria,Centro,1494.48,2979.93,585,5,8107.23,Risque moyen,-0.1793142677147697,-0.8565822657585406,Revenu faible
4544,19,F,Secundaria,Sur,2820.27,4386.13,648,7,10743.89,Risque moyen,1.1883000320828407,0.09768405604761526,Revenu moyen
4545,58,M,Tecnico,Centro,1908.67,3996.21,492,5,5440.58,Risque élevé,-0.6120280066493257,-0.7766055091528848,Revenu moyen
4546,41,F,Secundaria,Inconnue,967.77,3867.96,550,10,797.02,Risque moyen,-1.479682954829241,0.7830508554460915,Revenu faible
4548,73,M,Postgrado,Sur,2219.19,2799.07,544,5,5686.66,Risque moyen,-0.4048729278769718,-0.834251928555073,Revenu moyen
4550,74,F,Secundaria,Occidente,1483.8,2945.41,581,5,2929.82,Risque moyen,-0.7460377293346732,-0.9748310431366829,Revenu faible
4551,47,M,Secundaria,Oriente,1717.65,4106.27,528,10,6330.28,Risque moyen,-0.6777329125781627,1.0033165530931862,Revenu moyen
4552,64,M,Secundaria,Norte,1708.1,2181.4,514,9,5093.65,Risque moyen,-1.2363947995140427,0.5115982563398467,Revenu moyen
4553,52,F,Primaria,Sur,1254.33,3756.3,440,10,2966.57,Risque élevé,-1.8082951730479522,0.9024428620502829,Revenu faible
4554,36,M,Secundaria,Centro,3312.79,6469.34,634,8,11210.42,Risque moyen,1.7382844416099525,0.6398112653335941,Revenu élevé
4557,43,M,Postgrado,Occidente,5058.47,8091.93,786,9,18231.18,Risque faible,4.363138520353316,1.3481143196881553,Revenu élevé
4558,66,M,Postgrado,Occidente,9570.85,16496.72,742,4,38327.87,Risque faible,10.143561285737338,0.9516795785367027,Revenu élevé
4562,24,M,Tecnico,Sur,965.87,1885.09,567,7,3965.29,Risque moyen,-1.2879369542395336,-0.34082226249848036,Revenu faible
4563,20,M,Primaria,Oriente,745.29,2247.51,494,4,1509.86,Risque élevé,-1.7972906101974147,-1.4361864678885476,Revenu faible
4564,18,M,Postgrado,Occidente,3990.26,6042.86,658,7,15243.78,Risque faible,2.5483504400111627,0.4024593063680614,Revenu élevé
4565,53,M,Universitario,Sur,2801.37,4391.48,696,1,10705.35,Risque faible,1.834953550212995,-2.071693299474374,Revenu moyen
4567,54,F,Universitario,Norte,3702.76,8014.27,656,10,9576.45,Risque faible,2.0651482603707016,1.4348437999210522,Revenu élevé
4568,18,M,Tecnico,Norte,2905.02,5938.82,593,7,10331.45,Risque moyen,1.1867200336139465,0.21120728555302218,Revenu moyen
4570,54,M,Tecnico,Centro,2568.23,4829.39,648,6,7899.0,Risque moyen,0.9475202520349522,-0.32251653153497506,Revenu moyen
4571,30,M,Tecnico,Sur,2219.57,4895.99,579,6,8162.56,Risque moyen,0.43718049493290884,-0.314873339737686,Revenu moyen
4573,25,F,Universitario,Occidente,2412.04,4581.0,589,7,6062.33,Risque moyen,0.23154395381860654,-0.009194977731470872,Revenu moyen
4574,22,F,Tecnico,Centro,2034.06,4036.92,559,10,5521.97,Risque moyen,-0.4609386900328904,0.9972304552048761,Revenu moyen
4575,26,F,Universitario,Occidente,2270.65,3876.1,614,9,7787.94,Risque moyen,0.2224129117301026,0.679353800061404,Revenu moyen
4578,52,M,Primaria,Sur,1193.12,1707.29,521,9,3155.1,Risque moyen,-1.7095671054657224,0.3880584469983667,Revenu faible
4579,19,M,Universitario,Oriente,2154.53,1986.47,550,10,7018.0,Risque moyen,-0.7445319792183851,0.9277116246882672,Revenu moyen
4580,57,F,Postgrado,Sur,4401.35,8460.52,697,7,15657.67,Risque faible,3.5041515952587883,0.573600088927375,Revenu élevé
4581,40,M,Primaria,Norte,1534.09,2860.64,580,9,4758.91,Risque moyen,-0.8111114954948546,0.4971161479093498,Revenu moyen
4582,26,F,Secundaria,Centro,2487.44,4370.07,610,9,5744.73,Risque moyen,0.18430349819031652,0.6842691782925828,Revenu moyen
4584,63,F,Universitario,Centro,2104.24,4028.67,562,7,7061.92,Risque moyen,-0.07021579511660565,-0.03580493092474476,Revenu moyen
4585,31,F,Postgrado,Sur,5860.3,10272.95,730,5,21256.18,Risque faible,5.390862394141426,0.2142878122219761,Revenu élevé
4586,21,M,Secundaria,Sur,2830.82,3979.24,646,6,10070.98,Risque moyen,1.0881399616115937,-0.29677712824799646,Revenu moyen
4588,48,F,Universitario,Occidente,4263.27,6881.54,648,9,15166.12,Risque moyen,2.6482096647671454,1.1949832783996495,Revenu élevé
4589,55,F,Primaria,Centro,1325.59,2666.28,541,10,3099.63,Risque moyen,-1.401584542150938,0.8035916735769554,Revenu faible
4590,28,M,Universitario,Norte,3917.59,8099.84,639,4,13186.96,Risque moyen,2.8184334782562948,-0.5958654334650041,Revenu élevé
4594,31,M,Tecnico,Sur,1798.42,2858.12,489,6,4317.0,Risque élevé,-1.0946571537899767,-0.5195699410907757,Revenu moyen
4595,30,F,Postgrado,Sur,3842.36,7187.38,631,6,11879.27,Risque moyen,2.2874225194726354,0.0332454776580549,Revenu élevé
4596,62,M,Postgrado,Inconnue,5661.43,8636.48,730,9,18184.86,Risque faible,4.395912105262863,1.4613125571934162,Revenu élevé
4597,49,M,Universitario,Occidente,2168.47,3259.63,565,8,7558.26,Risque moyen,-0.20025390221500647,0.2931716663503433,Revenu moyen
4598,51,M,Secundaria,Occidente,2387.35,3687.5,580,3,7953.59,Risque moyen,0.4230381938940331,-1.4468185808133323,Revenu moyen
4599,62,M,Secundaria,Oriente,1681.96,3356.02,598,8,3142.75,Risque moyen,-0.6419170479126266,0.13772661829593308,Revenu moyen
4600,36,M,Secundaria,Occidente,1209.03,2131.71,405,11,3544.08,Risque élevé,-2.380586057640978,1.190320469717002,Revenu faible
4601,55,M,Universitario,Norte,3290.4,6046.02,584,3,8046.29,Risque moyen,1.3327211060975734,-1.2237218684098246,Revenu élevé
4602,33,F,Tecnico,Oriente,3108.73,5496.95,599,6,9817.5,Risque moyen,1.2231501415991934,-0.166878497622277,Revenu élevé
4603,19,F,Postgrado,Inconnue,3305.78,5774.67,602,8,8300.0,Risque moyen,1.10114994195185,0.5474880036101933,Revenu élevé
4605,34,M,Tecnico,Norte,1533.53,3318.45,568,5,3012.35,Risque moyen,-0.7142597492529936,-0.9407483562016083,Revenu moyen
4606,72,M,Universitario,Inconnue,1850.8,4185.73,593,6,5892.25,Risque moyen,-0.017874077499360753,-0.4488170961279784,Revenu moyen
4607,51,M,Postgrado,Norte,9355.94,16819.17,814,8,38656.24,Risque faible,10.329584463810978,2.3551769009719266,Revenu élevé
4609,33,F,Tecnico,Centro,635.63,2416.37,443,6,1461.76,Risque élevé,-2.2372731001034443,-0.6998448567083354,Revenu faible
4610,55,M,Universitario,Norte,2071.5,3241.98,669,2,8463.04,Risque faible,0.8352678348014442,-1.8888632543736443,Revenu moyen
4611,19,M,Primaria,Oriente,1246.62,2877.25,531,7,3954.94,Risque moyen,-1.173421895083441,-0.24057551414577524,Revenu faible
4612,19,F,Tecnico,Occidente,1745.18,2685.89,522,6,2382.04,Risque moyen,-1.157807444597565,-0.5932201859701401,Revenu moyen
4614,30,F,Primaria,Oriente,659.13,1336.99,444,7,3120.13,Risque élevé,-2.342563353404288,-0.3655747246407328,Revenu faible
4615,73,F,Universitario,Oriente,2620.16,4401.99,639,4,9784.58,Risque moyen,1.1441923893476513,-1.0108081638158388,Revenu moyen
4616,64,M,Tecnico,Occidente,1203.47,1439.77,491,14,1751.81,Risque élevé,-2.3949315052231177,2.1431610931875396,Revenu faible
4617,48,M,Secundaria,Sur,2282.53,3650.46,669,2,8853.08,Risque faible,1.04992766068755,-1.8362522012311595,Revenu moyen
4618,51,M,Secundaria,Sur,913.28,1519.43,546,10,2350.6,Risque moyen,-1.864128802822933,0.6786258637582824,Revenu faible
4620,20,M,Universitario,Inconnue,1606.79,2654.54,535,11,2473.09,Risque moyen,-1.4488157406033597,1.175820183644469,Revenu moyen
4621,25,F,Primaria,Norte,1781.59,2846.37,603,7,4777.8,Risque moyen,-0.4485941489570426,-0.2051827964461893,Revenu moyen
4622,40,M,Postgrado,Oriente,2661.94,6211.08,582,3,9260.99,Risque moyen,1.218320274583159,-1.2456971488351227,Revenu moyen
4623,31,M,Secundaria,Centro,915.4,1326.12,449,9,3534.38,Risque élevé,-2.2909524628746056,0.3804712071134673,Revenu faible
4624,73,M,Tecnico,Centro,3072.03,4604.23,683,8,10297.4,Risque faible,1.437204889452002,0.46604638235381796,Revenu élevé
4625,72,M,Tecnico,Centro,778.1,305.6,473,5,4094.35,Risque élevé,-2.1158453905590036,-1.1201952139367515,Revenu faible
4626,44,M,Universitario,Oriente,3292.23,5336.55,708,4,12514.49,Risque faible,2.308895864630236,-0.8619221915271931,Revenu élevé
4627,71,F,Universitario,Occidente,2954.61,5315.99,615,5,7349.99,Risque moyen,1.0238486679951067,-0.6126044829876045,Revenu moyen
4628,46,F,Secundaria,Norte,4707.37,8495.05,657,4,15617.63,Risque faible,3.587184836084543,-0.45083588650985246,Revenu élevé
4629,56,M,Tecnico,Centro,2480.63,3970.2,649,7,5622.14,Risque moyen,0.43860177405187456,-0.07502284430869156,Revenu moyen
4630,70,M,Secundaria,Norte,1984.12,2335.0,537,9,7043.24,Risque moyen,-0.7532134111566087,0.5805275699257627,Revenu moyen
4631,56,M,Tecnico,Sur,1261.75,1562.39,560,14,3819.91,Risque moyen,-1.7263625535701312,2.1715146923462876,Revenu faible
4632,18,F,Tecnico,Centro,1554.63,1741.3,549,7,5549.91,Risque moyen,-1.0159508138080444,-0.24912008445775835,Revenu moyen
4633,34,M,Secundaria,Centro,1662.31,589.67,525,7,4044.03,Risque moyen,-1.5108098206269416,-0.32885521114982125,Revenu moyen
4634,58,M,Secundaria,Norte,2936.31,3432.12,600,5,8583.09,Risque moyen,0.6553457023253422,-0.688935793364502,Revenu moyen
4637,30,M,Universitario,Sur,2422.34,4830.48,695,3,11271.55,Risque faible,1.6970396151252054,-1.3539855766877074,Revenu moyen
4639,36,M,Postgrado,Sur,4697.21,7969.56,706,9,15372.61,Risque faible,3.4223165923747643,1.2779801854973483,Revenu élevé
4640,70,M,Primaria,Centro,2507.14,3825.5,575,10,7002.62,Risque moyen,-0.0621791830390123,1.0563323579890818,Revenu moyen
4642,74,F,Tecnico,Centro,1526.67,2141.35,594,9,3835.1,Risque moyen,-0.9790646010602144,0.4275270670836238,Revenu moyen
4643,42,F,Primaria,Sur,2489.76,5866.45,573,3,7272.98,Risque moyen,0.816430452526411,-1.3229732671054661,Revenu moyen
4645,48,M,Universitario,Occidente,1561.62,2176.78,569,5,3755.86,Risque moyen,-0.862246311973003,-0.9878995970289641,Revenu moyen
4648,40,F,Secundaria,Norte,1606.05,3755.62,506,9,4067.17,Risque moyen,-1.0978541036742069,0.5735302646865208,Revenu moyen
4649,49,M,Universitario,Centro,3843.74,7316.63,710,3,15091.19,Risque faible,3.2973590896698783,-0.9947910949262345,Revenu élevé
4650,27,F,Secundaria,Norte,888.12,1708.39,530,14,2030.37,Risque moyen,-2.2115587165214503,2.117418602807815,Revenu faible
4651,27,M,Universitario,Norte,1832.46,3537.99,654,7,5513.37,Risque faible,0.0947643098179866,-0.16656806852895203,Revenu moyen
4652,53,M,Secundaria,Centro,1177.22,2421.85,510,9,3468.34,Risque moyen,-1.5973666539308862,0.43999896716576176,Revenu faible
4653,25,M,Tecnico,Sur,1567.5,1802.55,565,7,3910.9,Risque moyen,-1.0716884059712672,-0.2885923981921217,Revenu moyen
4655,69,M,Universitario,Centro,2990.36,5607.56,656,9,7945.29,Risque faible,1.152936915299173,0.8329810917833382,Revenu moyen
4656,37,M,Universitario,Centro,2795.21,5358.7,674,11,9332.7,Risque faible,1.142098837129174,1.5383493338828689,Revenu moyen
4657,49,M,Tecnico,Oriente,1827.1,2898.17,599,5,5782.88,Risque moyen,-0.21401960392987834,-0.8884595188164861,Revenu moyen
4658,67,F,Primaria,Centro,1396.71,3479.32,575,10,500.0,Risque moyen,-1.266403221589442,0.7834384541988286,Revenu faible
4659,31,F,Secundaria,Oriente,1093.74,2149.47,470,4,4443.06,Risque élevé,-1.51278679243441,-1.3315532260067124,Revenu faible
4660,67,M,Secundaria,Occidente,1590.1,2531.66,492,10,4791.42,Risque élevé,-1.4343820817725486,0.8812953829626107,Revenu moyen
4661,45,M,Secundaria,Occidente,707.33,1595.96,484,12,500.0,Risque élevé,-2.6135956580881974,1.3646445631878272,Revenu faible
4662,63,F,Universitario,Centro,3904.92,7861.67,681,11,9088.25,Risque faible,2.1516845119579635,1.7805465547038681,Revenu élevé
4663,69,F,Universitario,Inconnue,1965.29,2955.55,594,13,6260.6,Risque moyen,-0.6244869103460149,2.001633906882212,Revenu moyen
4665,41,M,Postgrado,Centro,2164.18,4549.24,654,7,7991.91,Risque faible,0.701881077191994,-0.020301368158160034,Revenu moyen
4668,47,M,Tecnico,Oriente,2414.76,4197.0,696,13,7366.14,Risque faible,0.5397845340647911,2.0955232381371123,Revenu moyen
4670,30,M,Tecnico,Norte,1871.41,2730.83,598,7,4715.46,Risque moyen,-0.47140816015099574,-0.20247833496650058,Revenu moyen
4671,40,F,Tecnico,Sur,2172.87,2002.28,717,4,7346.96,Risque faible,0.6577889314498584,-1.2827651637025885,Revenu moyen
4672,25,F,Universitario,Centro,3322.24,6069.72,630,4,9027.49,Risque moyen,1.6599147922164394,-0.8602705274535059,Revenu élevé
4673,35,F,Secundaria,Norte,1998.26,3687.19,589,3,4456.26,Risque moyen,-0.04542806289993631,-1.5670269745564842,Revenu moyen
4674,29,F,Universitario,Centro,1555.87,3546.59,524,9,7738.84,Risque moyen,-0.6803122073315336,0.6315219833639911,Revenu moyen
4675,72,M,Tecnico,Norte,1967.06,4182.76,645,7,8077.54,Risque moyen,0.49779389149439474,-0.05434881325118198,Revenu moyen
4676,48,M,Tecnico,Sur,1739.1,4462.19,519,10,6541.92,Risque moyen,-0.6245973064044386,1.03482925122351,Revenu moyen
4677,31,F,Primaria,Centro,733.16,1532.65,510,8,500.0,Risque moyen,-2.2132915891185503,-0.07853964677467955,Revenu faible
4678,51,F,Secundaria,Norte,1509.47,4486.34,590,10,2929.82,Risque moyen,-0.6683067016741489,0.900737045191902,Revenu moyen
4680,73,F,Secundaria,Centro,1770.66,3276.17,573,5,4953.6,Risque moyen,-0.39558089465983026,-0.8789680229684155,Revenu moyen
4681,51,F,Universitario,Sur,4205.65,8425.32,758,5,17473.01,Risque faible,4.085245369958415,-0.14865263115593075,Revenu élevé
4682,28,F,Secundaria,Centro,2287.77,3404.07,521,13,6581.09,Risque moyen,-0.7914956847940399,2.098474396769143,Revenu moyen
4684,29,M,Tecnico,Norte,1971.56,3428.87,567,8,5685.43,Risque moyen,-0.4270352230830391,0.2409808400824473,Revenu moyen
4685,66,F,Tecnico,Centro,1791.54,3073.46,561,7,4292.21,Risque moyen,-0.693290297704531,-0.183141497921098,Revenu moyen
4686,32,M,Primaria,Sur,3112.04,6284.6,547,9,6769.34,Risque moyen,0.585127782870125,0.9063083926496451,Revenu élevé
4687,74,M,Primaria,Norte,1159.41,2969.54,522,9,3548.17,Risque moyen,-1.4099484210473978,0.46645529243272504,Revenu faible
4689,66,F,Primaria,Centro,1772.86,2690.17,590,6,5112.88,Risque moyen,-0.46494384074003164,-0.5592129481522254,Revenu moyen
4690,75,F,Universitario,Norte,3147.7,6209.55,673,6,9602.33,Risque faible,1.803732972945035,-0.16002464004148775,Revenu élevé
4691,46,F,Secundaria,Sur,920.49,2627.85,548,8,3692.0,Risque moyen,-1.3518273765702322,0.05785443477205495,Revenu faible
4694,49,F,Universitario,Sur,1888.5,2624.89,622,7,4936.52,Risque moyen,-0.32281900053438084,-0.2127965995969705,Revenu moyen
4696,55,M,Secundaria,Occidente,1084.77,2883.33,516,8,1773.61,Risque moyen,-1.6143238721197692,0.05936344316755731,Revenu faible
4697,34,M,Secundaria,Norte,1319.32,1592.14,514,5,1138.08,Risque moyen,-1.6795576983616514,-1.0793035647890354,Revenu faible
4698,40,F,Universitario,Norte,1979.11,3558.38,649,11,6227.74,Risque moyen,-0.04576356569095642,1.2972632708693466,Revenu moyen
4699,41,F,Universitario,Centro,2935.68,5319.61,648,7,8996.15,Risque moyen,1.2548709679301588,0.12329406783478884,Revenu moyen
4700,67,M,Secundaria,Centro,2093.8,2963.08,526,11,3954.69,Risque moyen,-1.081069084262767,1.2776669548108581,Revenu moyen
4702,58,M,Universitario,Centro,1079.15,2257.57,481,6,2444.52,Risque élevé,-1.7613581961163438,-0.6616665346555056,Revenu faible
4704,22,M,Tecnico,Sur,2144.69,4658.37,558,7,4294.21,Risque moyen,-0.22752394601458967,-0.05620536988691468,Revenu moyen
4705,61,M,Universitario,Centro,3252.57,5822.76,643,6,12363.68,Risque moyen,1.872453611050331,-0.09653138070199228,Revenu élevé
4706,74,M,Secundaria,Norte,1473.28,3218.11,597,7,4427.68,Risque moyen,-0.5697387556596654,-0.21823222546330776,Revenu faible
4707,46,M,Primaria,Centro,1223.2,2545.24,642,5,4045.27,Risque moyen,-0.46617913783288023,-1.0251113365734141,Revenu faible
4709,28,M,Tecnico,Sur,3112.89,5229.19,605,9,10611.02,Risque moyen,1.0974348076878917,0.9059365069989838,Revenu élevé
4710,74,F,Secundaria,Occidente,872.57,1999.99,451,8,582.27,Risque élevé,-2.3947924178548567,-0.009743524169405571,Revenu faible
4711,18,M,Primaria,Occidente,1401.79,3454.41,466,6,2684.95,Risque élevé,-1.4366877692941085,-0.5493449118839832,Revenu faible
4712,60,M,Secundaria,Sur,993.24,2538.16,508,5,1434.46,Risque moyen,-1.6200767123121114,-1.0461411490141732,Revenu faible
4713,36,F,Tecnico,Oriente,1434.42,3566.05,557,13,4995.26,Risque moyen,-1.0642667463805628,1.974478241989832,Revenu faible
4714,26,M,Primaria,Norte,1142.52,2211.0,453,15,500.0,Risque élevé,-2.6715188353773343,2.5284377258361195,Revenu faible
4716,51,F,Universitario,Sur,1305.81,2123.2,520,3,4708.84,Risque moyen,-1.045880470162702,-1.6869285977945656,Revenu faible
4717,61,M,Secundaria,Sur,757.56,1163.57,441,10,2255.97,Risque élevé,-2.6320474926049604,0.688275427594708,Revenu faible
4718,21,F,Secundaria,Inconnue,1742.89,4541.12,589,7,3169.88,Risque moyen,-0.3530587644458679,-0.1406674906607916,Revenu moyen
4719,53,F,Tecnico,Norte,2916.95,5624.3,621,4,9981.17,Risque moyen,1.4413196361204557,-0.8991145255136831,Revenu moyen
4721,32,F,Tecnico,Sur,1629.81,1563.13,490,8,3195.09,Risque élevé,-1.6736701875904947,0.07861293508902553,Revenu moyen
4722,68,M,Secundaria,Occidente,1785.5,3505.72,576,6,5011.64,Risque moyen,-0.37962808772784673,-0.5067161516689708,Revenu moyen
4723,30,F,Universitario,Centro,2648.11,4990.12,545,11,8820.24,Risque moyen,0.19098137243478966,1.5494409671613403,Revenu moyen
4724,36,M,Secundaria,Occidente,3662.39,7056.28,690,3,12897.53,Risque faible,2.82366882250643,-1.067752744908911,Revenu élevé
4725,66,M,Secundaria,Norte,1684.57,3477.59,563,6,5446.35,Risque moyen,-0.4595833637684627,-0.5022894824850953,Revenu moyen
4728,73,M,Tecnico,Norte,3911.35,6412.29,729,5,14114.54,Risque faible,3.0205271615319695,-0.3562646917723453,Revenu élevé
4729,29,F,Universitario,Centro,1302.66,2156.74,570,9,2969.08,Risque moyen,-1.29939737938622,0.39829482936796234,Revenu faible
4730,68,F,Tecnico,Norte,2408.11,5086.2,638,6,5741.33,Risque moyen,0.6548047748679474,-0.3671614107521282,Revenu moyen
4731,54,M,Universitario,Occidente,2490.24,3678.59,606,2,7028.28,Risque moyen,0.5845875181967389,-1.8277148901218836,Revenu moyen
4735,43,M,Primaria,Occidente,1703.45,2532.72,664,7,6326.14,Risque faible,-0.02982130104769195,-0.22327123291862744,Revenu moyen
4737,50,F,Universitario,Centro,1246.64,2386.12,527,9,3377.99,Risque moyen,-1.4852119908426755,0.4348503409596548,Revenu faible
4738,44,F,Tecnico,Centro,2449.35,3924.18,600,4,7620.02,Risque moyen,0.5200154168902263,-1.0861620341284703,Revenu moyen
4739,42,F,Primaria,Centro,1984.44,3699.84,660,4,5982.23,Risque faible,0.4633824563236614,-1.2075069012568402,Revenu moyen
4740,73,M,Secundaria,Norte,861.44,1548.58,461,5,1060.88,Risque élevé,-2.1996549859140138,-1.1033609976023349,Revenu faible
4741,72,M,Primaria,Sur,1284.38,3113.83,576,9,8790.18,Risque moyen,-0.47143977789789937,0.5809161985730611,Revenu faible
4743,64,M,Primaria,Sur,1856.09,2685.76,591,9,4975.82,Risque moyen,-0.6267938853003266,0.5176211936620597,Revenu moyen
4744,40,F,Tecnico,Centro,2392.89,4123.06,696,3,10667.05,Risque faible,1.4786907145269013,-1.4119172923818322,Revenu moyen
4745,38,F,Tecnico,Centro,1823.08,3077.33,516,6,6915.51,Risque moyen,-0.6123362781083226,-0.4579275964595244,Revenu moyen
4746,38,F,Secundaria,Centro,2427.29,5139.31,578,3,6173.04,Risque moyen,0.5528054254405397,-1.398194801447726,Revenu moyen
4747,60,F,Secundaria,Oriente,1671.3,3140.24,667,9,4423.45,Risque faible,-0.21713247177804756,0.4796614894367172,Revenu moyen
4748,30,M,Secundaria,Norte,1879.16,3916.45,622,7,5694.36,Risque moyen,0.02473745550374313,-0.12168242679205794,Revenu moyen
4749,54,F,Universitario,Centro,2869.17,6319.9,565,8,10077.83,Risque moyen,0.9992340415620158,0.5943205957452474,Revenu moyen
4750,50,F,Universitario,Sur,1511.93,2081.75,531,8,4979.63,Risque moyen,-1.188567760475493,0.1193261144968217,Revenu moyen
4751,41,F,Universitario,Norte,1583.19,4013.29,543,11,4310.59,Risque moyen,-0.9350845825095374,1.290274084461755,Revenu moyen
4752,61,F,Universitario,Sur,1296.34,2360.51,565,7,3644.07,Risque moyen,-1.0940177854334001,-0.2881232954281993,Revenu faible
4754,34,F,Primaria,Norte,1703.07,3258.58,576,11,5051.22,Risque moyen,-0.7747795247501953,1.2598361753936427,Revenu moyen
4755,21,F,Universitario,Oriente,2681.53,3723.37,571,8,7084.89,Risque moyen,0.09884839728485002,0.3555569832442514,Revenu moyen
4756,64,M,Universitario,Centro,2469.48,3392.61,681,7,8110.85,Risque faible,0.7552930683901158,-0.06771817356793672,Revenu moyen
4757,42,F,Tecnico,Centro,3320.02,5183.78,688,4,10882.29,Risque faible,2.0029136682230275,-0.8960219108674253,Revenu élevé
4758,47,F,Tecnico,Oriente,1586.93,2801.4,541,7,7822.88,Risque moyen,-0.5916167138148528,-0.12960640952489358,Revenu moyen
4759,26,F,Secundaria,Norte,1869.36,2367.85,678,3,8752.27,Risque faible,0.5858390460073516,-1.598749990794696,Revenu moyen
4760,38,M,Secundaria,Sur,1277.38,3315.63,516,9,4302.59,Risque moyen,-1.2452499173489127,0.5175165615829522,Revenu faible
4762,36,F,Universitario,Sur,1691.47,5127.74,660,4,6345.86,Risque faible,0.6809936552194339,-1.1444336138626514,Revenu moyen
4763,36,F,Secundaria,Norte,1044.58,1818.59,500,4,3774.25,Risque moyen,-1.4955432218552518,-1.384041501434687,Revenu faible
4765,54,M,Secundaria,Inconnue,1434.88,2758.39,578,4,3014.98,Risque moyen,-0.7525038041574632,-1.3446287992713586,Revenu faible
4767,34,F,Tecnico,Oriente,3477.94,7297.04,713,2,13750.35,Risque faible,3.0830579977337624,-1.4200197721391232,Revenu élevé
4768,54,M,Postgrado,Norte,3042.2,4994.11,682,5,10799.66,Risque faible,1.7405031473710726,-0.5750965548156746,Revenu élevé
4769,71,M,Universitario,Norte,1742.11,3943.64,620,4,4881.09,Risque moyen,0.06552571398629135,-1.223356928304272,Revenu moyen
4771,56,F,Tecnico,Occidente,1117.34,4380.39,553,9,4402.97,Risque moyen,-0.8584212551085579,0.5496037695418605,Revenu faible
4772,45,M,Secundaria,Centro,2241.14,5167.55,558,9,5149.03,Risque moyen,-0.11661900668311595,0.7169648382839197,Revenu moyen
4773,58,M,Postgrado,Norte,5259.06,10968.97,741,2,18043.58,Risque faible,5.209861662874332,-0.9529431236760291,Revenu élevé
4774,52,M,Secundaria,Sur,623.14,2715.6,471,9,2140.48,Risque élevé,-2.1321343152391803,0.391755451652429,Revenu faible
4775,64,F,Universitario,Sur,6632.55,11412.39,648,5,19978.03,Risque moyen,5.3409210322082235,0.36196719840610597,Revenu élevé
4776,65,M,Universitario,Centro,2599.06,4070.42,679,6,6325.23,Risque faible,0.8204370484046277,-0.41310359188730306,Revenu moyen
4777,35,M,Secundaria,Occidente,2344.91,5021.72,605,6,9310.42,Risque moyen,0.7869318672125479,-0.2813942932924783,Revenu moyen
4779,52,M,Secundaria,Centro,982.91,2397.83,494,5,3286.56,Risque élevé,-1.546395627235579,-1.0070946817056892,Revenu faible
4780,61,M,Primaria,Norte,1114.08,1949.89,460,11,4061.23,Risque élevé,-2.0820416171597014,1.1576638621367112,Revenu faible
4781,58,F,Secundaria,Sur,1833.18,3631.55,649,8,7737.57,Risque moyen,0.2512751952573879,0.2490190103045053,Revenu moyen
4783,58,F,Universitario,Oriente,4193.17,8129.8,774,6,18924.94,Risque faible,4.198100931422772,0.21621204008500536,Revenu élevé
4784,30,M,Secundaria,Occidente,661.27,247.54,437,11,500.0,Risque élevé,-3.132591411304391,0.9456704078813875,Revenu faible
4785,35,F,Secundaria,Norte,2226.5,2982.87,588,9,9693.89,Risque moyen,0.05736725168491348,0.6781481332944631,Revenu moyen
4786,54,M,Tecnico,Occidente,2323.6,4108.89,652,3,7600.34,Risque faible,0.8731060365113605,-1.4688583867875498,Revenu moyen
4787,30,F,Secundaria,Centro,1686.5,3131.15,606,4,3283.27,Risque moyen,-0.3762189546674021,-1.305574612106807,Revenu moyen
4788,53,M,Secundaria,Centro,836.46,2848.19,529,12,3269.19,Risque moyen,-1.7453581473795705,1.4918867596765588,Revenu faible
4789,48,M,Tecnico,Oriente,1272.42,2636.2,574,9,3751.93,Risque moyen,-1.1065366437657014,0.43910284278726536,Revenu faible
4790,19,F,Secundaria,Sur,1909.36,3631.95,649,6,5482.72,Risque moyen,0.1766909658790932,-0.5098019575711373,Revenu moyen
4792,26,M,Tecnico,Centro,743.01,1754.19,479,11,500.0,Risque élevé,-2.5321079128068016,1.0219004757661356,Revenu faible
4793,26,F,Secundaria,Occidente,1787.58,3034.27,634,5,7323.34,Risque moyen,0.16237762758298002,-0.8652694691700258,Revenu moyen
4794,55,M,Secundaria,Oriente,1982.8,2622.75,547,3,4119.21,Risque moyen,-0.5591451138629802,-1.6189225002845016,Revenu moyen
4796,71,M,Secundaria,Occidente,1133.34,1643.99,489,3,2636.12,Risque élevé,-1.6145488238876522,-1.764046728418707,Revenu faible
4797,73,F,Universitario,Occidente,3910.35,6698.88,699,5,12004.55,Risque faible,2.6877452531895956,-0.3739368930499578,Revenu élevé
4798,39,M,Universitario,Centro,3558.34,5268.89,683,9,12628.78,Risque faible,1.9578065364784993,0.9611971933629092,Revenu élevé
4799,50,M,Tecnico,Sur,1570.26,3131.87,514,8,4285.38,Risque moyen,-1.1129994701774324,0.17772223358708059,Revenu moyen
4801,62,M,Primaria,Oriente,2424.18,2996.41,630,14,8458.57,Risque moyen,-0.04937766615246452,2.4387889932090916,Revenu moyen
4802,40,F,Secundaria,Norte,837.83,222.64,484,4,3919.38,Risque élevé,-1.9992424023847208,-1.4857859044938502,Revenu faible
4803,62,F,Universitario,Sur,3383.88,6414.85,697,5,9761.45,Risque faible,2.165838880529285,-0.49038567417154083,Revenu élevé
4804,62,F,Secundaria,Occidente,2677.81,5032.93,653,8,10437.03,Risque faible,1.2013293731964647,0.46998333688613253,Revenu moyen
4805,51,M,Tecnico,Centro,1827.66,2910.96,590,8,5377.19,Risque moyen,-0.49313910159908386,0.17992101407905586,Revenu moyen
4806,26,M,Secundaria,Oriente,1115.35,1565.31,506,7,2155.51,Risque moyen,-1.8379883631477438,-0.35856482356779606,Revenu faible
4808,25,F,Universitario,Centro,2387.18,2778.1,621,7,9046.58,Risque moyen,0.3337451953013351,-0.06302947146389311,Revenu moyen
4810,53,F,Universitario,Oriente,2816.98,4263.1,625,7,7535.17,Risque moyen,0.696180459716669,0.028060738550274144,Revenu moyen
4813,45,M,Primaria,Centro,1281.56,227.15,558,9,3472.03,Risque moyen,-1.736048258938748,0.30119156054843477,Revenu faible
4816,61,F,Postgrado,Sur,5497.07,10300.69,727,8,18095.06,Risque faible,4.715566723521697,1.1838762590605598,Revenu élevé
4817,38,M,Universitario,Sur,1851.12,4023.9,532,5,7978.09,Risque moyen,-0.13436838042494748,-0.7411319411375455,Revenu moyen
4822,18,F,Universitario,Occidente,2036.87,2987.39,551,7,7240.08,Risque moyen,-0.36540613295165447,-0.09361301407986598,Revenu moyen
4823,53,F,Primaria,Inconnue,1881.0,4044.23,581,6,4898.97,Risque moyen,-0.20781141176455512,-0.47119245928949166,Revenu moyen
4824,38,F,Tecnico,Norte,985.72,2197.09,446,9,500.0,Risque élevé,-2.406159143483141,0.37042679414073676,Revenu faible
4825,60,M,Secundaria,Centro,1012.48,1049.74,472,8,3530.61,Risque élevé,-2.111565935005109,0.005696146441215107,Revenu faible
4826,52,F,Secundaria,Centro,2003.24,3908.68,599,6,7927.5,Risque moyen,0.2312464297973858,-0.4070443495826895,Revenu moyen
4828,74,M,Postgrado,Norte,2033.66,4070.46,591,10,7624.46,Risque moyen,-0.04991062069462877,1.032258030971479,Revenu moyen
4830,71,M,Primaria,Inconnue,2297.05,4174.73,647,4,7578.01,Risque moyen,0.7817755526573639,-1.10825802277485,Revenu moyen
4831,71,M,Universitario,Centro,2995.2,5180.41,670,3,8951.52,Risque faible,1.6250384934636934,-1.3202868863440755,Revenu moyen
4832,27,M,Universitario,Occidente,2122.09,3878.61,536,7,5090.65,Risque moyen,-0.44987839271187696,-0.07565868254551934,Revenu moyen
4833,70,M,Secundaria,Sur,1705.69,3882.42,568,8,6340.27,Risque moyen,-0.36879495743451407,0.25628460977842904,Revenu moyen
4834,61,M,Secundaria,Oriente,711.75,1888.14,450,12,2902.85,Risque élevé,-2.503263134453629,1.4516215605875396,Revenu faible
4835,64,F,Primaria,Sur,965.18,1812.91,480,5,500.0,Risque élevé,-2.0461251542361776,-1.0993794282420855,Revenu faible
4836,70,M,Secundaria,Inconnue,1931.54,4395.08,572,7,3275.8,Risque moyen,-0.3944258240392203,-0.12110665191382612,Revenu moyen
4837,27,F,Tecnico,Oriente,1944.75,4986.34,604,7,6184.39,Risque moyen,0.22319683599890514,-0.03422868169244783,Revenu moyen
4839,30,M,Primaria,Centro,1607.57,4929.7,601,11,2815.94,Risque moyen,-0.542875958234366,1.2858328805123511,Revenu moyen
4840,54,M,Secundaria,Centro,1701.42,5634.7,569,5,5278.21,Risque moyen,0.08505385334481631,-0.7397011966496705,Revenu moyen
4842,41,F,Tecnico,Sur,2091.54,1627.05,665,6,8197.94,Risque faible,0.20074137483673307,-0.5544923501100115,Revenu moyen
4843,19,M,Tecnico,Centro,1381.33,2656.14,567,11,5756.76,Risque moyen,-1.017245732130052,1.2142440064271982,Revenu faible
4845,34,F,Secundaria,Centro,1249.58,3590.3,532,5,1914.61,Risque moyen,-1.099658233637539,-0.9606628219556852,Revenu faible
4846,53,M,Secundaria,Centro,1748.77,2897.5,552,7,3587.9,Risque moyen,-0.8736711192653915,-0.20928811549177218,Revenu moyen
4849,52,M,Primaria,Norte,701.45,2701.37,448,6,500.0,Risque élevé,-2.218711235956148,-0.7010393700992792,Revenu faible
4850,42,M,Primaria,Norte,1816.29,2321.05,590,5,4336.44,Risque moyen,-0.5422370317912051,-0.9515909867267793,Revenu moyen
4851,20,M,Secundaria,Inconnue,1179.46,2688.53,502,6,2199.01,Risque moyen,-1.5298147607001844,-0.6421236242492413,Revenu faible
4852,64,F,Primaria,Norte,1572.95,1997.04,539,7,2990.06,Risque moyen,-1.275701881763648,-0.28590993228468486,Revenu moyen
4853,55,M,Tecnico,Occidente,2292.77,2417.99,683,6,7763.95,Risque faible,0.5136820422317234,-0.507371650474981,Revenu moyen
4856,71,M,Tecnico,Oriente,1505.42,1513.69,552,16,1647.01,Risque moyen,-2.030065598469784,2.8615380549123564,Revenu moyen
4857,69,M,Universitario,Sur,3417.82,4896.17,669,5,12526.16,Risque faible,1.977233529038103,-0.5000951711879378,Revenu élevé
4858,41,F,Secundaria,Occidente,1778.91,2890.76,597,6,7995.87,Risque moyen,-0.0828145088437452,-0.4849913998101167,Revenu moyen
4860,60,F,Secundaria,Occidente,1596.43,1704.47,562,9,3566.13,Risque moyen,-1.2584143976359883,0.4171729515819335,Revenu moyen
4861,42,F,Universitario,Occidente,2245.56,4907.13,615,6,6715.59,Risque moyen,0.5136906274717745,-0.3606612985694395,Revenu moyen
4862,53,M,Universitario,Sur,3021.98,5009.12,736,4,12286.2,Risque faible,2.2680468693494347,-0.9244258475855449,Revenu élevé
4863,75,M,Primaria,Norte,1293.85,1477.48,508,12,2453.34,Risque moyen,-2.052210243073214,1.447030704438503,Revenu faible
4864,43,M,Secundaria,Centro,1350.22,3401.69,503,11,3421.87,Risque moyen,-1.4884827065498338,1.2305285559493075,Revenu faible
4865,55,F,Universitario,Sur,4962.07,9702.94,760,3,17316.31,Risque faible,4.792312262315758,-0.7220676133743524,Revenu élevé
4866,18,M,Secundaria,Sur,1879.78,4034.3,545,6,4941.25,Risque moyen,-0.41790665545665884,-0.4547249892292008,Revenu moyen
4867,37,F,Universitario,Oriente,2421.84,4544.68,594,9,7717.13,Risque moyen,0.30223036358535277,0.7399247523129889,Revenu moyen
4869,45,M,Postgrado,Sur,3507.07,7306.37,643,5,12175.66,Risque moyen,2.336221227632879,-0.3480844294154941,Revenu élevé
4870,33,F,Universitario,Inconnue,1606.85,2915.34,597,4,5758.1,Risque moyen,-0.25412434706298465,-1.2656854136201146,Revenu moyen
4871,64,M,Secundaria,Centro,744.39,1448.18,445,5,1913.67,Risque élevé,-2.276390734589924,-1.0938598503508576,Revenu faible
4872,34,F,Tecnico,Centro,1476.37,2971.74,523,8,6226.51,Risque moyen,-0.9339186525120237,0.19931642917933692,Revenu faible
4873,57,F,Primaria,Centro,1058.68,2698.65,571,5,4082.07,Risque moyen,-0.916317241178181,-0.9991098522914804,Revenu faible
4874,45,M,Secundaria,Sur,2399.88,3017.33,607,5,6859.24,Risque moyen,0.2078277082980169,-0.806228132128712,Revenu moyen
4876,29,F,Secundaria,Norte,1976.47,3194.57,681,4,4927.37,Risque faible,0.3682849436972487,-1.2708542283314983,Revenu moyen
4877,44,F,Tecnico,Centro,1738.25,4316.17,573,7,5047.21,Risque moyen,-0.3041113488200613,-0.10451376272229311,Revenu moyen
4879,70,M,Universitario,Norte,3253.74,6091.11,636,5,11526.43,Risque moyen,1.865167765224739,-0.4542058756329475,Revenu élevé
4881,64,M,Universitario,Centro,2941.83,4822.86,658,6,9956.53,Risque faible,1.3720843336831297,-0.24527825246419604,Revenu moyen
4884,51,M,Secundaria,Occidente,1345.5,1964.84,576,5,3180.77,Risque moyen,-1.0151917690450492,-1.0369355882392362,Revenu faible
4888,49,M,Postgrado,Oriente,3497.97,5994.37,678,2,9939.81,Risque faible,2.218338087990778,-1.5640086359573402,Revenu élevé
4890,70,M,Universitario,Oriente,2695.78,3549.87,626,6,7944.12,Risque moyen,0.6048198042343628,-0.37361323034524596,Revenu moyen
4892,50,M,Secundaria,Oriente,988.16,1170.27,529,10,5561.61,Risque moyen,-1.677306133287544,0.7457548832190273,Revenu faible
4893,72,F,Tecnico,Oriente,1382.84,3087.43,537,5,2682.85,Risque moyen,-1.0423229376327101,-0.9619987854071412,Revenu faible
4895,24,M,Secundaria,Centro,5888.85,10268.37,742,8,20684.3,Risque faible,5.226248602882135,1.2711205031561392,Revenu élevé
4897,74,F,Primaria,Centro,1730.03,3345.17,633,8,3826.88,Risque moyen,-0.3479964541463726,0.14138983416560305,Revenu moyen
4898,29,F,Tecnico,Occidente,2747.52,5212.88,579,7,7662.25,Risque moyen,0.6108231489719824,0.10007802692736929,Revenu moyen
4899,33,F,Secundaria,Occidente,1208.73,2567.03,521,8,5727.85,Risque moyen,-1.1943224351910018,0.13997313670260228,Revenu faible
4901,60,F,Tecnico,Occidente,2454.84,3261.91,584,9,6080.65,Risque moyen,-0.1826132415917755,0.6362155722745586,Revenu moyen
4902,70,F,Secundaria,Centro,1683.63,3003.01,556,5,4920.47,Risque moyen,-0.5932099245610266,-0.8961959714808442,Revenu moyen
4903,53,M,Secundaria,Occidente,692.88,2367.27,478,8,1701.57,Risque élevé,-2.1182098483219787,0.007569171208151867,Revenu faible
4905,24,M,Tecnico,Norte,2689.44,3708.21,666,6,12511.55,Risque faible,1.3398888095202233,-0.27980031417504464,Revenu moyen
4907,64,F,Secundaria,Centro,842.21,1718.01,462,8,500.0,Risque élevé,-2.410932856137985,-0.03579496152535508,Revenu faible
4909,26,M,Universitario,Centro,2296.34,4231.25,676,9,4815.13,Risque faible,0.36805831389417565,0.6072874341607749,Revenu moyen
4911,28,M,Secundaria,Norte,687.35,1213.13,457,11,500.0,Risque élevé,-2.7994293032688367,0.9951312529366009,Revenu faible
4912,25,M,Secundaria,Oriente,2381.97,3809.51,604,4,7890.53,Risque moyen,0.5188983702956548,-1.0949177807218813,Revenu moyen
4913,50,F,Secundaria,Oriente,2387.76,4119.19,534,8,6538.16,Risque moyen,-0.21370797860684915,0.35479842673598966,Revenu moyen
4915,42,M,Universitario,Centro,1983.15,3987.74,555,15,7134.02,Risque moyen,-0.6631249844309225,2.8156077024158552,Revenu moyen
4917,25,F,Universitario,Centro,2040.47,4998.82,554,6,6182.02,Risque moyen,0.03383874524392753,-0.3594984140579837,Revenu moyen
4919,39,F,Secundaria,Sur,2045.44,3528.71,641,10,5084.99,Risque moyen,-0.12624342159455862,0.922067268947019,Revenu moyen
4921,57,M,Universitario,Norte,3368.02,5807.66,686,6,9561.76,Risque faible,1.8828533547689388,-0.16909166105106754,Revenu élevé
4922,20,M,Universitario,Centro,2581.22,4109.3,544,14,9249.66,Risque moyen,-0.17284706731259702,2.5748642232667116,Revenu moyen
4923,46,M,Secundaria,Occidente,962.29,0.0,502,7,2012.65,Risque moyen,-2.271740303453232,-0.46532648708025093,Revenu faible
4924,58,F,Secundaria,Sur,1021.06,2148.42,524,13,3105.58,Risque moyen,-1.9252921647449657,1.8250354177139025,Revenu faible
4925,46,M,Universitario,Oriente,4371.84,8268.31,734,3,15862.59,Risque faible,3.939803587420502,-0.8826505387220255,Revenu élevé
4928,45,M,Secundaria,Centro,1942.97,3775.06,563,10,4919.17,Risque moyen,-0.592776800713867,0.9579416371384131,Revenu moyen
4929,30,M,Universitario,Norte,1584.19,1854.82,487,11,3717.43,Risque élevé,-1.7824088113979453,1.1770367572642921,Revenu moyen
4930,32,F,Universitario,Oriente,3837.39,5945.93,648,9,12798.88,Risque moyen,2.0292468453671857,1.0466425788334714,Revenu élevé
4931,40,F,Tecnico,Oriente,973.98,1930.48,489,6,871.61,Risque élevé,-1.9889317380108087,-0.7298076443149966,Revenu faible
4932,61,F,Universitario,Sur,2722.34,5618.11,649,6,7761.83,Risque moyen,1.1707642105242693,-0.2656546832544301,Revenu moyen
4935,43,M,Tecnico,Centro,2419.25,2674.36,611,9,8601.86,Risque moyen,0.09568382911502778,0.6435985008498915,Revenu moyen
4936,57,M,Primaria,Sur,1939.9,2526.79,625,9,5136.88,Risque moyen,-0.4089149855766723,0.504730793048816,Revenu moyen
4937,26,F,Universitario,Sur,1932.12,1931.25,649,10,4684.51,Risque moyen,-0.5060574777089909,0.8060051327950963,Revenu moyen
4938,72,F,Universitario,Centro,1038.21,2137.06,485,9,1565.25,Risque élevé,-2.058160243539858,0.37847465451213785,Revenu faible
4939,22,F,Secundaria,Sur,665.88,988.17,447,7,596.14,Risque élevé,-2.6550715387882677,-0.44355563115384533,Revenu faible
4940,73,M,Universitario,Norte,2145.95,3623.74,573,8,6551.18,Risque moyen,-0.18879774237986624,0.28576850268253756,Revenu moyen
4941,49,M,Tecnico,Sur,1854.48,3720.13,560,7,6306.78,Risque moyen,-0.3291053761794127,-0.09366630684504952,Revenu moyen
4942,37,F,Tecnico,Oriente,2111.61,3513.06,578,10,4436.43,Risque moyen,-0.5392006285367257,0.9411634467626616,Revenu moyen
4944,28,M,Secundaria,Centro,2179.02,3769.81,593,6,8275.53,Risque moyen,0.27560113984069096,-0.38777303859471585,Revenu moyen
4945,32,F,Universitario,Norte,5296.03,8149.13,752,13,23640.28,Risque faible,4.57959031423269,2.941917201117124,Revenu élevé
4946,49,F,Secundaria,Occidente,1589.09,822.83,519,11,2014.77,Risque moyen,-1.9855095640171254,1.064787167196385,Revenu moyen
4947,45,F,Universitario,Sur,2841.81,5542.31,635,9,8549.04,Risque moyen,1.0155212096057493,0.8381387667474963,Revenu moyen
4948,39,M,Secundaria,Centro,1057.46,2410.78,530,7,2876.43,Risque moyen,-1.4677912296711495,-0.30957588451063994,Revenu faible
4949,58,M,Primaria,Centro,1269.68,2777.8,581,8,2863.07,Risque moyen,-1.0652336064986798,0.06623968955731888,Revenu faible
4950,34,M,Secundaria,Occidente,1621.47,1869.59,506,12,5146.62,Risque moyen,-1.567720931486491,1.562768063586554,Revenu moyen
4951,43,F,Secundaria,Sur,1611.9,2193.34,587,12,6567.72,Risque moyen,-0.8806531968363212,1.5762884526300915,Revenu moyen
4952,61,M,Primaria,Norte,888.68,2939.88,459,5,4009.65,Risque élevé,-1.6025860598573671,-0.9525541680989179,Revenu faible
4954,59,F,Universitario,Oriente,2586.77,4160.64,627,10,8421.88,Risque moyen,0.4937063396334786,1.0920265092398727,Revenu moyen
4957,42,M,Universitario,Occidente,2413.45,4011.59,581,8,6513.18,Risque moyen,0.0481952873889349,0.3292897760623187,Revenu moyen
4959,62,F,Primaria,Occidente,1279.19,3362.88,562,5,2502.43,Risque moyen,-0.8986359702897271,-0.9712405638702589,Revenu faible
4961,28,M,Universitario,Centro,4435.37,8575.05,645,14,13407.5,Risque moyen,2.568268770461854,3.0590030705600455,Revenu élevé
4962,30,M,Primaria,Centro,609.82,2710.98,360,11,3961.21,Risque élevé,-2.7298853237307537,1.196471880052676,Revenu faible
4963,70,F,Tecnico,Oriente,1737.62,3881.18,568,5,4780.06,Risque moyen,-0.3284064437337301,-0.8487158003746594,Revenu moyen
4964,25,M,Secundaria,Oriente,1353.57,2701.21,578,15,2848.56,Risque moyen,-1.503015915704838,2.5737961522918757,Revenu faible
4965,57,F,Universitario,Oriente,6120.79,11026.82,714,6,22106.09,Risque faible,5.589918501438978,0.6668009112658176,Revenu élevé
4967,64,M,Postgrado,Oriente,1791.29,2232.24,591,8,9302.81,Risque moyen,-0.24331746761551837,0.2253922301244063,Revenu moyen
4969,45,F,Primaria,Centro,2096.65,4536.71,514,8,3430.64,Risque moyen,-0.6833720603939346,0.2900156111129631,Revenu moyen
4970,28,M,Postgrado,Centro,2538.35,4488.94,655,4,6156.45,Risque faible,0.8502201280883693,-1.1027769969353172,Revenu moyen
4971,60,F,Primaria,Centro,1664.81,2310.81,570,3,5842.78,Risque moyen,-0.4457143416388289,-1.6387081786766218,Revenu moyen
4974,64,F,Universitario,Norte,4507.04,7987.06,678,5,14837.77,Risque faible,3.376967353954159,-0.16889118633679928,Revenu élevé
4975,69,M,Secundaria,Oriente,1139.82,2507.2,580,5,3798.35,Risque moyen,-0.8991860313633921,-1.0129388836488444,Revenu faible
4976,55,M,Primaria,Oriente,1161.81,2069.66,589,9,2959.25,Risque moyen,-1.2658462852618986,0.37104742079023106,Revenu faible
4977,41,F,Tecnico,Norte,1078.9,1650.8,553,5,1785.4,Risque moyen,-1.4715515478455659,-1.1017404794917247,Revenu faible
4978,71,M,Secundaria,Norte,962.7,2732.26,581,11,3365.5,Risque moyen,-1.338897535436036,1.1184018758558611,Revenu faible
4979,74,F,Secundaria,Centro,1638.8,3165.58,564,4,3692.7,Risque moyen,-0.5939319092063733,-1.2799660588506876,Revenu moyen
4980,64,F,Universitario,Norte,1633.1,1940.2,533,3,500.0,Risque moyen,-1.3035724293682407,-1.7673298141977938,Revenu moyen
4981,48,M,Universitario,Sur,4788.89,8910.45,730,1,17560.29,Risque faible,4.525617866297093,-1.4806349861000583,Revenu élevé
4982,58,M,Universitario,Sur,3377.94,6587.87,676,7,11718.15,Risque faible,2.1523184019140302,0.2878964726360659,Revenu élevé
4983,63,F,Primaria,Sur,1787.21,4574.65,603,11,6668.56,Risque moyen,-0.13592959556002962,1.368556570086766,Revenu moyen
4984,67,F,Tecnico,Centro,1656.64,3214.32,548,9,5945.43,Risque moyen,-0.7515243259106447,0.5705238276111084,Revenu moyen
4988,22,F,Postgrado,Centro,2584.35,6830.54,625,3,6815.68,Risque moyen,1.319215253285326,-1.2918094834104565,Revenu moyen
4989,37,M,Tecnico,Occidente,786.12,2986.78,489,6,500.0,Risque élevé,-1.8816575401654445,-0.6948775568449707,Revenu faible
4990,69,M,Universitario,Centro,2801.99,5818.2,607,5,6895.22,Risque moyen,0.9728168420792268,-0.6047160930000518,Revenu moyen
4992,28,F,Tecnico,Centro,1658.72,1883.78,565,7,5871.7,Risque moyen,-0.8151471478635985,-0.23086687409824286,Revenu moyen
4993,73,M,Universitario,Norte,1709.48,3099.86,534,4,5609.32,Risque moyen,-0.5581529751336076,-1.2202128138351123,Revenu moyen
4994,71,F,Tecnico,Sur,3619.97,6914.96,650,2,13131.81,Risque faible,2.6271991295526367,-1.4142571128131594,Revenu élevé
4996,67,M,Primaria,Oriente,1903.59,2990.07,592,9,6738.81,Risque moyen,-0.3556501269494847,0.5791905467014772,Revenu moyen
4997,55,F,Secundaria,Centro,2385.23,3905.43,546,8,3351.48,Risque moyen,-0.5165351950520606,0.2647323317633992,Revenu moyen
4999,51,M,Tecnico,Centro,1381.83,3835.84,550,8,3129.75,Risque moyen,-0.9492695411012478,0.1582470580338965,Revenu faible
5002,75,M,Secundaria,Centro,1396.14,2123.71,539,10,539.03,Risque moyen,-1.761697074586342,0.7218827603181669,Revenu faible
5004,63,F,Tecnico,Norte,1362.32,2489.3,640,10,5301.7,Risque moyen,-0.6152227762937512,0.8020480117960213,Revenu faible
5005,22,F,Tecnico,Occidente,884.34,1756.88,444,9,508.7,Risque élevé,-2.552620827989705,0.33634084704553724,Revenu faible
5006,23,F,Universitario,Oriente,1372.27,1628.86,518,5,4116.37,Risque moyen,-1.3204473183041576,-1.0066071544126447,Revenu faible
5007,55,F,Secundaria,Oriente,3067.04,5804.93,620,7,8103.75,Risque moyen,1.1561809070542406,0.15638062580693185,Revenu élevé
5008,39,M,Tecnico,Sur,4277.79,6810.78,640,7,12863.99,Risque moyen,2.480889351375736,0.4286920442339061,Revenu élevé
5011,27,M,Tecnico,Sur,796.58,2125.84,433,4,539.78,Risque élevé,-2.2601558856550286,-1.4328225899436502,Revenu faible
5012,63,F,Universitario,Occidente,2571.01,4179.09,732,4,8793.35,Risque faible,1.521914374867035,-1.092680159467243,Revenu moyen
5013,30,F,Primaria,Sur,1219.32,3207.03,515,4,2410.52,Risque moyen,-1.1801352422626974,-1.3244729697347928,Revenu faible
5015,47,M,Universitario,Centro,1933.43,3437.11,622,7,5875.51,Risque moyen,-0.03558706464354989,-0.14020325742172832,Revenu moyen
5016,20,M,Tecnico,Occidente,1924.06,3269.72,540,4,2994.71,Risque moyen,-0.6656703056238441,-1.251714303999851,Revenu moyen
5018,23,M,Tecnico,Oriente,2369.05,3089.83,541,8,6873.57,Risque moyen,-0.3640132958135702,0.2977719901000062,Revenu moyen
5019,46,M,Postgrado,Centro,5763.05,9792.07,747,5,20049.2,Risque faible,5.224522604602093,0.1422066343672146,Revenu élevé
5022,62,M,Secundaria,Norte,2395.51,3401.97,650,3,7727.9,Risque faible,0.7546531459279139,-1.4992022591008587,Revenu moyen
5024,61,M,Secundaria,Norte,1414.58,2482.98,578,5,2727.5,Risque moyen,-0.9113290313488815,-1.0114595978019243,Revenu faible
5025,50,F,Postgrado,Sur,2621.73,4784.22,715,7,7813.39,Risque faible,1.283224704173657,0.00544048144682426,Revenu moyen
5026,34,M,Tecnico,Norte,3806.47,7158.33,687,7,16783.25,Risque faible,3.0366506171706256,0.4713525292458376,Revenu élevé
5029,30,F,Tecnico,Centro,1757.53,2359.75,579,7,5908.31,Risque moyen,-0.5869229495877369,-0.19932986306869915,Revenu moyen
5030,67,F,Secundaria,Norte,1890.13,3958.09,551,6,3534.38,Risque moyen,-0.5388345878664906,-0.4926579964156914,Revenu moyen
5033,45,F,Secundaria,Centro,1410.78,2915.25,503,10,5554.95,Risque moyen,-1.2848488262734932,0.8987487038452715,Revenu faible
5035,23,M,Primaria,Oriente,630.46,616.29,512,10,1934.59,Risque moyen,-2.416282947361134,0.6052122757788931,Revenu faible
5036,58,M,Tecnico,Norte,3440.16,6750.17,640,5,9245.12,Risque moyen,1.8719970589965191,-0.45159744824483194,Revenu élevé
5041,73,M,Tecnico,Centro,2392.53,4918.8,619,8,9121.92,Risque moyen,0.7230472032708114,0.42175246806425715,Revenu moyen
5042,43,M,Primaria,Occidente,1394.67,2846.05,561,6,2470.5,Risque moyen,-1.0316022879033524,-0.6328985858405848,Revenu faible
5043,74,F,Secundaria,Norte,2399.71,4794.97,583,6,7899.44,Risque moyen,0.4874850158829293,-0.3113076717934097,Revenu moyen
5044,29,F,Secundaria,Norte,1582.22,3427.43,544,11,2961.0,Risque moyen,-1.1922670701610165,1.2252619989128133,Revenu moyen
5045,28,M,Secundaria,Centro,1257.07,3351.01,538,11,2538.71,Risque moyen,-1.422808099660238,1.18299544775484,Revenu faible
5046,54,M,Postgrado,Centro,6132.91,10579.23,730,4,22392.45,Risque faible,5.748650391639033,-0.07385695594499674,Revenu élevé
5047,42,M,Primaria,Oriente,1668.53,978.83,531,7,3199.34,Risque moyen,-1.4771512131696525,-0.3274959722008384,Revenu moyen
5049,36,M,Secundaria,Sur,1370.06,2145.61,557,9,1025.37,Risque moyen,-1.5496225794403078,0.365989575125294,Revenu faible
5051,72,M,Universitario,Oriente,4993.07,7185.23,766,9,19531.53,Risque faible,4.159514129189568,1.3277127506139634,Revenu élevé
5052,55,M,Primaria,Occidente,1136.7,2261.87,513,12,3287.62,Risque moyen,-1.8365405861306099,1.4941321459695283,Revenu faible
5053,71,M,Universitario,Centro,3161.9,6766.16,677,5,9083.31,Risque faible,1.9603514338072179,-0.4975040740522864,Revenu élevé
5056,23,M,Universitario,Oriente,2907.7,4667.09,602,9,10899.66,Risque moyen,0.904670506678316,0.8616676191269976,Revenu moyen
5059,68,F,Primaria,Sur,1595.82,2419.05,541,8,4171.29,Risque moyen,-1.1062156780733037,0.124103251602779,Revenu moyen
5061,51,M,Secundaria,Centro,989.62,2453.0,507,11,2001.46,Risque moyen,-1.9622530462088865,1.1072534245937695,Revenu faible
5062,34,M,Tecnico,Occidente,802.49,1356.64,490,8,3517.31,Risque élevé,-2.0296298443788787,-0.004929864646063685,Revenu faible
5063,60,M,Universitario,Norte,1567.77,2689.22,545,11,2465.1,Risque moyen,-1.3997330189464994,1.169429837506173,Revenu moyen
5065,70,M,Secundaria,Occidente,3469.21,6461.22,644,5,10378.92,Risque moyen,1.9628057685490108,-0.4417515750480957,Revenu élevé
5067,19,M,Primaria,Centro,966.22,1895.38,479,10,2522.14,Risque élevé,-2.138990965206004,0.7395007668516047,Revenu faible
5068,51,F,Tecnico,Norte,2531.75,3581.58,710,2,9807.82,Risque faible,1.4785809961726477,-1.8133643335171945,Revenu moyen
5070,25,M,Tecnico,Centro,3337.94,7018.64,648,6,12707.14,Risque moyen,2.2261505402785615,-0.013553871944249972,Revenu élevé
5071,30,F,Secundaria,Oriente,2136.36,4307.55,600,7,6115.34,Risque moyen,0.12871267924255742,-0.05507661340599996,Revenu moyen
5072,59,M,Primaria,Occidente,1244.21,3204.54,510,10,3374.4,Risque moyen,-1.4756955263698193,0.8472030387173929,Revenu faible
5073,25,F,Secundaria,Sur,736.55,1656.6,444,4,2362.1,Risque élevé,-2.1328679931538495,-1.4295065292668176,Revenu faible
5074,47,M,Secundaria,Oriente,2782.38,5182.63,638,7,7389.17,Risque moyen,0.9380851141305913,0.06891825319470295,Revenu moyen
5075,49,M,Primaria,Oriente,1151.27,3224.6,497,7,4338.37,Risque élevé,-1.300313965848806,-0.20555665504894638,Revenu faible
5076,53,F,Universitario,Oriente,1644.99,2607.27,583,8,5589.78,Risque moyen,-0.6530918332991552,0.15286051504942003,Revenu moyen
5078,47,M,Universitario,Sur,1445.81,3991.13,642,3,5697.59,Risque moyen,0.22767075346510604,-1.5978599938110574,Revenu faible
5079,18,F,Universitario,Centro,2742.1,5659.63,534,13,6393.06,Risque moyen,-0.06676000226346655,2.2624362337525428,Revenu moyen
5081,56,F,Secundaria,Oriente,2410.14,3831.03,589,4,4723.88,Risque moyen,0.12192685687180407,-1.1558125385917883,Revenu moyen
5082,34,M,Tecnico,Norte,3674.28,5788.51,564,12,10890.89,Risque moyen,1.0502611661215786,2.0893553770900932,Revenu élevé
5084,41,F,Secundaria,Sur,947.59,2443.74,483,12,1644.73,Risque élevé,-2.222075033413297,1.4630178220407148,Revenu faible
5085,67,F,Tecnico,Occidente,2011.75,1882.76,626,8,7262.86,Risque moyen,-0.22880583930540993,0.16428065552098056,Revenu moyen
5086,39,M,Universitario,Oriente,4647.61,9241.3,727,3,18562.28,Risque faible,4.496974442648531,-0.7357851009537087,Revenu élevé
5087,46,M,Primaria,Centro,830.15,2060.63,439,5,2121.99,Risque élevé,-2.1247483300698833,-1.0427712918293606,Revenu faible
5088,39,M,Secundaria,Oriente,1651.49,2146.73,546,16,3703.89,Risque moyen,-1.6591516070150034,2.961353477556665,Revenu moyen
5090,26,M,Universitario,Sur,2239.46,3626.62,524,7,6051.47,Risque moyen,-0.42627599529060994,-0.05196036896144241,Revenu moyen
5091,54,M,Universitario,Centro,2615.86,3985.7,612,9,7435.67,Risque moyen,0.34178311903216985,0.7115485617829089,Revenu moyen
5092,27,M,Primaria,Sur,1006.75,2045.29,493,10,1803.74,Risque élevé,-2.081673840127545,0.7295142950494045,Revenu faible
5093,53,F,Secundaria,Inconnue,3204.61,6199.53,630,7,9553.44,Risque moyen,1.5048445782359647,0.22063649003203092,Revenu élevé
5094,54,M,Universitario,Occidente,4200.3,8176.09,676,8,13974.23,Risque faible,3.0011338695769667,0.8669162054867807,Revenu élevé
5095,45,M,Secundaria,Oriente,1307.9,924.78,586,11,3749.64,Risque moyen,-1.5089682014489871,1.0529539422265781,Revenu faible
5096,45,F,Tecnico,Oriente,1611.29,2545.92,602,5,4428.95,Risque moyen,-0.5000428662817745,-0.9614044686532264,Revenu moyen
5097,59,F,Primaria,Sur,1776.59,3695.06,526,8,3811.99,Risque moyen,-0.8855359891690098,0.21393595551495628,Revenu moyen
5098,60,M,Secundaria,Occidente,1587.96,3634.99,598,5,7500.43,Risque moyen,0.012708509393083108,-0.8292646093590004,Revenu moyen
5099,38,M,Secundaria,Centro,1497.67,2897.81,555,5,3064.44,Risque moyen,-0.8894998543880299,-0.9615228609637366,Revenu faible
5100,41,F,Universitario,Centro,1759.48,4032.72,602,6,5508.45,Risque moyen,-0.07484581865531599,-0.4791178391116359,Revenu moyen
5102,57,F,Secundaria,Oriente,1158.81,2508.35,535,7,2625.38,Risque moyen,-1.40116740520666,-0.3021846790635232,Revenu faible
5104,72,F,Tecnico,Sur,2172.93,4492.36,666,6,6414.57,Risque faible,0.6646766880036485,-0.4213885247330693,Revenu moyen
5105,25,F,Universitario,Sur,2472.6,3406.06,673,5,7298.91,Risque faible,0.7540132798686645,-0.7965299621706193,Revenu moyen
5106,65,M,Universitario,Centro,2549.06,3769.28,622,10,10324.98,Risque moyen,0.5609598122833129,1.111012445724461,Revenu moyen
5110,44,F,Secundaria,Oriente,2387.2,4654.97,657,3,7405.72,Risque faible,1.0248018975027648,-1.4377887766366786,Revenu moyen
5111,74,M,Universitario,Oriente,1990.25,4031.72,624,5,5245.86,Risque moyen,0.18623658227719408,-0.830586247588536,Revenu moyen
5112,46,F,Primaria,Norte,1300.04,2764.15,509,8,1510.02,Risque moyen,-1.6179774088620258,0.07016525349725718,Revenu faible
5114,61,M,Secundaria,Occidente,1788.62,3513.83,526,9,5173.45,Risque moyen,-0.841663257929538,0.5929190685547279,Revenu moyen
5116,62,M,Tecnico,Centro,4306.47,6436.96,705,7,16576.99,Risque faible,3.177213002306897,0.4644264419551183,Revenu élevé
5119,26,F,Universitario,Centro,1408.43,2377.22,528,5,5496.25,Risque moyen,-0.9463139468489109,-0.9330869747138977,Revenu faible
5121,73,F,Secundaria,Sur,1136.54,2718.66,520,4,2700.1,Risque moyen,-1.2590214670208277,-1.3563797129654886,Revenu faible
5123,44,F,Primaria,Norte,1458.39,2912.93,545,6,4855.63,Risque moyen,-0.8401678915907331,-0.5618329117126079,Revenu faible
5124,51,M,Universitario,Oriente,3016.45,5901.58,606,6,9476.98,Risque moyen,1.2766105988350607,-0.16306477359994517,Revenu élevé
5125,68,F,Universitario,Oriente,3033.12,4473.3,643,10,7872.44,Risque moyen,0.7839864939073895,1.133074477517024,Revenu élevé
5129,46,M,Primaria,Sur,2341.33,5334.51,623,4,9848.3,Risque moyen,1.1378126277680245,-0.9746827642093066,Revenu moyen
5134,37,M,Tecnico,Centro,2371.9,4607.85,606,5,5446.68,Risque moyen,0.3822949104262885,-0.7481688984220479,Revenu moyen
5137,52,M,Universitario,Sur,1804.48,2739.54,565,11,5551.39,Risque moyen,-0.8558210145441159,1.2556692432755037,Revenu moyen
5138,52,F,Tecnico,Centro,3143.39,5284.6,723,6,12185.6,Risque faible,2.165293369961216,-0.17816957221310245,Revenu élevé
5141,44,F,Tecnico,Norte,1283.32,3802.52,552,10,1721.03,Risque moyen,-1.2552457478010384,0.8293197691674421,Revenu faible
5142,43,M,Primaria,Occidente,1019.06,2806.24,474,10,3252.71,Risque élevé,-1.8783691473054687,0.8161057937165561,Revenu faible
5144,34,F,Secundaria,Occidente,1969.97,2708.99,560,8,5474.65,Risque moyen,-0.6430565460726632,0.19748272053589566,Revenu moyen
5146,62,F,Secundaria,Occidente,1035.89,2976.35,512,7,2318.83,Risque moyen,-1.520098330002008,-0.28334675591837455,Revenu faible
5147,69,M,Tecnico,Oriente,1499.42,3961.9,523,3,4120.82,Risque moyen,-0.618178864020249,-1.5765236749350702,Revenu faible
5148,46,M,Secundaria,Norte,914.74,2011.78,480,4,2496.0,Risque élevé,-1.757676440481269,-1.4051090100800316,Revenu faible
5149,37,M,Tecnico,Occidente,1680.27,3158.18,523,5,5392.87,Risque moyen,-0.7074153558150366,-0.8619891989500705,Revenu moyen
5151,44,M,Tecnico,Sur,5512.82,10433.85,731,3,21008.56,Risque faible,5.385381887890909,-0.5306883515208283,Revenu élevé
5152,35,M,Tecnico,Sur,2058.21,4861.33,526,7,4389.34,Risque moyen,-0.39913257407964997,-0.03612856881523568,Revenu moyen
5153,21,M,Universitario,Oriente,1094.28,1011.11,452,10,500.0,Risque élevé,-2.639334892293883,0.6668883059165855,Revenu faible
5155,67,M,Primaria,Oriente,1701.32,3602.38,596,8,6183.45,Risque moyen,-0.281302480656883,0.22348598056301824,Revenu moyen
5156,18,F,Secundaria,Oriente,4791.4,9592.12,646,3,14282.8,Risque moyen,3.7154699549401626,-0.762016999400427,Revenu élevé
5157,75,M,Universitario,Oriente,2645.27,4654.8,668,7,9064.14,Risque faible,1.1174598407991652,0.04960823544163597,Revenu moyen
5158,43,M,Universitario,Centro,1987.35,3780.24,542,11,4525.83,Risque moyen,-0.7995820285396699,1.320601437645597,Revenu moyen
5159,62,M,Postgrado,Occidente,2190.16,3983.7,569,5,5860.15,Risque moyen,-0.0010714871123866099,-0.775674651505153,Revenu moyen
5160,37,F,Tecnico,Oriente,2582.22,5023.53,605,6,8380.23,Risque moyen,0.7908801153591251,-0.27969625971035844,Revenu moyen
5162,40,M,Primaria,Occidente,1065.87,2575.89,472,8,4464.35,Risque élevé,-1.6700673945277422,0.12036507281127788,Revenu faible
5165,58,M,Secundaria,Oriente,1286.21,1515.84,566,14,4260.72,Risque moyen,-1.6454688124476828,2.1784109310942337,Revenu faible
5166,58,M,Primaria,Norte,1697.7,3046.62,572,4,3490.21,Risque moyen,-0.5682689664435308,-1.2894262770061078,Revenu moyen
5167,22,M,Secundaria,Sur,1775.19,5801.53,633,8,6454.52,Risque moyen,0.4610337010948618,0.347489254419894,Revenu moyen
5169,18,M,Primaria,Norte,3097.11,4892.53,656,4,8800.53,Risque faible,1.4462093852561486,-0.9668055414188705,Revenu élevé
5172,51,F,Secundaria,Centro,1215.5,3599.27,510,5,3532.02,Risque moyen,-1.075414313265345,-0.9169289674115674,Revenu faible
5173,73,M,Postgrado,Oriente,2528.42,4165.82,609,5,8200.18,Risque moyen,0.6542308556137404,-0.6979858619893512,Revenu moyen
5175,58,M,Primaria,Oriente,875.17,1271.0,504,8,2399.91,Risque moyen,-2.0497596029241545,-0.03452624552076828,Revenu faible
5176,46,F,Secundaria,Centro,2785.68,5648.17,652,9,12175.47,Risque faible,1.486774544646943,0.913245641800135,Revenu moyen
5177,21,M,Tecnico,Occidente,2252.56,3750.77,593,9,5585.92,Risque moyen,-0.16127389277733745,0.6300417057813161,Revenu moyen
5180,73,F,Postgrado,Oriente,2717.56,5516.41,635,7,6933.66,Risque moyen,0.9173514273715321,0.07314380608961168,Revenu moyen
5182,38,M,Secundaria,Oriente,868.23,2081.1,449,8,3438.07,Risque élevé,-2.098062191128685,0.059997548538624046,Revenu faible
5183,52,F,Secundaria,Occidente,2331.74,4210.47,570,8,6556.04,Risque moyen,-0.004089517446738039,0.33895102296194984,Revenu moyen
5184,29,F,Secundaria,Sur,1227.04,1274.71,534,8,1997.35,Risque moyen,-1.7669227976051136,-0.0233753953033757,Revenu faible
5185,43,M,Primaria,Oriente,1437.3,2758.02,515,5,4509.29,Risque moyen,-1.031371384200848,-0.9247174111414516,Revenu faible
5188,62,M,Secundaria,Norte,2334.35,3049.91,681,6,8573.08,Risque faible,0.7362152080134925,-0.4475850949371197,Revenu moyen
5189,24,F,Tecnico,Sur,2044.39,3858.46,652,6,6832.54,Risque faible,0.43723963007137895,-0.45463942833722093,Revenu moyen
5191,72,F,Tecnico,Sur,1389.08,2175.3,593,4,2620.59,Risque moyen,-0.8473909699406692,-1.398463384086734,Revenu faible
5192,24,M,Secundaria,Norte,1330.46,0.0,532,5,4906.67,Risque moyen,-1.5195434373779093,-1.093457925513471,Revenu faible
5193,43,F,Tecnico,Centro,2421.4,3969.84,664,10,8024.48,Risque faible,0.5611770015138118,1.0395666586363541,Revenu moyen
5194,57,F,Tecnico,Oriente,2711.7,3871.34,579,1,8145.26,Risque moyen,0.7361261157859351,-2.115599791000523,Revenu moyen
5196,38,F,Universitario,Centro,2346.6,3222.76,625,4,5147.77,Risque moyen,0.22185252023638538,-1.2037535260742502,Revenu moyen
5197,31,M,Tecnico,Centro,1779.85,2170.98,626,10,3682.17,Risque moyen,-0.7570224743971837,0.7930847044705284,Revenu moyen
5198,21,F,Secundaria,Sur,4106.64,8011.09,632,7,10452.18,Risque moyen,2.369171483266584,0.43104757308386027,Revenu élevé
5200,59,F,Primaria,Occidente,2018.43,4027.38,605,6,7323.3,Risque moyen,0.23602503956905255,-0.41507319539399895,Revenu moyen
5201,37,F,Universitario,Centro,1996.54,3137.3,605,8,7192.9,Risque moyen,-0.100072486306467,0.24342981120830468,Revenu moyen
5202,32,M,Secundaria,Centro,1049.72,1505.56,575,6,6685.51,Risque moyen,-0.9445936002462852,-0.6545135898906781,Revenu faible
5205,62,M,Secundaria,Norte,3030.36,5086.06,688,6,9551.12,Risque faible,1.5997078141727925,-0.24424882214850058,Revenu élevé
5206,46,M,Primaria,Oriente,638.11,353.19,453,11,599.48,Risque élevé,-3.0155172509872696,0.9446346469646429,Revenu faible
5207,25,F,Universitario,Centro,5660.15,9619.25,685,9,18123.52,Risque faible,4.332544034868511,1.5370317409367151,Revenu élevé
5209,65,F,Tecnico,Inconnue,2954.43,4517.77,680,1,8224.65,Risque faible,1.5768270872086416,-2.098655206277679,Revenu moyen
5210,36,M,Universitario,Occidente,3613.31,6765.55,659,8,12689.61,Risque faible,2.225393894288218,0.7078100451032888,Revenu élevé
5212,56,M,Tecnico,Centro,1747.53,3388.41,535,8,4118.7,Risque moyen,-0.8782036707309994,0.1962709601397852,Revenu moyen
5213,63,F,Tecnico,Sur,2547.88,4525.66,631,7,6183.67,Risque moyen,0.5360901663809642,-0.01561718856606706,Revenu moyen
5214,45,M,Primaria,Centro,1079.46,2200.8,530,7,5579.45,Risque moyen,-1.2256608420975663,-0.2585529150690518,Revenu faible
5215,63,M,Universitario,Norte,2778.97,5260.58,674,6,9302.92,Risque faible,1.4239193440484574,-0.2574015461363312,Revenu moyen
5217,44,F,Primaria,Sur,1706.96,3117.55,513,14,4065.62,Risque moyen,-1.4623574293167996,2.3308141726964147,Revenu moyen
5218,21,M,Tecnico,Norte,1620.57,2013.32,528,6,2893.91,Risque moyen,-1.2644813894920637,-0.6352178305637841,Revenu moyen
5219,75,F,Universitario,Sur,2131.99,3508.67,532,10,5570.89,Risque moyen,-0.6858439055515905,0.9891995167224612,Revenu moyen
5222,54,M,Secundaria,Centro,848.22,1481.58,493,8,2721.9,Risque élevé,-2.048061108955057,-0.012657855370072699,Revenu faible
5225,64,M,Secundaria,Centro,1536.56,3504.18,638,7,4584.37,Risque moyen,-0.22538940257093887,-0.21052911220696252,Revenu moyen
5226,41,M,Secundaria,Sur,2588.27,4284.42,590,7,7247.27,Risque moyen,0.3697583448087146,0.016743241707890443,Revenu moyen
5227,44,F,Universitario,Occidente,2284.51,4284.94,590,6,5657.47,Risque moyen,0.14240519167317026,-0.40568348116191194,Revenu moyen
5228,57,F,Secundaria,Norte,1439.56,2413.36,471,8,3366.84,Risque élevé,-1.6670812572993967,0.1222030049560026,Revenu faible
5229,53,F,Secundaria,Sur,1498.99,1917.94,559,7,3145.83,Risque moyen,-1.1896622298776618,-0.30302602017974334,Revenu faible
5230,51,M,Secundaria,Norte,1742.7,3420.69,538,8,7020.51,Risque moyen,-0.5578823348640838,0.2619240521031622,Revenu moyen
5231,46,M,Primaria,Norte,980.59,2153.71,526,10,500.0,Risque moyen,-2.0092661797943694,0.6889830682800703,Revenu faible
5232,41,F,Postgrado,Sur,4835.84,7915.09,672,5,14302.7,Risque faible,3.408717437654517,-0.1511180913313074,Revenu élevé
5233,41,M,Universitario,Oriente,2541.39,5265.43,635,4,9489.12,Risque moyen,1.2404102358225504,-0.9731389715053409,Revenu moyen
5234,59,F,Tecnico,Occidente,1458.13,3641.39,619,6,3646.81,Risque moyen,-0.3745865175939702,-0.5802592477568439,Revenu faible
5236,20,F,Tecnico,Norte,2881.9,6290.21,686,8,10229.28,Risque faible,1.725757092278718,0.54277363553282,Revenu moyen
5241,70,M,Secundaria,Norte,826.05,988.18,511,5,1139.28,Risque moyen,-2.030924260886623,-1.1599546579396365,Revenu faible
5242,73,F,Tecnico,Oriente,1652.86,2568.81,585,8,5178.61,Risque moyen,-0.6883917513505726,0.141186757862018,Revenu moyen
5243,69,F,Primaria,Centro,1817.32,3531.8,599,8,4412.84,Risque moyen,-0.4119313060249126,0.18907767751682727,Revenu moyen
5244,40,M,Primaria,Sur,617.07,1362.95,416,8,2658.79,Risque élevé,-2.629208138275615,-0.008335604041536755,Revenu faible
5246,22,M,Secundaria,Inconnue,1951.36,2949.62,618,10,4962.19,Risque moyen,-0.43614575133580463,0.8871057243948515,Revenu moyen
5247,48,M,Universitario,Occidente,1502.36,2266.75,513,8,2251.46,Risque moyen,-1.5392958105146743,0.07557313580085488,Revenu moyen
5248,70,M,Secundaria,Norte,2509.84,4498.59,606,5,7182.78,Risque moyen,0.5949081756319242,-0.7021124630280581,Revenu moyen
5249,58,M,Secundaria,Norte,5104.57,7919.77,654,5,14604.56,Risque faible,3.4469352043676946,-0.1103078097721219,Revenu élevé
5250,74,M,Tecnico,Occidente,1326.74,2786.21,540,7,3790.86,Risque moyen,-1.123160488872028,-0.245976466252991,Revenu faible
5251,74,F,Universitario,Norte,4953.11,9121.79,795,8,19240.13,Risque faible,4.756388451590648,1.0589619679520492,Revenu élevé
5252,71,F,Primaria,Centro,1471.36,1899.73,575,7,3649.52,Risque moyen,-1.059209688341899,-0.3025314870376665,Revenu faible
5253,23,M,Secundaria,Oriente,1011.66,2208.9,443,1,4145.12,Risque élevé,-1.5364298903331586,-2.403218183688859,Revenu faible
5254,54,F,Universitario,Oriente,5034.05,7690.11,766,4,20303.15,Risque faible,4.675241701244663,-0.40951233767047746,Revenu élevé
5255,74,F,Primaria,Occidente,1533.04,3054.57,521,6,2725.39,Risque moyen,-1.1388658427681089,-0.5838559479315149,Revenu moyen
5256,27,M,Universitario,Oriente,3981.56,7885.14,711,5,14865.52,Risque faible,3.3330821720628117,-0.2391117209468275,Revenu élevé
5257,57,M,Secundaria,Oriente,4440.91,8309.09,693,8,16846.3,Risque faible,3.5245529800003093,0.9548285430896344,Revenu élevé
5258,24,M,Primaria,Occidente,1103.48,2468.37,523,10,1636.76,Risque moyen,-1.792278360049006,0.745983320966586,Revenu faible
5261,38,M,Tecnico,Oriente,1449.5,2566.57,531,10,6715.36,Risque moyen,-1.0587148269373619,0.895852618253901,Revenu faible
5262,37,F,Secundaria,Norte,1432.72,2323.46,576,9,4621.4,Risque moyen,-1.0048910451417539,0.4550048963059907,Revenu faible
5263,20,M,Primaria,Norte,1263.47,3190.96,512,16,3775.81,Risque moyen,-1.7925004283636792,3.0018347373322447,Revenu faible
5264,68,M,Universitario,Oriente,968.7,2229.28,477,12,2147.12,Risque élevé,-2.242444453440349,1.4666538840712562,Revenu faible
5265,39,F,Tecnico,Occidente,3594.6,7418.55,660,8,12924.02,Risque faible,2.385893660652053,0.7487308689822922,Revenu élevé
5266,64,F,Tecnico,Centro,2500.0,5292.98,605,5,5449.82,Risque moyen,0.5753677020453812,-0.6957197226529738,Revenu moyen
5268,45,F,Primaria,Centro,3036.81,4933.44,702,6,11609.61,Risque faible,1.8637221864443663,-0.21225311003651728,Revenu élevé
5269,29,F,Tecnico,Centro,3640.0,5078.55,649,3,12919.03,Risque moyen,2.1562283939985023,-1.1655994251956225,Revenu élevé
5271,68,F,Primaria,Sur,976.94,314.2,544,4,647.29,Risque moyen,-1.9045999729162673,-1.5681872241172312,Revenu faible
5273,64,M,Secundaria,Centro,3148.19,5476.38,634,7,8105.12,Risque moyen,1.2029478363321933,0.13879824753695452,Revenu élevé
5274,58,M,Secundaria,Occidente,1448.22,3546.65,560,4,6589.63,Risque moyen,-0.3189160662646695,-1.2087572015062786,Revenu faible
5275,22,F,Universitario,Oriente,3442.17,6479.98,659,7,12983.61,Risque faible,2.186125307261062,0.32402011628902233,Revenu élevé
5276,30,F,Primaria,Norte,2526.68,5104.49,595,5,9390.53,Risque moyen,0.8922035252248288,-0.6105271190363802,Revenu moyen
5278,75,M,Primaria,Norte,623.96,1238.34,433,10,500.0,Risque élevé,-2.8992685298882503,0.6437848912300486,Revenu faible
5279,67,M,Secundaria,Occidente,920.01,2277.58,568,11,2705.01,Risque moyen,-1.5973409860490502,1.0788958688113381,Revenu faible
5281,54,F,Universitario,Occidente,2583.01,4749.93,656,5,10860.74,Risque faible,1.3504092390122875,-0.6199362883163415,Revenu moyen
5282,42,F,Universitario,Oriente,2786.23,4689.63,635,2,8984.18,Risque moyen,1.2937376743065125,-1.7097326893370068,Revenu moyen
5283,65,M,Primaria,Sur,1620.94,1943.21,598,7,5041.04,Risque moyen,-0.7094120188543305,-0.26465221235796554,Revenu moyen
5284,44,F,Universitario,Centro,4592.71,8164.15,730,4,18635.4,Risque faible,4.208492475000283,-0.44559150813464526,Revenu élevé
5285,68,F,Tecnico,Occidente,1331.35,1455.9,587,6,4596.0,Risque moyen,-0.9814413806996773,-0.6831815091196402,Revenu faible
5290,71,F,Universitario,Centro,1719.7,1997.19,518,12,5255.05,Risque moyen,-1.4179511310564892,1.576577737861077,Revenu moyen
5291,53,F,Secundaria,Occidente,2364.96,3035.82,628,1,7814.79,Risque moyen,0.6687697572730409,-2.2266108537816494,Revenu moyen
5292,56,M,Universitario,Norte,1878.34,4640.91,580,11,5673.05,Risque moyen,-0.32136786638271614,1.3689336981322837,Revenu moyen
5295,39,M,Universitario,Centro,3020.79,5813.69,696,11,7405.86,Risque faible,1.2643251209971342,1.5327705199868873,Revenu élevé
5296,38,F,Primaria,Centro,1105.82,1723.25,498,9,2884.92,Risque élevé,-1.9056818770094504,0.38490795335167444,Revenu faible
5298,38,M,Tecnico,Norte,2341.75,5404.7,635,3,10476.14,Risque moyen,1.350399120496042,-1.3193515677055738,Revenu moyen
5299,25,F,Secundaria,Oriente,3119.82,5502.57,598,6,7955.18,Risque moyen,1.0319344925246485,-0.20714138647865146,Revenu élevé
5300,66,F,Secundaria,Centro,1883.57,3844.1,594,3,5890.74,Risque moyen,0.11661063241632438,-1.5386877936473438,Revenu moyen
5301,33,F,Tecnico,Oriente,2185.79,4280.88,643,5,8178.6,Risque moyen,0.7334541370615653,-0.7397645416672459,Revenu moyen
5302,72,M,Universitario,Centro,2070.89,5900.77,578,7,6676.5,Risque moyen,0.3671281485978168,0.053631886930511255,Revenu moyen
5303,48,F,Secundaria,Norte,1365.61,2297.02,564,3,1461.29,Risque moyen,-1.0585319055743143,-1.7643641893851083,Revenu faible
5305,27,F,Tecnico,Centro,1143.39,1514.63,487,12,1084.18,Risque élevé,-2.3712275468540724,1.4133470472452294,Revenu faible
5306,49,M,Tecnico,Centro,1130.76,2827.22,572,6,7022.42,Risque moyen,-0.6137960298879839,-0.5612043144067259,Revenu faible
5308,26,F,Universitario,Oriente,1958.6,3149.17,635,8,5286.07,Risque moyen,-0.1325929037887721,0.1838966693508193,Revenu moyen
5311,49,M,Universitario,Oriente,4289.66,9048.83,733,7,15918.0,Risque faible,3.8207374745354326,0.5867406420564469,Revenu élevé
5316,21,F,Postgrado,Norte,1441.83,2450.87,575,9,3628.55,Risque moyen,-1.0818834268163362,0.4412671621697643,Revenu faible
5317,65,M,Tecnico,Sur,3257.72,4944.93,680,4,9290.6,Risque faible,1.7158584033389437,-0.9481842933345959,Revenu élevé
5318,69,F,Secundaria,Centro,4617.49,7565.82,718,8,17079.71,Risque faible,3.611812439859673,0.9225938063533423,Revenu élevé
5319,64,M,Tecnico,Centro,1926.05,2813.87,607,4,6465.32,Risque moyen,-0.010978342773299544,-1.2296584720820862,Revenu moyen
5320,42,M,Secundaria,Sur,4132.36,7672.85,608,4,15285.93,Risque moyen,2.850631102508945,-0.5387498937080297,Revenu élevé
5321,38,M,Postgrado,Inconnue,3277.93,5014.53,648,5,13286.5,Risque moyen,1.8984097925729007,-0.47992829145525384,Revenu élevé
5323,55,F,Universitario,Sur,3828.94,7663.22,695,9,13767.56,Risque faible,2.7655685878925054,1.1461329343073492,Revenu élevé
5325,18,F,Universitario,Norte,1756.52,2996.53,576,7,2525.14,Risque moyen,-0.817321794426382,-0.23763354698031885,Revenu moyen
5326,42,M,Secundaria,Centro,1034.31,1986.83,520,9,1274.35,Risque moyen,-1.9155407502037367,0.3470646943243824,Revenu faible
5328,53,M,Postgrado,Centro,2696.01,6021.7,634,5,12253.66,Risque moyen,1.6805694652716414,-0.4940509938457191,Revenu moyen
5329,34,F,Tecnico,Norte,2020.35,1964.23,554,7,6399.55,Risque moyen,-0.6577194746393376,-0.174851789795968,Revenu moyen
5331,41,F,Primaria,Inconnue,1915.01,2195.09,596,4,4596.03,Risque moyen,-0.40328884091859724,-1.3038848563468253,Revenu moyen
5332,19,M,Secundaria,Norte,699.46,1719.93,364,14,1223.07,Risque élevé,-3.3474458264212372,2.1565745170149437,Revenu faible
5333,57,M,Universitario,Oriente,6929.28,12643.61,787,5,24739.25,Risque faible,7.032208562673716,0.5066842061955458,Revenu élevé
5334,32,F,Secundaria,Occidente,2578.18,5243.55,605,7,7612.01,Risque moyen,0.6944739039582574,0.07287715098871984,Revenu moyen
5335,49,F,Universitario,Norte,2479.57,4591.08,637,3,10326.48,Risque moyen,1.2319264223700839,-1.3576655491991023,Revenu moyen
5336,56,M,Tecnico,Norte,3391.11,6417.55,711,9,11800.47,Risque faible,2.211134700510829,0.9805217791815154,Revenu élevé
5337,23,F,Secundaria,Sur,954.44,1019.32,437,7,1280.0,Risque élevé,-2.516688593370503,-0.39428685379241046,Revenu faible
5338,18,F,Secundaria,Norte,2091.17,3882.55,606,10,7808.88,Risque moyen,0.04146287440711402,1.024263142010379,Revenu moyen
5339,64,F,Secundaria,Oriente,655.77,554.66,444,6,1803.05,Risque élevé,-2.582431312709415,-0.798587720998467,Revenu faible
5340,40,F,Primaria,Centro,1041.65,2364.73,433,6,1203.39,Risque élevé,-2.1641226527669364,-0.6654780705049353,Revenu faible
5341,75,F,Universitario,Centro,4726.12,7748.79,770,11,16990.8,Risque faible,3.8052898789321707,1.9908448291063259,Revenu élevé
5343,74,F,Secundaria,Centro,1324.33,2316.45,593,8,4873.08,Risque moyen,-0.8632638661466656,0.08473625737572041,Revenu faible
5344,34,M,Secundaria,Norte,1125.71,3251.9,464,8,3716.59,Risque élevé,-1.6256760379807842,0.15195677288369377,Revenu faible
5345,51,F,Tecnico,Centro,1677.52,3044.77,509,6,3112.68,Risque moyen,-1.1114993537556421,-0.5564974944631683,Revenu moyen
5347,46,M,Secundaria,Sur,3082.96,6655.25,606,7,6763.36,Risque moyen,1.123045031910647,0.1831960234563675,Revenu élevé
5348,26,F,Secundaria,Centro,847.45,1282.48,434,6,500.0,Risque élevé,-2.5408024467838626,-0.7630777799939169,Revenu faible
5351,23,F,Secundaria,Norte,1037.52,0.0,552,3,2692.69,Risque moyen,-1.6263898930969658,-1.8955628290208584,Revenu faible
5353,69,F,Primaria,Oriente,975.1,2114.33,491,4,3155.23,Risque élevé,-1.57836853636633,-1.3834607221658592,Revenu faible
5354,70,M,Universitario,Sur,2120.81,4227.06,595,10,7324.93,Risque moyen,0.012434764899431105,1.0410721150499394,Revenu moyen
5356,34,M,Secundaria,Centro,1382.24,1596.87,544,10,5778.79,Risque moyen,-1.3118950225527997,0.806204842707604,Revenu faible
5357,66,M,Primaria,Occidente,1259.08,4195.86,555,4,3189.5,Risque moyen,-0.6387052799605581,-1.2637549767394813,Revenu faible
5358,29,F,Primaria,Oriente,621.67,1572.62,401,6,2300.24,Risque élevé,-2.5829441917516585,-0.7122319377966106,Revenu faible
5361,62,F,Secundaria,Centro,2555.23,4717.38,665,8,12001.3,Risque faible,1.3144749549583192,0.46996411858055126,Revenu moyen
5363,18,M,Tecnico,Oriente,2493.15,5210.37,570,10,7728.58,Risque moyen,0.27051619415804146,1.1539425799974492,Revenu moyen
5364,34,M,Universitario,Oriente,2219.32,3576.19,576,8,3715.62,Risque moyen,-0.4416460762812394,0.22455993189414883,Revenu moyen
5366,43,F,Tecnico,Oriente,1580.74,2986.1,528,4,3552.46,Risque moyen,-0.882409215064097,-1.282871084205517,Revenu moyen
5368,53,F,Primaria,Norte,776.11,1539.61,451,9,2859.36,Risque élevé,-2.361365354977139,0.3634129284895331,Revenu faible
5371,21,M,Universitario,Norte,3716.7,7666.97,704,4,14627.64,Risque faible,3.17320082078178,-0.6367990999904755,Revenu élevé
5373,66,F,Tecnico,Inconnue,1412.85,3427.13,475,11,4511.59,Risque élevé,-1.509853718030722,1.2752078066170114,Revenu faible
5374,36,F,Secundaria,Norte,2324.89,4936.98,628,3,9077.82,Risque moyen,1.0595444925208821,-1.3765300637791416,Revenu moyen
5376,69,M,Secundaria,Occidente,1946.42,2256.15,638,9,6866.43,Risque moyen,-0.20952543068575574,0.5229060831197483,Revenu moyen
5377,52,M,Secundaria,Sur,3202.69,6442.64,715,9,10846.63,Risque faible,2.0634468787929934,0.9406561402726997,Revenu élevé
5379,31,M,Primaria,Oriente,957.47,2275.82,492,7,500.0,Risque élevé,-2.0056278302165325,-0.36354311261184835,Revenu faible
5382,31,F,Tecnico,Centro,1968.49,2933.45,536,4,6057.87,Risque moyen,-0.4275089390046478,-1.195933694895117,Revenu moyen
5385,21,F,Postgrado,Norte,3613.34,5374.31,619,8,12104.85,Risque moyen,1.6352384556691428,0.6319462807225531,Revenu élevé
5390,74,M,Primaria,Inconnue,1927.67,4421.9,611,10,6348.36,Risque moyen,-0.03298039447386176,1.0046822971949594,Revenu moyen
5391,50,M,Secundaria,Oriente,495.03,993.08,395,10,2251.55,Risque élevé,-3.048853469996795,0.6739737093986218,Revenu faible
5393,57,F,Secundaria,Oriente,794.88,1950.44,385,12,2392.59,Risque élevé,-2.8901978827154906,1.4808795205915497,Revenu faible
5394,36,F,Secundaria,Centro,2751.22,5461.45,608,5,8400.75,Risque moyen,1.036449798972661,-0.5966558380099674,Revenu moyen
5395,70,M,Tecnico,Sur,1427.32,1652.65,571,7,4461.47,Risque moyen,-1.07013961578507,-0.3008991322042287,Revenu faible
5400,23,M,Universitario,Occidente,2086.2,3058.66,641,6,5217.89,Risque moyen,0.05476614839051432,-0.5285666401882748,Revenu moyen
5401,57,F,Universitario,Occidente,3112.05,6045.78,682,4,6448.45,Risque faible,1.6083686528866554,-0.9633944643551736,Revenu élevé
5402,30,M,Universitario,Norte,2597.81,3936.05,627,5,8253.47,Risque moyen,0.7458851684236805,-0.711589487795936,Revenu moyen
5403,65,F,Primaria,Norte,1218.74,3159.59,481,7,3008.72,Risque élevé,-1.5165504922004616,-0.22574825828238665,Revenu faible
5404,52,F,Primaria,Sur,2068.19,3201.14,651,4,6540.67,Risque faible,0.39702924214274204,-1.2117610124201634,Revenu moyen
5405,36,M,Postgrado,Norte,5475.94,11692.68,686,5,20779.7,Risque faible,5.223477967517846,0.26899139356296675,Revenu élevé
5406,29,M,Postgrado,Norte,1676.88,3669.37,552,5,4374.23,Risque moyen,-0.5344344318659734,-0.8687559564618427,Revenu moyen
5407,33,M,Tecnico,Norte,1445.89,2448.96,526,9,3356.56,Risque moyen,-1.39682395945591,0.45745041992790086,Revenu faible
5408,60,M,Postgrado,Centro,3468.68,5482.87,646,3,12348.96,Risque moyen,2.0942353931115707,-1.170025043337896,Revenu élevé
5409,27,F,Universitario,Centro,2421.02,4774.4,657,8,9017.55,Risque faible,0.9172173717273349,0.39663373165849936,Revenu moyen
5410,42,F,Secundaria,Sur,1923.17,4273.13,620,9,5290.58,Risque moyen,-0.05950871714255827,0.6100996136036977,Revenu moyen
5412,48,F,Tecnico,Centro,2382.69,3826.0,615,10,6717.18,Risque moyen,0.09204742470126567,1.020043238212459,Revenu moyen
5413,21,M,Secundaria,Centro,1983.28,4711.37,514,9,4905.34,Risque moyen,-0.604801971140547,0.6802375812858856,Revenu moyen
5414,61,F,Postgrado,Sur,3016.41,5662.47,647,6,11697.77,Risque moyen,1.6951149560749132,-0.14518580865591127,Revenu élevé
5415,40,F,Secundaria,Norte,1284.6,1791.88,582,8,3098.67,Risque moyen,-1.237847276969832,0.015381498568382548,Revenu faible
5416,19,M,Universitario,Occidente,4294.93,9503.57,661,6,13744.43,Risque faible,3.3350395322086035,0.23931289564034652,Revenu élevé
5418,39,F,Primaria,Occidente,1665.24,3323.74,598,9,6577.59,Risque moyen,-0.3656676262013728,0.56947098327201,Revenu moyen
5419,68,M,Primaria,Centro,898.51,1230.54,490,5,2846.54,Risque élevé,-1.8976568978418173,-1.0909550611395082,Revenu faible
5420,74,M,Tecnico,Oriente,2226.12,3978.68,663,9,6739.63,Risque faible,0.4062771029130121,0.6353051692389698,Revenu moyen
5421,54,F,Secundaria,Sur,1845.45,2670.98,547,7,6436.48,Risque moyen,-0.6183571318877754,-0.1465651603814108,Revenu moyen
5422,25,F,Tecnico,Occidente,2331.23,4344.32,613,5,6664.66,Risque moyen,0.4756845827054339,-0.7429422165090352,Revenu moyen
5423,24,M,Primaria,Sur,2369.04,4702.79,620,5,8188.05,Risque moyen,0.7649709801670158,-0.6872732341197718,Revenu moyen
5424,31,M,Secundaria,Sur,936.64,140.25,482,12,3688.02,Risque élevé,-2.5108897910373678,1.3750729631754108,Revenu faible
5426,72,F,Secundaria,Oriente,2141.87,3126.87,610,8,6952.25,Risque moyen,-0.03691040368362267,0.24898706417794123,Revenu moyen
5428,67,F,Postgrado,Centro,3014.63,4765.14,649,10,11735.93,Risque moyen,1.2699649459696511,1.2328602444646497,Revenu élevé
5429,33,F,Secundaria,Norte,1753.03,4334.54,568,7,6676.21,Risque moyen,-0.15626756651330784,-0.0629676795259346,Revenu moyen
5431,36,M,Postgrado,Centro,4552.57,7698.29,655,3,15105.75,Risque faible,3.3519351588375175,-0.8800189261327175,Revenu élevé
5433,35,F,Secundaria,Norte,1438.3,1668.59,537,9,6221.33,Risque moyen,-1.2065773574225414,0.4712914840117555,Revenu faible
5435,33,F,Primaria,Sur,942.21,1538.56,486,10,500.0,Risque élevé,-2.3909855953272627,0.6676676006167778,Revenu faible
5437,50,M,Universitario,Sur,1343.06,4203.57,578,10,1140.04,Risque moyen,-1.051986133916537,0.8334281305831679,Revenu faible
5438,66,M,Primaria,Norte,1183.58,1890.74,523,8,1863.13,Risque moyen,-1.7330298323992968,0.010111908380695893,Revenu faible
5439,29,M,Postgrado,Occidente,2311.53,5787.91,553,9,5167.98,Risque moyen,0.016731580864770855,0.7623163522926552,Revenu moyen
5441,28,M,Secundaria,Oriente,2548.17,4823.24,681,6,10013.01,Risque faible,1.3489997231803592,-0.2918534508350674,Revenu moyen
5443,44,F,Universitario,Norte,4246.44,7730.7,766,7,16987.2,Risque faible,3.8273149460505063,0.5155213781801508,Revenu élevé
5444,29,M,Tecnico,Occidente,2087.47,2509.41,575,8,8562.63,Risque moyen,-0.23109403676718304,0.2601612133167358,Revenu moyen
5445,34,F,Tecnico,Oriente,1561.82,2545.91,616,8,4099.43,Risque moyen,-0.6596057217018242,0.09283480559693777,Revenu moyen
5446,23,M,Secundaria,Centro,912.96,1772.93,531,7,2831.58,Risque moyen,-1.661971515380597,-0.36179011812978784,Revenu faible
5448,22,F,Secundaria,Centro,1203.3,1683.36,464,13,500.0,Risque élevé,-2.5682526796394245,1.7835548546608528,Revenu faible
5449,74,M,Secundaria,Norte,2718.97,6617.04,606,9,9758.13,Risque moyen,1.1454473870868358,0.929117725889877,Revenu moyen
5451,31,F,Primaria,Oriente,1868.48,2711.45,591,13,4916.09,Risque moyen,-0.8722666933475598,1.9492146005926279,Revenu moyen
5452,22,F,Secundaria,Inconnue,1033.13,2002.35,459,7,606.85,Risque élevé,-2.215199603026954,-0.35491655180534,Revenu faible
5453,71,M,Universitario,Sur,2602.45,2823.5,568,10,7512.95,Risque moyen,-0.22352236527630984,1.0220151310329573,Revenu moyen
5454,73,F,Tecnico,Sur,1725.91,2162.57,577,7,5897.03,Risque moyen,-0.6548256219775256,-0.2131293787303112,Revenu moyen
5456,67,F,Tecnico,Centro,1814.24,4011.61,554,4,7050.11,Risque moyen,-0.05567763320917681,-1.133806249012333,Revenu moyen
5457,65,M,Tecnico,Centro,1774.1,2413.32,553,8,4106.56,Risque moyen,-0.9690619230883157,0.13389935484655693,Revenu moyen
5458,58,F,Tecnico,Occidente,4246.31,7220.49,694,3,16309.75,Risque faible,3.4759309554280615,-0.9272477874164848,Revenu élevé
5460,39,F,Secundaria,Centro,2163.81,2509.79,658,8,5153.01,Risque faible,-0.060754356170693,0.15303001929441215,Revenu moyen
5464,64,M,Tecnico,Norte,1590.0,3290.03,566,10,3701.47,Risque moyen,-0.9501953293498728,0.8673051717988283,Revenu moyen
5465,56,F,Universitario,Oriente,3800.68,6856.26,636,4,10863.84,Risque moyen,2.2500392938917746,-0.7302628132430379,Revenu élevé
5466,21,F,Secundaria,Centro,3478.88,6876.44,695,6,13972.05,Risque faible,2.6612176171595956,-0.0009267097966392782,Revenu élevé
5467,50,F,Tecnico,Norte,1322.75,2557.46,537,6,3703.44,Risque moyen,-1.1374311693977748,-0.6178119019453698,Revenu faible
5468,30,F,Universitario,Oriente,2012.38,2876.35,655,4,7526.58,Risque faible,0.4296481219079374,-1.2154241469590654,Revenu moyen
5469,37,M,Secundaria,Sur,1233.13,2794.86,527,4,2465.26,Risque moyen,-1.1854806197367993,-1.3512148609143715,Revenu faible
5470,71,M,Universitario,Norte,6697.76,12742.92,722,8,25164.43,Risque faible,6.4303450654569465,1.6019466187992082,Revenu élevé
5472,32,M,Universitario,Centro,2474.09,4613.21,558,15,5071.18,Risque moyen,-0.5197824588422376,2.850682431956005,Revenu moyen
5474,31,F,Secundaria,Centro,1146.88,2230.66,507,9,3411.59,Risque moyen,-1.6740169351273002,0.42609100654487875,Revenu faible
5475,40,F,Tecnico,Sur,1148.39,1903.14,441,7,2711.27,Risque élevé,-2.078028277609736,-0.2940118773472457,Revenu faible
5476,36,M,Universitario,Centro,1641.03,2149.58,597,2,2175.16,Risque moyen,-0.6448957497475323,-2.10294547158661,Revenu moyen
5478,46,F,Universitario,Sur,1902.93,3501.91,606,7,5095.26,Risque moyen,-0.20881450108704241,-0.14978886831060145,Revenu moyen
5479,73,M,Tecnico,Norte,3659.4,6085.06,659,3,11615.4,Risque faible,2.302627554941432,-1.1393692557229105,Revenu élevé
5483,35,M,Secundaria,Norte,1686.92,3222.06,532,7,3371.13,Risque moyen,-0.9706412391037422,-0.19226575060287307,Revenu moyen
5484,27,F,Universitario,Norte,555.38,0.0,354,9,500.0,Risque élevé,-3.5926240154276274,0.24344910723391802,Revenu faible
5486,74,F,Tecnico,Sur,1525.42,2449.59,555,8,5627.4,Risque moyen,-0.8972936857582527,0.14577599622762594,Revenu moyen
5487,25,M,Postgrado,Sur,2024.65,4218.22,561,10,5568.66,Risque moyen,-0.4098900533380566,1.0069990276489236,Revenu moyen
5490,27,F,Universitario,Oriente,3739.95,8902.21,668,2,14401.09,Risque faible,3.3345424426,-1.2670276598576937,Revenu élevé
5491,34,M,Universitario,Norte,912.36,1472.43,506,10,845.41,Risque moyen,-2.2643236584070743,0.6597943507750756,Revenu faible
5492,19,F,Primaria,Centro,1188.88,2728.95,512,10,591.12,Risque moyen,-1.8734717198564752,0.7505450236038196,Revenu faible
5493,23,M,Secundaria,Centro,2920.67,6142.93,674,3,8351.08,Risque faible,1.7597879117029145,-1.2869642887635406,Revenu moyen
5494,75,M,Universitario,Sur,1957.31,3772.82,540,4,1894.13,Risque moyen,-0.6581565395842617,-1.2442569031791963,Revenu moyen
5496,45,M,Secundaria,Sur,2397.67,4938.07,636,8,6666.75,Risque moyen,0.577300597317396,0.3602111489771708,Revenu moyen
5498,22,M,Postgrado,Norte,3634.3,7908.0,681,6,12545.98,Risque faible,2.715910312556524,0.04775518959523983,Revenu élevé
5500,43,M,Universitario,Norte,2207.06,5542.69,640,6,6140.6,Risque moyen,0.7203723345108577,-0.35173591565615003,Revenu moyen
5503,66,F,Primaria,Oriente,1278.22,2709.75,531,5,3928.32,Risque moyen,-1.0734794201511553,-0.9630122373522585,Revenu faible
5504,44,F,Postgrado,Centro,3749.45,7526.65,656,8,14862.73,Risque faible,2.648881108768631,0.815380054600954,Revenu élevé
5505,66,M,Secundaria,Centro,4999.06,7421.43,733,9,17920.43,Risque faible,3.852527235905825,1.3204127993354868,Revenu élevé
5506,29,F,Tecnico,Centro,2493.85,3974.52,639,6,7861.91,Risque moyen,0.6785770845811734,-0.375951935739968,Revenu moyen
5507,24,F,Universitario,Norte,1979.8,3889.32,521,10,1939.77,Risque moyen,-1.1061300822840903,0.9196340025881149,Revenu moyen
5509,27,M,Postgrado,Centro,1448.95,2286.91,445,9,2773.86,Risque élevé,-1.9662915385808162,0.47163476463421566,Revenu faible
5510,51,F,Secundaria,Occidente,1586.85,3009.87,627,5,4915.48,Risque moyen,-0.21489994924702083,-0.9370929543182194,Revenu moyen
5511,42,M,Secundaria,Occidente,2042.68,3500.35,614,5,6556.76,Risque moyen,0.17123913320096326,-0.8222608635025069,Revenu moyen
5512,52,M,Primaria,Centro,1672.8,4777.81,550,8,5177.21,Risque moyen,-0.41808601698237713,0.2868692748607636,Revenu moyen
5513,33,M,Universitario,Centro,2289.72,5195.74,614,7,5671.21,Risque moyen,0.4177047337076794,-0.0053096427821401225,Revenu moyen
5519,43,F,Tecnico,Norte,3187.0,6018.5,653,9,7549.53,Risque faible,1.2638050398775946,0.8679512867607287,Revenu élevé
5520,60,M,Tecnico,Centro,1715.96,3210.37,597,8,3139.99,Risque moyen,-0.6647562711560028,0.13291141880978533,Revenu moyen
5521,72,F,Universitario,Sur,3103.8,4526.14,604,7,12106.35,Risque moyen,1.2172486420092863,0.18342679368119708,Revenu élevé
5522,56,M,Tecnico,Occidente,1300.26,2626.04,523,10,5486.4,Risque moyen,-1.2816121079376201,0.8608969122760636,Revenu faible
5523,44,M,Secundaria,Centro,907.76,737.96,482,8,3176.79,Risque élevé,-2.198810799745315,-0.034858449619689896,Revenu faible
5524,46,M,Postgrado,Centro,2604.68,6242.36,651,7,7866.84,Risque faible,1.213988693753708,0.11836134013459826,Revenu moyen
5525,64,M,Secundaria,Centro,1896.13,4036.69,600,7,4788.07,Risque moyen,-0.16517185077822716,-0.12367787789469908,Revenu moyen
5526,55,M,Secundaria,Norte,608.47,942.97,407,6,600.5,Risque élevé,-2.8610296688172157,-0.79111360867455,Revenu faible
5527,37,M,Primaria,Inconnue,1305.22,2400.49,574,6,5086.52,Risque moyen,-0.8183409289358541,-0.6139733365247421,Revenu faible
5528,44,M,Postgrado,Oriente,4504.17,9488.06,672,9,16450.21,Risque faible,3.5740595079108037,1.387272583169095,Revenu élevé
5529,58,F,Tecnico,Norte,1249.28,1052.77,492,7,4687.22,Risque élevé,-1.713212376711749,-0.31198412211053067,Revenu faible
5531,37,F,Tecnico,Oriente,1919.78,3882.53,549,8,5400.2,Risque moyen,-0.48770659437779057,0.26399952286642386,Revenu moyen
5533,36,M,Postgrado,Sur,3053.89,5384.9,700,2,11692.4,Risque faible,2.213196620066874,-1.6119548406526425,Revenu élevé
5534,37,M,Secundaria,Centro,1476.82,2302.89,528,7,1376.93,Risque moyen,-1.4813118826454053,-0.308853819421274,Revenu faible
5536,64,F,Tecnico,Centro,1606.91,2784.6,590,9,5720.76,Risque moyen,-0.6392675351250853,0.5168893674705033,Revenu moyen
5538,47,F,Universitario,Inconnue,2759.66,4259.1,607,8,6385.74,Risque moyen,0.38503164758727415,0.36205391895857597,Revenu moyen
5539,70,F,Primaria,Sur,2965.62,3183.95,638,4,8665.94,Risque moyen,0.9095758660754125,-1.0733285262554917,Revenu moyen
5541,39,F,Universitario,Norte,4389.83,7988.44,626,2,16258.51,Risque moyen,3.3556717616801577,-1.1971682335835427,Revenu élevé
5544,32,F,Postgrado,Oriente,4895.5,9250.68,680,6,17215.39,Risque faible,4.000159307100201,0.3518009596712883,Revenu élevé
5546,27,M,Tecnico,Centro,605.83,289.01,474,10,2569.26,Risque élevé,-2.6543558170820423,0.6153416177033388,Revenu faible
5547,26,M,Universitario,Norte,3790.92,6390.28,743,9,14466.3,Risque faible,2.8341261242009264,1.0629036394649052,Revenu élevé
5548,50,M,Universitario,Oriente,2821.59,5178.51,627,9,5303.18,Risque moyen,0.5497661053194451,0.7453528132584871,Revenu moyen
5549,49,M,Tecnico,Sur,1421.76,3094.44,583,6,6383.45,Risque moyen,-0.43658817544250206,-0.5373709222123003,Revenu faible
5550,65,M,Secundaria,Occidente,1479.4,1597.18,534,8,3512.03,Risque moyen,-1.437804196072962,0.05361017625037609,Revenu faible
5551,23,M,Universitario,Centro,2801.72,4974.39,651,3,10542.27,Risque faible,1.552118431201707,-1.3061624857025649,Revenu moyen
5553,53,F,Primaria,Sur,1571.1,1836.26,493,7,3740.82,Risque élevé,-1.504143739776621,-0.2577320782873971,Revenu moyen
5555,46,F,Tecnico,Oriente,1805.46,2209.81,548,10,6078.21,Risque moyen,-0.9511208875045679,0.8870448431035379,Revenu moyen
5556,21,F,Primaria,Norte,787.63,992.06,470,10,1234.46,Risque élevé,-2.5900541046925154,0.6450555904960854,Revenu faible
5557,18,F,Tecnico,Sur,2422.5,2776.48,543,8,6719.73,Risque moyen,-0.4121243310550238,0.2803234489852961,Revenu moyen
5558,36,F,Primaria,Sur,1063.17,2154.98,449,8,3411.55,Risque élevé,-2.003772166896435,0.08226167429678587,Revenu faible
5561,27,F,Universitario,Sur,2422.2,4470.62,572,10,8164.2,Risque moyen,0.14064017148724664,1.1132418204515337,Revenu moyen
5562,70,F,Universitario,Centro,2324.76,5032.57,675,6,8877.11,Risque faible,1.1482213364599831,-0.32398764530693586,Revenu moyen
5563,32,F,Tecnico,Centro,1022.6,2168.09,435,5,1078.35,Risque élevé,-2.152316474237544,-1.0399883428773604,Revenu faible
5564,39,M,Secundaria,Oriente,2437.81,4676.06,623,5,9741.66,Risque moyen,0.9651244429182988,-0.6485005922858352,Revenu moyen
5565,68,M,Universitario,Norte,3410.94,6767.22,586,5,11624.67,Risque moyen,1.789922443517851,-0.37530125346000925,Revenu élevé
5567,38,M,Secundaria,Sur,1029.91,1941.47,450,7,3393.77,Risque élevé,-1.9963457076103583,-0.2917063985451477,Revenu faible
5568,73,M,Universitario,Norte,1950.16,5269.34,620,9,8838.52,Risque moyen,0.5270076524510078,0.7506219043917738,Revenu moyen
5569,39,M,Secundaria,Sur,2699.0,4975.76,607,10,8313.21,Risque moyen,0.584428331094288,1.1565234257251173,Revenu moyen
5570,53,F,Tecnico,Centro,2718.67,4225.09,663,7,8091.31,Risque faible,0.9277696096782486,0.011953901266742364,Revenu moyen
5571,51,M,Postgrado,Oriente,3704.91,6948.22,630,8,10023.4,Risque moyen,1.8580314999447436,0.6799166430135287,Revenu élevé
5573,42,F,Tecnico,Inconnue,2212.01,3951.63,579,6,4741.44,Risque moyen,-0.11722335159154147,-0.44767118879311846,Revenu moyen
5574,62,M,Tecnico,Sur,2020.26,4231.94,704,9,8724.17,Risque faible,0.8189624324815418,0.6567699405588491,Revenu moyen
5575,45,F,Secundaria,Norte,1292.82,1896.14,492,6,2142.67,Risque élevé,-1.7150260834555446,-0.6740276131379314,Revenu faible
5576,18,M,Universitario,Oriente,4147.26,5180.33,632,8,16162.14,Risque moyen,2.3099025479706494,0.7574507640176535,Revenu élevé
5577,66,M,Universitario,Sur,2298.91,3999.47,678,8,7511.68,Risque faible,0.6710533341697863,0.29657987566328653,Revenu moyen
5578,62,F,Secundaria,Oriente,2654.52,5172.22,662,7,6483.49,Risque faible,0.9307716467954201,0.024853401255802883,Revenu moyen
5580,24,M,Postgrado,Oriente,2167.26,4757.62,599,6,5874.78,Risque moyen,0.2688878749392945,-0.3885958039331571,Revenu moyen
5581,66,M,Tecnico,Centro,1076.86,1671.9,518,7,2715.84,Risque moyen,-1.7033464634250828,-0.34878980827566103,Revenu faible
5582,26,F,Secundaria,Norte,1402.35,2908.06,546,12,4392.09,Risque moyen,-1.2812169750068017,1.5670253331129598,Revenu faible
5583,53,M,Secundaria,Centro,1564.57,2619.57,589,8,5124.18,Risque moyen,-0.6965347996970298,0.13268334382763297,Revenu moyen
5585,18,F,Primaria,Occidente,760.0,1241.13,466,10,1428.69,Risque élevé,-2.552409656363851,0.6630518991797081,Revenu faible
5587,53,F,Universitario,Occidente,3426.64,7502.63,562,8,8424.93,Risque moyen,1.295193708021155,0.6800089279531516,Revenu élevé
5588,26,M,Tecnico,Oriente,3975.84,9194.26,652,10,14501.54,Risque faible,2.911127426073846,1.6424056029396417,Revenu élevé
5590,63,M,Primaria,Sur,2697.32,3419.77,670,4,10208.43,Risque faible,1.1941786833344592,-1.0647673824142723,Revenu moyen
5593,49,F,Secundaria,Sur,1703.15,2643.5,485,9,4486.56,Risque élevé,-1.3734928730335474,0.5372456236393037,Revenu moyen
5594,23,F,Secundaria,Centro,625.66,2125.16,520,5,1206.41,Risque moyen,-1.813795868358067,-1.1156753493273819,Revenu faible
5596,55,M,Secundaria,Norte,1663.44,2103.44,565,7,6977.48,Risque moyen,-0.6531348074566805,-0.19268785487954826,Revenu moyen
5597,34,F,Postgrado,Oriente,2368.14,5332.41,616,9,8578.91,Risque moyen,0.6646318251480784,0.7900499629364901,Revenu moyen
5603,52,M,Secundaria,Occidente,952.01,1821.94,479,5,2123.68,Risque élevé,-1.8889355838516317,-1.0629595107116179,Revenu faible
5604,69,F,Universitario,Centro,2385.32,4566.18,637,7,4559.22,Risque moyen,0.34540000380260677,-0.06818214411448859,Revenu moyen
5606,42,F,Universitario,Centro,1978.76,3917.01,673,7,7032.8,Risque faible,0.5038837966966475,-0.10485783945998585,Revenu moyen
5607,45,M,Secundaria,Oriente,962.17,1183.88,386,13,2798.42,Risque élevé,-2.99775665197527,1.8186773262640807,Revenu faible
5611,46,F,Secundaria,Oriente,2402.2,3999.2,628,5,7283.13,Risque moyen,0.5839157714448778,-0.7489566826081046,Revenu moyen
5615,36,F,Secundaria,Occidente,1278.67,1796.4,595,4,6591.04,Risque moyen,-0.5544554684960251,-1.342104882635335,Revenu faible
5616,73,F,Secundaria,Oriente,1098.85,1998.46,551,4,1907.34,Risque moyen,-1.3263224401138236,-1.4335962249454317,Revenu faible
5617,45,M,Tecnico,Oriente,1859.64,3696.95,481,4,5097.96,Risque élevé,-0.7333019106613861,-1.1589892198869371,Revenu moyen
5618,34,F,Primaria,Oriente,921.71,2474.1,489,7,1209.74,Risque élevé,-1.9233417689880863,-0.3380636338045041,Revenu faible
5620,74,M,Secundaria,Centro,1360.72,2519.31,547,9,1915.23,Risque moyen,-1.4418402463930524,0.41137884963745486,Revenu faible
5621,58,F,Universitario,Centro,4110.1,7856.33,669,4,11848.13,Risque faible,2.886278431554952,-0.6353991503875365,Revenu élevé
5622,59,M,Tecnico,Inconnue,726.14,80.85,480,8,3606.11,Risque élevé,-2.381546400595671,-0.07965886217408957,Revenu faible
5627,56,F,Tecnico,Oriente,2299.47,4727.55,553,5,3463.48,Risque moyen,-0.13797707102650533,-0.7691060178511893,Revenu moyen
5628,66,F,Secundaria,Sur,2563.83,3627.95,559,2,6647.79,Risque moyen,0.2889710105756037,-1.8110821215056905,Revenu moyen
5629,70,M,Secundaria,Norte,1393.0,2854.13,581,8,6499.93,Risque moyen,-0.624300821562988,0.16462636465442204,Revenu faible
5630,40,M,Tecnico,Centro,1472.27,2622.68,530,6,3659.14,Risque moyen,-1.1069445272871081,-0.5976301752256303,Revenu faible
5631,64,M,Secundaria,Sur,1194.83,2233.3,556,9,3356.91,Risque moyen,-1.3707453319566971,0.407523337667464,Revenu faible
5633,69,M,Secundaria,Norte,1037.63,2990.73,483,6,1340.21,Risque élevé,-1.7249170059400247,-0.6489833015766348,Revenu faible
5634,64,M,Secundaria,Sur,2195.36,3556.21,586,8,4472.16,Risque moyen,-0.3193876823936012,0.23371769374774537,Revenu moyen
5635,50,F,Universitario,Occidente,1175.29,1263.74,495,11,3041.48,Risque élevé,-2.1006149130266683,1.0849166134221833,Revenu faible
5636,74,M,Universitario,Occidente,2480.03,3279.64,572,2,7809.17,Risque moyen,0.3758905786193618,-1.8188612202231522,Revenu moyen
5637,63,F,Secundaria,Norte,840.23,0.0,415,9,1691.14,Risque élevé,-2.9925625006869354,0.27006765151396905,Revenu faible
5640,65,F,Secundaria,Oriente,1705.34,2027.6,567,11,6502.74,Risque moyen,-0.9386341965492269,1.225551313280693,Revenu moyen
5641,51,F,Universitario,Centro,1863.64,3143.7,546,9,5364.93,Risque moyen,-0.7514483087452105,0.57393856126728,Revenu moyen
5642,57,M,Secundaria,Oriente,2133.54,4387.13,567,8,5472.78,Risque moyen,-0.17821419180687242,0.3071653287847632,Revenu moyen
5643,28,M,Universitario,Oriente,681.92,1148.34,434,15,500.0,Risque élevé,-3.2007108106412296,2.431483366562057,Revenu faible
5644,67,M,Secundaria,Sur,1528.08,2857.68,629,6,7278.37,Risque moyen,-0.07986616657619877,-0.5414385155503804,Revenu moyen
5646,75,M,Tecnico,Oriente,2396.31,4972.2,667,7,9367.27,Risque faible,1.1060407673073487,0.051581059929598785,Revenu moyen
5648,28,F,Secundaria,Occidente,1183.75,1342.84,441,5,1576.41,Risque élevé,-2.173498193774798,-1.0639122167076642,Revenu faible
5649,33,F,Universitario,Centro,1766.32,2741.78,616,7,3799.83,Risque moyen,-0.5010175576415496,-0.24065888416136333,Revenu moyen
5650,35,M,Secundaria,Centro,2223.66,4025.51,574,4,7442.96,Risque moyen,0.2761391997668243,-1.0940988528694373,Revenu moyen
5651,47,M,Universitario,Inconnue,1697.96,3630.41,632,5,5926.96,Risque moyen,0.09619705895403537,-0.8699157078867322,Revenu moyen
5652,65,M,Tecnico,Oriente,1703.96,3339.84,545,9,5113.14,Risque moyen,-0.8082581371112401,0.564847996000726,Revenu moyen
5654,27,F,Postgrado,Norte,3170.72,6028.04,677,8,10827.64,Risque faible,1.7992050430324997,0.5726801275544331,Revenu élevé
5655,35,F,Universitario,Occidente,2322.31,5544.78,522,12,5909.6,Risque moyen,-0.3240347651573729,1.8526708636678926,Revenu moyen
5658,53,M,Postgrado,Centro,9830.65,17417.99,715,4,34166.21,Risque faible,9.861171670144971,0.9479328249932565,Revenu élevé
5659,30,M,Universitario,Norte,1046.56,1730.31,482,10,500.0,Risque élevé,-2.3303412450967795,0.6905302026700103,Revenu faible
5660,73,F,Tecnico,Sur,1338.81,1059.93,639,9,2312.4,Risque moyen,-1.1781244054380449,0.29225556124453816,Revenu faible
5662,20,F,Primaria,Sur,1895.46,1204.78,578,7,3291.84,Risque moyen,-1.0485267836890797,-0.3118314743494103,Revenu moyen
5663,27,F,Primaria,Inconnue,1789.93,2003.58,545,9,8278.28,Risque moyen,-0.7306450784047843,0.5671213694842522,Revenu moyen
5664,55,F,Tecnico,Centro,2946.68,5572.72,669,7,11579.81,Risque faible,1.7018461212428715,0.1879646147280361,Revenu moyen
5665,18,M,Primaria,Norte,1125.93,1235.69,547,9,5662.79,Risque moyen,-1.4271611867814207,0.39929577781241515,Revenu faible
5666,72,M,Tecnico,Sur,3334.86,4417.71,676,11,8927.47,Risque faible,1.1381082157933162,1.52517481510074,Revenu élevé
5667,73,F,Secundaria,Centro,1216.25,2243.89,570,7,2345.23,Risque moyen,-1.2560486604001717,-0.33412718489280596,Revenu faible
5668,44,F,Primaria,Occidente,1820.44,2044.51,537,8,6396.24,Risque moyen,-0.8869965362022513,0.1758931263290434,Revenu moyen
5669,63,F,Secundaria,Sur,1702.11,3904.96,569,11,6120.86,Risque moyen,-0.5696169679605443,1.3245454019003122,Revenu moyen
5674,34,M,Universitario,Centro,2266.7,3306.85,626,5,5933.39,Risque moyen,0.23035620625263453,-0.8316179446311739,Revenu moyen
5675,26,F,Universitario,Oriente,1404.31,2043.82,536,7,4575.83,Risque moyen,-1.1910574034138475,-0.2620768372047259,Revenu faible
5678,42,M,Secundaria,Sur,1944.73,3616.68,525,8,5856.93,Risque moyen,-0.6279598786675918,0.2720921777387508,Revenu moyen
5679,56,M,Secundaria,Oriente,1351.19,2408.36,513,12,1724.14,Risque moyen,-1.8764616322507464,1.4877276086022173,Revenu faible
5680,66,F,Universitario,Oriente,3575.59,6270.41,616,4,10531.23,Risque moyen,1.8801445928227047,-0.7841962563215599,Revenu élevé
5681,45,M,Secundaria,Centro,880.84,835.56,489,10,1899.13,Risque élevé,-2.4042966331101305,0.6513394741281735,Revenu faible
5682,50,M,Secundaria,Centro,740.5,746.33,455,6,3119.89,Risque élevé,-2.306571079681767,-0.7545855606695732,Revenu faible
5683,71,M,Secundaria,Sur,2022.72,2926.04,603,12,6177.4,Risque moyen,-0.4998667740817321,1.641897165374326,Revenu moyen
5684,54,M,Postgrado,Oriente,4962.67,8147.45,718,6,19005.04,Risque faible,4.2017104948469255,0.3175961509447045,Revenu élevé
5685,26,F,Secundaria,Sur,1674.86,3067.2,537,9,3190.3,Risque moyen,-1.122606908971421,0.5064058792687018,Revenu moyen
5686,35,M,Tecnico,Centro,1193.65,1575.1,544,5,6016.38,Risque moyen,-1.0583832643894413,-0.9955037185795841,Revenu faible
5687,73,M,Secundaria,Centro,2159.48,3467.4,616,10,7460.85,Risque moyen,0.00512277617088324,0.9943391412972933,Revenu moyen
5688,38,M,Secundaria,Inconnue,1923.17,4581.89,559,7,7075.33,Risque moyen,-0.04483835429998494,-0.019338880069304485,Revenu moyen
5689,19,M,Universitario,Sur,1371.67,2851.64,547,4,5316.53,Risque moyen,-0.7052935168007014,-1.2792703714481486,Revenu faible
5690,75,F,Primaria,Norte,1565.38,3465.05,581,10,6242.29,Risque moyen,-0.5743333434311854,0.9257858527949052,Revenu moyen
5691,60,M,Tecnico,Norte,1988.74,4477.27,685,9,8053.8,Risque faible,0.6771882430941324,0.6613868144090356,Revenu moyen
5692,55,M,Tecnico,Occidente,1936.57,4800.64,613,11,6671.16,Risque moyen,0.03339662901306186,1.3914515625124058,Revenu moyen
5695,53,F,Tecnico,Centro,1441.59,2182.06,511,4,2282.46,Risque moyen,-1.3412325241683096,-1.3638011377961718,Revenu faible
5696,67,M,Secundaria,Norte,1176.7,1446.92,548,6,1734.6,Risque moyen,-1.57105813062103,-0.7455674735321351,Revenu faible
5698,54,F,Primaria,Centro,1114.17,1194.94,495,12,1620.12,Risque élevé,-2.3490805255059466,1.40054245992684,Revenu faible
5700,45,F,Universitario,Oriente,4808.14,8814.47,702,8,15778.81,Risque faible,3.7282872357225,0.990948307683487,Revenu élevé
5701,35,M,Universitario,Sur,2624.6,3811.12,613,7,11499.64,Risque moyen,0.8564322009139583,0.07853599314558339,Revenu moyen
5702,51,M,Secundaria,Oriente,1513.64,1946.79,543,11,3648.54,Risque moyen,-1.4699356686343796,1.1488810208537088,Revenu moyen
5704,28,F,Secundaria,Norte,1469.69,2095.84,519,10,2538.23,Risque moyen,-1.6493848393380883,0.7814693984307385,Revenu faible
5706,74,M,Universitario,Occidente,4266.01,7720.66,675,7,16594.52,Risque faible,3.2576117235935613,0.548887918012315,Revenu élevé
5707,30,M,Universitario,Oriente,4775.69,8338.47,643,3,15931.79,Risque moyen,3.5948800228876125,-0.7975668536140441,Revenu élevé
5708,21,F,Universitario,Centro,2020.69,3437.31,594,3,8235.18,Risque moyen,0.3282788029394472,-1.496207000536778,Revenu moyen
5710,24,F,Universitario,Occidente,3071.52,6524.96,673,5,9902.4,Risque faible,1.9320604179765284,-0.4997863280029218,Revenu élevé
5711,60,M,Universitario,Centro,3391.53,5817.55,683,5,13418.69,Risque faible,2.335478321386933,-0.4353135429018695,Revenu élevé
5712,71,M,Secundaria,Norte,2812.11,4949.36,625,6,8960.65,Risque moyen,1.0483618995362,-0.2579664437444048,Revenu moyen
5713,41,F,Secundaria,Occidente,2197.94,2919.79,677,6,8562.94,Risque faible,0.6271372323536255,-0.4665590496598308,Revenu moyen
5714,21,M,Secundaria,Oriente,1736.02,3501.19,563,9,3760.94,Risque moyen,-0.7935702207910219,0.5385905969008148,Revenu moyen
5718,72,F,Tecnico,Sur,2347.81,4504.83,668,5,8396.78,Risque faible,1.0180181622706432,-0.7176597146885848,Revenu moyen
5720,31,M,Secundaria,Centro,771.07,1812.84,417,14,1571.65,Risque élevé,-2.9502456046816348,2.152809980953853,Revenu faible
5721,55,F,Primaria,Occidente,997.18,3228.14,453,7,3337.92,Risque élevé,-1.7254535197399712,-0.22284805310293207,Revenu faible
5722,67,F,Postgrado,Centro,2482.05,5389.16,649,6,5664.38,Risque moyen,0.8066826913085536,-0.349241191999726,Revenu moyen
5723,74,M,Primaria,Norte,1751.53,3176.92,559,10,5893.38,Risque moyen,-0.722955251408464,0.9288407259092593,Revenu moyen
5724,18,F,Universitario,Centro,2004.37,4107.24,645,6,3489.19,Risque moyen,0.08889814325696149,-0.5164539348116006,Revenu moyen
5726,55,M,Primaria,Oriente,1505.25,1658.4,561,7,1432.95,Risque moyen,-1.4060879296676472,-0.357093485083147,Revenu moyen
5727,38,F,Universitario,Oriente,2614.91,4813.1,653,8,8670.68,Risque faible,0.947198009251635,0.41131755512099094,Revenu moyen
5729,46,M,Tecnico,Occidente,1105.44,892.25,493,11,3158.35,Risque élevé,-2.208253849034232,1.060264836269391,Revenu faible
5730,22,M,Tecnico,Inconnue,2254.0,2689.05,568,6,7047.55,Risque moyen,-0.19524838474609627,-0.45978473320089164,Revenu moyen
5731,66,F,Secundaria,Norte,1494.07,2449.37,483,8,2346.56,Risque élevé,-1.6708171277663753,0.1010225476017382,Revenu faible
5733,45,M,Universitario,Norte,1371.61,2343.46,529,4,2817.58,Risque moyen,-1.175403157182165,-1.357120602541122,Revenu faible
5735,67,F,Primaria,Centro,7971.63,14306.76,737,8,29620.44,Risque faible,7.838982787617933,1.9079957534498417,Revenu élevé
5738,62,F,Tecnico,Centro,1574.15,3836.19,520,13,2535.35,Risque moyen,-1.418904788238658,1.9645071592316212,Revenu moyen
5739,64,F,Primaria,Centro,1150.0,3291.96,528,10,1793.25,Risque moyen,-1.5528707772764856,0.7994492279175353,Revenu faible
5740,37,M,Secundaria,Centro,983.77,2605.85,458,9,3626.24,Risque élevé,-1.9288722503044795,0.4592017411660581,Revenu faible
5741,36,F,Primaria,Oriente,819.8,2091.73,433,8,500.0,Risque élevé,-2.511732161193499,-0.0032126981143632953,Revenu faible
5745,18,F,Secundaria,Oriente,1196.75,508.8,471,2,3936.77,Risque élevé,-1.7385417476091056,-2.143878584723894,Revenu faible
5746,21,M,Universitario,Oriente,2300.35,3880.68,666,2,6675.53,Risque faible,0.8649877956479592,-1.8690783736818046,Revenu moyen
5749,73,F,Tecnico,Sur,1205.07,1235.43,564,6,1636.14,Risque moyen,-1.519993727362679,-0.7645511217141305,Revenu faible
5750,59,F,Universitario,Oriente,5406.14,8883.18,752,12,19411.15,Risque faible,4.409488117896647,2.541803106585426,Revenu élevé
5751,40,M,Universitario,Centro,835.75,2601.52,413,6,2198.38,Risque élevé,-2.215432606219789,-0.6398833700988192,Revenu faible
5752,42,M,Universitario,Sur,3809.7,6662.2,616,3,13414.25,Risque moyen,2.419272115606916,-1.0315699640772125,Revenu élevé
5756,41,M,Secundaria,Norte,938.4,2403.76,511,7,3409.89,Risque moyen,-1.5760077941874242,-0.300720718527286,Revenu faible
5758,62,M,Primaria,Centro,1043.92,2050.04,549,10,2469.38,Risque moyen,-1.6673320308272814,0.7231728274686056,Revenu faible
5760,63,F,Tecnico,Occidente,3339.87,5880.89,624,8,11603.67,Risque moyen,1.6064237838177235,0.6216688517453917,Revenu élevé
5761,49,M,Tecnico,Norte,3464.22,5757.54,751,8,11195.77,Risque faible,2.3375766928189496,0.5599870983374279,Revenu élevé
5763,49,F,Universitario,Norte,2844.69,5145.61,611,8,8637.67,Risque moyen,0.8630381053713404,0.4706533567551653,Revenu moyen
5764,22,M,Tecnico,Sur,2736.33,5423.53,600,5,9912.6,Risque moyen,1.1303073666796046,-0.5624987224863017,Revenu moyen
5767,59,M,Secundaria,Occidente,4527.69,8097.52,685,6,14336.37,Risque faible,3.336225055683332,0.1825646059510076,Revenu élevé
5768,66,M,Primaria,Centro,752.89,1638.93,513,9,3018.25,Risque moyen,-1.9688985395747234,0.34264263650660864,Revenu faible
5772,33,M,Primaria,Norte,952.23,2168.45,479,9,1584.8,Risque élevé,-2.1206894867227915,0.37524177599384895,Revenu faible
5775,38,M,Tecnico,Centro,1365.98,1335.0,500,11,5420.44,Risque moyen,-1.7323325336127855,1.158746656540314,Revenu faible
5776,26,F,Primaria,Centro,1831.0,2103.07,562,8,3285.14,Risque moyen,-1.0424099696653368,0.0987186778422904,Revenu moyen
5777,23,F,Universitario,Oriente,1540.57,1892.73,565,4,1633.2,Risque moyen,-1.1101380372549037,-1.4101213546764542,Revenu moyen
5778,68,M,Universitario,Norte,2071.84,4103.87,564,14,5301.74,Risque moyen,-0.6741267181652771,2.427757365606778,Revenu moyen
5781,56,F,Tecnico,Norte,1537.85,2821.89,586,4,2243.65,Risque moyen,-0.728173373711885,-1.3521689930846577,Revenu moyen
5782,39,F,Universitario,Sur,1817.94,4060.62,563,6,5302.96,Risque moyen,-0.29510122641624803,-0.45901919585659134,Revenu moyen
5783,58,F,Universitario,Norte,3058.96,5916.32,732,8,11757.72,Risque faible,2.147971042704736,0.551818973105714,Revenu élevé
5784,71,M,Secundaria,Oriente,1182.28,1584.71,512,8,7547.66,Risque moyen,-1.2796729573675107,0.12569095640848207,Revenu faible
5785,22,F,Secundaria,Norte,1161.77,2640.79,544,10,5729.89,Risque moyen,-1.187730342395177,0.8446035588638168,Revenu faible
5786,59,F,Postgrado,Norte,2848.9,4716.47,639,7,9247.11,Risque moyen,1.0636576196441112,0.08978110977122676,Revenu moyen
5787,40,F,Secundaria,Norte,1379.84,2372.76,580,5,4925.75,Risque moyen,-0.7117831243196102,-0.9723715113093829,Revenu faible
5788,34,M,Postgrado,Oriente,2499.79,3787.88,673,8,8718.9,Risque faible,0.8045471044891541,0.33299886864423145,Revenu moyen
5790,40,M,Secundaria,Centro,3006.1,5646.64,645,8,11052.07,Risque moyen,1.4844363241842085,0.5543552717194429,Revenu élevé
5791,33,F,Tecnico,Centro,2559.92,4374.51,664,3,6776.64,Risque faible,1.014077342972308,-1.4549552844407352,Revenu moyen
5792,20,F,Universitario,Sur,2208.92,4239.71,629,5,6584.88,Risque moyen,0.48842729196598944,-0.7696695792518494,Revenu moyen
5793,47,M,Secundaria,Norte,1087.21,2030.15,441,9,500.0,Risque élevé,-2.4285952096442975,0.3726729513329211,Revenu faible
5794,74,F,Primaria,Occidente,2193.63,4195.23,652,6,8397.33,Risque faible,0.7314947899887699,-0.38552100914500664,Revenu moyen
5795,39,M,Tecnico,Occidente,2209.91,4595.76,676,4,6310.37,Risque faible,0.875141970399141,-1.1338625114596044,Revenu moyen
5796,26,F,Postgrado,Centro,2388.39,4551.31,657,5,6601.67,Risque faible,0.7958270710809602,-0.746722798735764,Revenu moyen
5797,46,M,Tecnico,Centro,2281.2,3450.34,592,4,5903.54,Risque moyen,0.1261833038413868,-1.1648570330424186,Revenu moyen
5798,64,F,Secundaria,Occidente,1624.09,1533.29,503,6,3917.97,Risque moyen,-1.4067135035799974,-0.6283101767639868,Revenu moyen
5799,54,F,Secundaria,Centro,1632.29,3546.36,528,7,4118.59,Risque moyen,-0.8715404294026136,-0.1599765105142113,Revenu moyen
5800,40,M,Universitario,Occidente,3525.74,5897.11,693,6,10710.34,Risque faible,2.126710173617195,-0.12606131327430367,Revenu élevé
5801,30,M,Primaria,Norte,1468.91,3537.7,470,7,5256.72,Risque élevé,-1.1660107010683474,-0.12421878537223541,Revenu faible
5802,49,M,Tecnico,Centro,2681.68,3650.8,681,9,9114.68,Risque faible,0.876618201327846,0.7053025388348358,Revenu moyen
5804,69,F,Secundaria,Centro,2055.78,3601.81,617,4,8951.79,Risque moyen,0.5241746182247856,-1.1199118501875742,Revenu moyen
5805,64,F,Secundaria,Centro,4512.08,8208.69,740,7,18195.89,Risque faible,4.010539533813984,0.6075746161031175,Revenu élevé
5806,65,F,Secundaria,Sur,2685.66,5593.73,623,10,8566.35,Risque moyen,0.8299282465542245,1.1895971551610998,Revenu moyen
5808,62,M,Secundaria,Norte,789.45,1380.87,467,8,1170.81,Risque élevé,-2.406116243588316,-0.047455955412082564,Revenu faible
5810,72,F,Secundaria,Sur,888.97,126.73,514,4,2173.4,Risque moyen,-2.0009132140744037,-1.5394407911127954,Revenu faible
5812,38,M,Tecnico,Oriente,2473.55,5098.18,589,7,7472.53,Risque moyen,0.5115450404899616,0.058525862402771904,Revenu moyen
5815,23,F,Tecnico,Norte,1074.06,1183.09,489,10,2285.0,Risque élevé,-2.2104124748603424,0.6986253280145693,Revenu faible
5817,35,M,Secundaria,Norte,2060.07,3318.28,556,13,6108.56,Risque moyen,-0.7472669920588162,2.0453631920592135,Revenu moyen
5818,47,F,Secundaria,Norte,1094.55,2365.87,510,11,2444.46,Risque moyen,-1.8738009139517566,1.1208669368879163,Revenu faible
5822,47,M,Primaria,Inconnue,944.69,2321.34,483,5,500.0,Risque élevé,-1.929293492448213,-1.0732080690944121,Revenu faible
5824,60,F,Secundaria,Norte,823.79,2139.07,520,6,500.0,Risque moyen,-1.8631554475438261,-0.7543836380220154,Revenu faible
5825,49,M,Secundaria,Sur,2482.23,4982.86,653,6,9039.12,Risque faible,1.0905902433371801,-0.2982959054718215,Revenu moyen
5831,64,F,Universitario,Centro,3605.93,5569.22,748,8,13730.66,Risque faible,2.599348346646865,0.6212257476728256,Revenu élevé
5832,68,M,Tecnico,Norte,2310.92,4481.27,668,4,7401.56,Risque faible,0.9579685492662142,-1.1026059377657704,Revenu moyen
5834,51,M,Primaria,Sur,2234.85,3503.97,616,13,7536.27,Risque moyen,-0.1353990746091925,2.078052795807836,Revenu moyen
5835,26,M,Primaria,Sur,741.3,287.01,411,4,500.0,Risque élevé,-2.80638639939807,-1.5356890000434833,Revenu faible
5836,59,M,Primaria,Oriente,1517.7,3137.22,564,2,1828.31,Risque moyen,-0.716867003926834,-2.0504320051571696,Revenu moyen
5838,28,M,Secundaria,Centro,2204.3,4037.48,668,6,9035.94,Risque faible,0.8622129366832567,-0.3864156026787724,Revenu moyen
5840,56,M,Secundaria,Norte,1933.04,3038.47,642,7,6228.88,Risque moyen,0.03373135541038279,-0.16436485676571327,Revenu moyen
5843,71,F,Tecnico,Norte,3618.67,7086.33,629,4,8883.21,Risque moyen,1.9783455683235456,-0.7758927994287955,Revenu élevé
5844,36,F,Secundaria,Centro,3742.99,6453.95,641,10,12597.92,Risque moyen,1.9731902567630464,1.4232723339590632,Revenu élevé
5845,71,F,Primaria,Occidente,552.55,2043.13,495,7,3888.29,Risque élevé,-1.8584944594875044,-0.340388856163554,Revenu faible
5846,32,M,Universitario,Sur,1971.82,3583.27,579,10,4097.04,Risque moyen,-0.6116162528116638,0.923787969001625,Revenu moyen
5848,41,M,Universitario,Inconnue,1787.0,2876.34,591,4,6647.8,Risque moyen,-0.13118666012031885,-1.2279640277120054,Revenu moyen
5849,25,M,Tecnico,Occidente,1840.61,3432.14,650,8,5786.54,Risque faible,0.01775078731646783,0.1936158819869158,Revenu moyen
5850,60,F,Universitario,Centro,3074.05,5815.04,674,6,13499.6,Risque faible,2.0953073213676587,-0.10227137308466273,Revenu élevé
5852,64,M,Secundaria,Centro,2084.81,2821.44,593,8,6538.37,Risque moyen,-0.2679499061024967,0.22413847563280037,Revenu moyen
5853,50,F,Tecnico,Norte,1313.42,3381.39,528,4,500.0,Risque moyen,-1.2235247857395783,-1.3544325738914673,Revenu faible
5855,36,F,Secundaria,Oriente,1983.61,1961.34,524,5,7435.3,Risque moyen,-0.6188943129223621,-0.8567426681560856,Revenu moyen
5856,20,M,Primaria,Oriente,989.87,1403.11,563,6,500.0,Risque moyen,-1.6967758740982068,-0.8005732557770541,Revenu faible
5859,64,F,Postgrado,Norte,5255.52,9680.19,701,8,18234.11,Risque faible,4.344568671134236,1.1397272216311198,Revenu élevé
5860,59,M,Tecnico,Inconnue,2003.36,4283.8,598,4,3991.4,Risque moyen,0.025868659768099486,-1.1889445311667977,Revenu moyen
5861,18,F,Universitario,Occidente,3418.49,7284.96,676,5,11876.85,Risque faible,2.458215696726311,-0.37937627323115575,Revenu élevé
5863,67,F,Tecnico,Occidente,924.89,2513.48,541,7,954.05,Risque moyen,-1.6339500661915827,-0.36466258120955547,Revenu faible
5864,51,M,Secundaria,Centro,1636.71,2310.36,562,7,5022.66,Risque moyen,-0.8387432292740379,-0.22607645301664045,Revenu moyen
5865,68,M,Secundaria,Occidente,1139.55,1198.7,553,9,3317.33,Risque moyen,-1.6347521457175753,0.3427322440934102,Revenu faible
5866,30,F,Universitario,Sur,2467.0,4454.43,619,6,7824.78,Risque moyen,0.6475697212719673,-0.3425270458501053,Revenu moyen
5867,71,F,Postgrado,Sur,4187.87,8129.97,712,6,15024.02,Risque faible,3.4307255665972773,0.15544683924522903,Revenu élevé
5869,51,F,Postgrado,Oriente,2156.72,3803.52,636,8,7384.58,Risque moyen,0.3100198852118582,0.2876988760588172,Revenu moyen
5872,64,F,Tecnico,Oriente,3632.17,6385.79,754,8,13057.73,Risque faible,2.749555865768944,0.6531534214058384,Revenu élevé
5874,65,F,Universitario,Oriente,3193.85,6212.4,659,7,10120.72,Risque faible,1.731941432249236,0.22012679062565046,Revenu élevé
5876,70,M,Secundaria,Centro,1325.83,2461.11,547,6,2137.37,Risque moyen,-1.2584654312561034,-0.6630043662459029,Revenu faible
5877,46,F,Secundaria,Inconnue,1607.22,2954.97,591,7,6447.58,Risque moyen,-0.3975745486679941,-0.172362139929651,Revenu moyen
5878,56,M,Tecnico,Centro,2643.33,5362.53,607,4,7819.39,Risque moyen,0.9673956933654799,-0.9829331739155095,Revenu moyen
5879,41,F,Universitario,Sur,3245.91,6592.35,616,8,10605.33,Risque moyen,1.568418820277486,0.6349921755002595,Revenu élevé
5880,43,F,Universitario,Occidente,1396.77,1575.59,603,5,3525.3,Risque moyen,-0.8820433526091584,-1.0589794240608612,Revenu faible
5881,34,M,Universitario,Centro,2748.38,6139.45,647,10,8313.46,Risque moyen,1.08699443227002,1.2106929222701421,Revenu moyen
5884,22,F,Secundaria,Sur,2398.38,3412.52,573,2,6974.74,Risque moyen,0.29020712350996886,-1.838251881197858,Revenu moyen
5885,43,M,Universitario,Centro,5266.32,9219.58,751,4,16568.29,Risque faible,4.624648622810273,-0.3763784415317701,Revenu élevé
5886,66,M,Primaria,Norte,1353.97,3576.88,522,3,4858.53,Risque moyen,-0.6906283584753669,-1.5955822440053786,Revenu faible
5887,20,F,Secundaria,Norte,1396.41,3430.81,506,6,3852.4,Risque moyen,-1.0887477095998015,-0.5428409643512286,Revenu faible
5888,24,M,Secundaria,Centro,1756.66,3529.1,607,4,4522.12,Risque moyen,-0.12957512377688207,-1.248264587597506,Revenu moyen
5889,75,M,Primaria,Oriente,2282.65,2131.83,560,5,4924.68,Risque moyen,-0.5038372852836331,-0.8913098813607377,Revenu moyen
5890,66,F,Secundaria,Centro,1463.45,2060.13,510,3,739.92,Risque moyen,-1.4596681936999838,-1.7607718329218807,Revenu faible
5892,70,F,Postgrado,Norte,4097.02,7031.51,624,8,12658.2,Risque moyen,2.274461408302946,0.7843764812182181,Revenu élevé
5894,66,F,Universitario,Norte,3010.85,6058.0,630,6,7052.36,Risque moyen,1.1997656572475368,-0.22013909359094874,Revenu élevé
5896,60,M,Universitario,Centro,2444.13,2956.84,698,5,6699.57,Risque faible,0.7325274946974161,-0.85008576225739,Revenu moyen
5897,42,M,Tecnico,Occidente,1620.54,2622.16,512,11,3871.22,Risque moyen,-1.4417628849307504,1.2172092978677986,Revenu moyen
5898,20,F,Universitario,Centro,4069.98,6711.75,619,4,14259.58,Risque moyen,2.5803268096476497,-0.6285631539117283,Revenu élevé
5900,46,F,Tecnico,Centro,1891.89,3341.63,549,9,5877.57,Risque moyen,-0.6274490088408011,0.5983429709004888,Revenu moyen
5901,70,F,Universitario,Inconnue,1628.84,3127.97,569,6,6615.06,Risque moyen,-0.4016616300614235,-0.5041526348545471,Revenu moyen
5903,49,M,Tecnico,Occidente,2056.41,3083.59,667,8,8676.03,Risque faible,0.43056784051295605,0.25164084807711096,Revenu moyen
5904,43,M,Secundaria,Norte,1888.46,3141.79,561,7,4703.44,Risque moyen,-0.5961533972222527,-0.1606469585416493,Revenu moyen
5905,33,F,Universitario,Sur,2514.44,4626.81,580,7,6226.91,Risque moyen,0.2479242567275691,0.010992017264955222,Revenu moyen
5907,71,M,Primaria,Occidente,1331.29,1940.69,557,7,2942.34,Risque moyen,-1.2874851715132534,-0.3213908843492712,Revenu faible
5909,26,F,Universitario,Norte,3705.19,6514.22,669,5,13038.52,Risque faible,2.4926046445140466,-0.36732179029480194,Revenu élevé
5910,73,F,Universitario,Sur,2965.26,4154.92,630,6,11497.94,Risque moyen,1.2337949865715232,-0.2343219140347513,Revenu moyen
5911,73,F,Postgrado,Centro,2275.25,3056.86,623,8,7690.0,Risque moyen,0.15613568540039785,0.2684662428604973,Revenu moyen
5912,18,F,Secundaria,Oriente,1986.85,3429.58,659,5,7528.27,Risque faible,0.49743732389359635,-0.8299796095227492,Revenu moyen
5914,74,F,Secundaria,Norte,2430.82,5313.54,721,10,9803.03,Risque faible,1.3677621571618628,1.1329078021440484,Revenu moyen
5915,39,M,Secundaria,Oriente,845.79,239.56,479,5,500.0,Risque élevé,-2.4352134760704542,-1.201519051446854,Revenu faible
5917,58,M,Tecnico,Occidente,2254.94,5185.39,526,10,5652.56,Risque moyen,-0.30617158254086374,1.1026678069298903,Revenu moyen
5920,68,M,Primaria,Norte,2009.28,3343.63,668,5,8559.0,Risque faible,0.6473373325175,-0.8135767266454837,Revenu moyen
5921,71,F,Tecnico,Occidente,1737.56,4581.09,579,7,4317.93,Risque moyen,-0.28781600769136423,-0.10840685419918954,Revenu moyen
5926,36,M,Universitario,Centro,2754.69,5322.29,628,7,9595.21,Risque moyen,1.1237127689192017,0.1287416556231149,Revenu moyen
5927,36,F,Secundaria,Oriente,1314.76,3496.89,537,6,3818.99,Risque moyen,-0.9298496336155093,-0.5615010136588724,Revenu faible
5933,28,M,Universitario,Centro,1979.18,3342.36,653,4,4828.17,Risque faible,0.22579898079302238,-1.251667677294067,Revenu moyen
5935,63,F,Universitario,Occidente,1981.1,4164.72,617,4,5458.32,Risque moyen,0.2537079683186196,-1.1733632707806816,Revenu moyen
5936,47,M,Secundaria,Inconnue,714.47,1026.2,441,12,1837.02,Risque élevé,-2.8471181031494184,1.3818714342747858,Revenu faible
5937,74,F,Universitario,Sur,2478.11,4119.7,683,6,7388.04,Risque faible,0.9130247960314641,-0.39955171363391656,Revenu moyen
5938,57,M,Universitario,Centro,2191.78,3529.11,593,5,6088.66,Risque moyen,0.06795050022971491,-0.807510943026596,Revenu moyen
5939,35,F,Postgrado,Centro,2000.88,3168.59,569,6,6503.35,Risque moyen,-0.24925092435432947,-0.46886208166772947,Revenu moyen
5943,49,F,Universitario,Centro,1221.46,1617.98,527,8,851.22,Risque moyen,-1.8553438751256668,-0.0267635984096425,Revenu faible
5944,25,F,Primaria,Occidente,1361.67,1798.1,526,6,5867.93,Risque moyen,-1.124646168740036,-0.6042466063971011,Revenu faible
5945,39,F,Tecnico,Centro,1164.37,3264.98,509,7,5966.64,Risque moyen,-1.0485556463356738,-0.1705629953768126,Revenu faible
5946,23,M,Secundaria,Norte,938.21,1753.98,543,6,2816.05,Risque moyen,-1.5239465039367155,-0.7238025972327732,Revenu faible
5947,29,M,Postgrado,Norte,3063.48,4927.08,578,7,9155.9,Risque moyen,0.8295561342200232,0.14783776457220715,Revenu élevé
5948,64,M,Primaria,Oriente,1279.99,2377.79,553,7,2599.23,Risque moyen,-1.2750308944752058,-0.30689622988126,Revenu faible
5949,74,M,Tecnico,Oriente,2401.27,3251.38,650,9,7344.5,Risque faible,0.3108612165850848,0.6293603420163226,Revenu moyen
5950,57,F,Tecnico,Centro,2983.98,4427.98,713,5,11254.87,Risque faible,1.8253731932190804,-0.6171290591506835,Revenu moyen
5951,53,F,Universitario,Norte,1991.59,3095.18,606,8,7179.84,Risque moyen,-0.10651972552041872,0.23977091566373696,Revenu moyen
5952,32,F,Universitario,Centro,3066.88,6236.51,664,3,10274.21,Risque faible,1.979190071617196,-1.2196319232080925,Revenu élevé
5954,69,F,Tecnico,Inconnue,3221.96,6357.06,674,7,12662.23,Risque faible,2.1234479650721094,0.28188897682855224,Revenu élevé
5955,74,F,Postgrado,Centro,2396.74,4458.09,624,5,7346.35,Risque moyen,0.6618245543903637,-0.719644928469155,Revenu moyen
5956,66,F,Universitario,Norte,3184.54,4629.65,611,3,10040.32,Risque moyen,1.351961998093492,-1.2830013440095573,Revenu élevé
5957,62,F,Tecnico,Oriente,1290.42,3582.66,548,8,3196.0,Risque moyen,-1.0460334602376022,0.13725474415915695,Revenu faible
5958,35,F,Universitario,Sur,1574.68,1864.57,564,5,2790.61,Risque moyen,-1.0514441521190956,-1.0243221719911508,Revenu moyen
5959,19,F,Secundaria,Oriente,1166.87,1632.09,486,6,2277.59,Risque élevé,-1.8449957802727541,-0.695589618109091,Revenu faible
5961,62,M,Secundaria,Inconnue,2432.15,5015.84,674,5,5143.65,Risque faible,0.8628933587945147,-0.7562309396664662,Revenu moyen
5962,71,F,Secundaria,Occidente,1071.36,1429.87,502,12,2173.78,Risque moyen,-2.2191518823510985,1.4194455808188287,Revenu faible
5963,32,M,Universitario,Centro,1913.41,2746.66,650,10,4844.55,Risque faible,-0.31877806869607944,0.854660118924812,Revenu moyen
5964,37,M,Primaria,Centro,769.38,2067.12,523,4,500.0,Risque moyen,-1.758478770829754,-1.48022774033964,Revenu faible
5966,59,F,Secundaria,Oriente,1749.48,3657.85,554,8,3599.52,Risque moyen,-0.7617926925478011,0.19178928410438098,Revenu moyen
5968,20,M,Universitario,Sur,2479.86,4113.42,561,4,6513.46,Risque moyen,0.22979453128866728,-1.079742005360285,Revenu moyen
5969,36,M,Tecnico,Centro,1919.98,3808.02,545,11,3186.54,Risque moyen,-0.9416270268900554,1.2841669705514247,Revenu moyen
5974,72,M,Universitario,Norte,1584.9,1617.3,506,3,3007.23,Risque moyen,-1.2936288359964205,-1.7218169580884677,Revenu moyen
5976,69,F,Universitario,Sur,3085.16,4641.03,659,5,12166.33,Risque faible,1.6885644523936916,-0.5502260189879759,Revenu élevé
5977,28,M,Secundaria,Centro,2016.37,3396.89,637,2,6544.58,Risque moyen,0.45988425425249674,-1.9140990289283388,Revenu moyen
5978,75,F,Secundaria,Occidente,507.43,459.82,404,7,1688.13,Risque élevé,-2.974078301090268,-0.4452499301725688,Revenu faible
5979,48,M,Primaria,Sur,1000.04,1193.84,472,7,867.95,Risque élevé,-2.2970340963771787,-0.40489083385147706,Revenu faible
5980,60,M,Primaria,Centro,426.02,907.7,415,10,500.0,Risque élevé,-3.1578483924233343,0.613852353337863,Revenu faible
5981,49,M,Universitario,Centro,5858.65,9740.82,771,7,20029.97,Risque faible,5.267824060401684,0.8522471384405037,Revenu élevé
5982,44,M,Primaria,Centro,1276.47,0.0,589,7,4258.41,Risque moyen,-1.398208122566078,-0.42377645013779136,Revenu faible
5983,47,F,Primaria,Centro,839.43,1161.56,438,6,1967.5,Risque élevé,-2.3956094978548816,-0.7394812489337279,Revenu faible
5984,60,F,Postgrado,Norte,3236.44,5177.49,703,7,9755.62,Risque faible,1.7518478727136648,0.13613325945482802,Revenu élevé
5985,19,F,Tecnico,Norte,1705.55,2709.32,525,5,6336.32,Risque moyen,-0.6833690337293148,-0.865175411399484,Revenu moyen
5986,66,M,Primaria,Sur,3061.54,4865.01,582,8,7792.55,Risque moyen,0.6367051027178706,0.4690053202424045,Revenu élevé
5987,26,F,Postgrado,Sur,2932.85,5673.31,645,7,10855.24,Risque moyen,1.501802988304951,0.1869021280987778,Revenu moyen
5988,45,M,Primaria,Sur,1313.14,2818.26,583,6,3335.26,Risque moyen,-0.8533103560804876,-0.6326358807036658,Revenu faible
5991,73,M,Tecnico,Occidente,3878.25,7504.27,654,6,15450.6,Risque faible,2.8714433797187477,0.12541091305224916,Revenu élevé
5993,65,M,Secundaria,Norte,2304.04,4035.07,652,3,5764.7,Risque faible,0.6608885549182494,-1.5164949852099323,Revenu moyen
5996,25,M,Universitario,Occidente,1484.48,3257.92,520,11,4552.85,Risque moyen,-1.246800993036715,1.2529037499317304,Revenu faible
5998,75,M,Secundaria,Inconnue,2134.92,4503.67,650,8,9584.67,Risque faible,0.7574717499353376,0.3696393905502858,Revenu moyen
5999,75,F,Secundaria,Sur,867.16,2021.12,484,8,1091.84,Risque élevé,-2.1461002305367334,-0.012369331235542187,Revenu faible
6000,54,M,Tecnico,Sur,2119.74,3324.67,534,7,5022.66,Risque moyen,-0.5869800251637227,-0.1086322755644829,Revenu moyen
6002,62,M,Secundaria,Oriente,911.16,2300.3,490,11,2155.33,Risque élevé,-2.1115872079610956,1.1020525625369857,Revenu faible
6003,56,F,Secundaria,Oriente,1577.75,3427.43,577,12,3052.72,Risque moyen,-1.0530375828602514,1.569624094422111,Revenu moyen
6004,49,F,Tecnico,Sur,3205.79,6289.3,649,7,10419.8,Risque moyen,1.7250775042182942,0.23698431663775688,Revenu élevé
6005,75,F,Postgrado,Centro,2489.98,4297.59,625,4,5260.95,Risque moyen,0.5210545377873622,-1.1252190482067521,Revenu moyen
6008,52,M,Tecnico,Norte,1772.79,4516.32,569,8,3720.62,Risque moyen,-0.46947412480851825,0.2397640133870983,Revenu moyen
6009,54,M,Universitario,Occidente,2826.28,4142.64,679,7,12227.49,Risque faible,1.4738957756752584,0.1037233665054569,Revenu moyen
6010,36,M,Universitario,Norte,2390.69,4062.0,558,10,5795.81,Risque moyen,-0.2845626634563428,1.0393163930196636,Revenu moyen
6011,61,M,Universitario,Norte,1138.06,1910.4,516,10,4521.23,Risque moyen,-1.6411966798284223,0.785283912589894,Revenu faible
6012,46,F,Universitario,Centro,4354.04,8501.17,680,8,14009.35,Risque faible,3.1613185467847913,0.8994088143962213,Revenu élevé
6013,24,M,Secundaria,Centro,1729.27,2485.16,516,4,4948.38,Risque moyen,-0.8538931082234702,-1.2607998902135307,Revenu moyen
6014,45,M,Secundaria,Occidente,1371.77,1835.01,559,7,4298.6,Risque moyen,-1.1420073741811025,-0.29390236517486906,Revenu faible
6015,26,F,Universitario,Norte,1483.36,3435.1,582,6,2805.25,Risque moyen,-0.711852084419093,-0.5921822674737394,Revenu faible
6016,45,F,Secundaria,Occidente,1281.13,2185.05,550,5,2302.77,Risque moyen,-1.2384974474911317,-1.0384485918603945,Revenu faible
6017,23,F,Secundaria,Norte,2140.99,4306.86,597,7,6187.86,Risque moyen,0.1202905305571484,-0.051685757582858316,Revenu moyen
6019,75,M,Universitario,Sur,1753.34,3715.04,637,7,4200.21,Risque moyen,-0.13555237448016055,-0.1858763048644867,Revenu moyen
6021,33,F,Postgrado,Inconnue,1573.66,3849.43,537,8,4441.95,Risque moyen,-0.8081355470726455,0.21283136330221705,Revenu moyen
6022,40,M,Secundaria,Sur,965.97,936.38,566,5,3519.76,Risque moyen,-1.4155529891267689,-1.1205685661885019,Revenu faible
6023,48,M,Universitario,Oriente,2146.39,2906.43,497,6,5508.35,Risque élevé,-0.7698433199986403,-0.4602742971535959,Revenu moyen
6025,38,M,Tecnico,Norte,1603.67,3857.64,569,6,5266.49,Risque moyen,-0.3959753437728242,-0.49473437101215817,Revenu moyen
6028,59,M,Postgrado,Occidente,2659.35,4388.1,610,6,7473.69,Risque moyen,0.6248000000963202,-0.3319236699617056,Revenu moyen
6031,39,M,Primaria,Norte,836.97,796.34,400,10,3521.65,Risque élevé,-2.788048719421195,0.7216189600909347,Revenu faible
6032,59,M,Primaria,Occidente,1454.03,2031.25,476,8,1687.48,Risque élevé,-1.8849595675193551,0.06121982933276193,Revenu faible
6033,29,F,Secundaria,Sur,3143.3,5583.68,639,8,9543.56,Risque moyen,1.3382167175438118,0.5323848143911736,Revenu élevé
6034,59,M,Tecnico,Norte,1903.67,2829.67,604,4,7169.45,Risque moyen,0.03765029438970048,-1.2136092092007746,Revenu moyen
6035,30,F,Secundaria,Sur,1249.11,1405.64,572,6,2964.13,Risque moyen,-1.2821698635275633,-0.7240690434723599,Revenu faible
6036,28,F,Secundaria,Norte,1732.25,3541.7,584,11,5254.62,Risque moyen,-0.634662284474819,1.2800272861441904,Revenu moyen
6037,71,F,Tecnico,Inconnue,2367.84,3799.46,607,6,5492.01,Risque moyen,0.1573581822715737,-0.4372769382612055,Revenu moyen
6040,57,M,Postgrado,Norte,2276.89,4332.32,639,12,8008.16,Risque moyen,0.3039204013751174,1.7728267497221935,Revenu moyen
6042,57,M,Secundaria,Sur,1529.18,2306.29,585,5,3788.26,Risque moyen,-0.7508746109713469,-0.9899529414511141,Revenu moyen
6043,62,F,Universitario,Sur,4238.37,7513.15,685,5,13890.14,Risque faible,3.1083434716641096,-0.24654374567667087,Revenu élevé
6044,19,F,Universitario,Oriente,2855.09,4969.61,600,9,11114.1,Risque moyen,0.9570574051442657,0.8799381893675338,Revenu moyen
6045,47,M,Universitario,Sur,1938.53,4652.55,585,7,7234.36,Risque moyen,0.145849623274394,-0.021886528617316835,Revenu moyen
6048,27,M,Postgrado,Occidente,4050.38,6017.96,646,7,16610.14,Risque moyen,2.6378029943157233,0.4430325214550855,Revenu élevé
6049,61,M,Postgrado,Centro,4440.07,8749.26,702,7,16032.94,Risque faible,3.649430298887776,0.6002615575538401,Revenu élevé
6050,28,F,Universitario,Centro,4196.07,7485.46,722,7,14232.13,Risque faible,3.212652152471741,0.45403236548130227,Revenu élevé
6051,32,M,Secundaria,Sur,1382.02,2741.7,512,7,850.94,Risque moyen,-1.5760281351619416,-0.2971387908035887,Revenu faible
6052,33,M,Universitario,Centro,1050.44,2514.62,540,6,5351.31,Risque moyen,-1.0733650119798748,-0.6103524225030568,Revenu faible
6053,34,M,Secundaria,Centro,813.8,861.62,507,10,500.0,Risque moyen,-2.4644513769807026,0.6067325777593301,Revenu faible
6054,43,F,Universitario,Oriente,2425.33,3743.61,628,6,10159.14,Risque moyen,0.7721202604392852,-0.3389915215290847,Revenu moyen
6055,19,F,Secundaria,Occidente,1269.64,2332.85,568,8,4689.91,Risque moyen,-1.0485127729347758,0.08758645709482887,Revenu faible
6057,29,F,Tecnico,Oriente,2799.24,4463.52,691,7,10177.22,Risque faible,1.3907668995780198,0.06800260216629155,Revenu moyen
6058,68,M,Primaria,Norte,1283.11,1891.02,596,12,3952.3,Risque moyen,-1.2974259901621688,1.46425409657984,Revenu faible
6059,43,M,Universitario,Sur,1371.22,3137.29,595,11,4629.45,Risque moyen,-0.870472523400076,1.2030889881026314,Revenu faible
6062,49,M,Secundaria,Norte,2024.85,2374.83,620,7,5580.28,Risque moyen,-0.26459049698884624,-0.1988451791356122,Revenu moyen
6063,66,M,Universitario,Oriente,1815.22,3058.06,640,7,4968.53,Risque moyen,-0.15242135594897638,-0.20204785851486104,Revenu moyen
6064,55,F,Tecnico,Oriente,7064.88,14168.83,638,10,25221.9,Risque moyen,6.272367731024138,2.4738456138213616,Revenu élevé
6065,74,M,Secundaria,Sur,727.55,954.81,487,12,1020.47,Risque élevé,-2.669936737931475,1.3398175061433357,Revenu faible
6067,20,M,Tecnico,Norte,2376.63,3394.8,580,9,4203.71,Risque moyen,-0.4032831465485423,0.5958390207496209,Revenu moyen
6070,47,F,Secundaria,Oriente,2004.64,3631.79,611,10,6858.16,Risque moyen,-0.1159471730115415,0.977737968698877,Revenu moyen
6074,49,M,Secundaria,Norte,2030.78,3560.24,599,6,5237.48,Risque moyen,-0.10719793202613624,-0.4854242652288427,Revenu moyen
6075,45,M,Secundaria,Oriente,1524.52,2476.13,542,13,2714.41,Risque moyen,-1.5799754683452454,1.8750766014672366,Revenu moyen
6077,75,F,Universitario,Norte,4007.15,6251.7,680,3,13233.26,Risque faible,2.7726912282753764,-1.0694452855545178,Revenu élevé
6079,30,F,Tecnico,Occidente,1272.84,1636.14,512,3,4266.23,Risque moyen,-1.2553451486726213,-1.7247108409652536,Revenu faible
6080,44,M,Secundaria,Centro,2134.12,4618.13,576,10,6204.61,Risque moyen,-0.1259323362340943,1.048240109792423,Revenu moyen
6084,27,M,Universitario,Norte,3119.93,6391.81,648,6,10744.62,Risque moyen,1.8009100589446136,-0.11503268658125779,Revenu élevé
6085,56,F,Primaria,Oriente,1001.0,3360.87,469,11,2284.02,Risque élevé,-1.959722186401672,1.184459977050147,Revenu faible
6086,70,M,Tecnico,Norte,3643.18,6566.61,629,8,9416.1,Risque moyen,1.6831912914224185,0.6386329210422808,Revenu élevé
6088,32,M,Universitario,Sur,1879.05,3986.09,620,6,6537.01,Risque moyen,0.17665948910239224,-0.4552766256542844,Revenu moyen
6089,21,F,Tecnico,Norte,1136.04,2654.43,568,5,4370.32,Risque moyen,-0.8814665138871973,-0.9864339320036877,Revenu faible
6090,49,F,Secundaria,Norte,879.25,0.0,557,1,2490.15,Risque moyen,-1.558834478002735,-2.63261363579832,Revenu faible
6091,40,F,Primaria,Sur,835.92,777.52,517,8,2413.69,Risque moyen,-2.092798450634702,-0.07241518552794805,Revenu faible
6092,72,M,Universitario,Centro,2023.39,4818.96,671,7,4847.43,Risque faible,0.47754723852877157,-0.09681401640850955,Revenu moyen
6094,41,M,Primaria,Oriente,452.43,645.45,428,9,577.03,Risque élevé,-3.055507712499381,0.2394879910983542,Revenu faible
6095,37,M,Tecnico,Oriente,1042.36,3452.83,469,12,1683.38,Risque élevé,-2.0471148658581417,1.5377247577969946,Revenu faible
6099,29,M,Tecnico,Norte,1574.25,3767.48,569,6,4794.24,Risque moyen,-0.4758300526446522,-0.5134400000799165,Revenu moyen
6100,50,F,Tecnico,Oriente,2388.59,4790.84,620,7,6127.23,Risque moyen,0.45528361519782323,-0.01175148034223086,Revenu moyen
6101,45,M,Tecnico,Centro,1532.59,2347.03,564,5,6846.65,Risque moyen,-0.5504646296480369,-0.9086822056250425,Revenu moyen
6102,25,F,Postgrado,Sur,4818.46,8681.86,689,7,15644.36,Risque faible,3.676693331079726,0.6294882118421414,Revenu élevé
6103,18,F,Primaria,Oriente,400.27,538.98,340,6,500.0,Risque élevé,-3.4380619501144594,-0.8064929517018817,Revenu faible
6104,54,F,Tecnico,Centro,1934.5,4207.6,646,2,6659.35,Risque moyen,0.662233056315042,-1.8763606858855937,Revenu moyen
6107,38,F,Tecnico,Oriente,2506.96,4130.38,675,7,10859.38,Risque faible,1.1740704426010877,0.04345248043674863,Revenu moyen
6108,49,M,Universitario,Norte,2904.19,6830.72,682,8,11022.08,Risque faible,1.9074267542998067,0.5959534438411256,Revenu moyen
6109,52,F,Primaria,Sur,644.14,498.47,387,7,500.0,Risque élevé,-3.130811330685591,-0.4491835671622377,Revenu faible
6110,32,F,Postgrado,Centro,3786.1,8514.15,718,6,15428.92,Risque faible,3.4213150700619255,0.14587569619087298,Revenu élevé
6111,22,M,Secundaria,Centro,1680.91,2882.83,571,9,500.0,Risque moyen,-1.2352301719408978,0.4201792657362402,Revenu moyen
6114,67,F,Tecnico,Oriente,2968.21,4391.34,665,8,11044.73,Risque faible,1.3195627008654178,0.4688036711068484,Revenu moyen
6115,65,M,Tecnico,Sur,2717.06,4502.58,610,4,9829.86,Risque moyen,1.0399608056820824,-0.9816642849468141,Revenu moyen
6116,23,M,Secundaria,Occidente,2714.88,5784.86,576,2,6798.49,Risque moyen,0.9245341517563047,-1.675889979208809,Revenu moyen
6118,73,M,Tecnico,Occidente,1510.43,648.44,595,11,4614.04,Risque moyen,-1.3413180790161292,1.0717259816843239,Revenu moyen
6119,63,F,Tecnico,Sur,1394.48,1062.79,633,8,7599.27,Risque moyen,-0.5844480768033219,0.062364088934534816,Revenu faible
6121,57,M,Universitario,Norte,1981.67,2781.57,637,3,5768.87,Risque moyen,0.17291310456329595,-1.613043530973903,Revenu moyen
6122,46,M,Tecnico,Sur,1707.83,3120.83,534,6,4757.86,Risque moyen,-0.7667714243069608,-0.5232641430561333,Revenu moyen
6123,24,M,Secundaria,Oriente,1217.26,2663.36,496,8,937.22,Risque élevé,-1.8091658919101132,0.0493359121198917,Revenu faible
6125,30,F,Universitario,Sur,3351.47,6332.85,624,4,12054.71,Risque moyen,2.003282624699561,-0.7711025098420548,Revenu élevé
6127,35,F,Universitario,Norte,4810.13,9923.03,684,8,16357.63,Risque faible,3.9175106561022557,1.0765888287156402,Revenu élevé
6128,19,F,Secundaria,Norte,2060.15,2945.76,577,10,6751.45,Risque moyen,-0.4491498855979257,0.9561498440621062,Revenu moyen
6131,50,M,Postgrado,Occidente,1773.83,2309.93,560,6,2443.02,Risque moyen,-0.9956640413332306,-0.6280100831335544,Revenu moyen
6132,71,M,Universitario,Centro,4504.86,7669.01,670,7,15262.27,Risque faible,3.1801874074415517,0.5407959198428314,Revenu élevé
6135,44,M,Universitario,Centro,2663.21,5309.35,623,10,8778.48,Risque moyen,0.7820747880870729,1.17576626952003,Revenu moyen
6136,37,M,Tecnico,Centro,1650.29,3825.91,445,7,3189.51,Risque élevé,-1.3885229247100506,-0.12569712377662925,Revenu moyen
6137,29,F,Tecnico,Norte,1304.72,4120.45,550,4,3039.29,Risque moyen,-0.6804736215674028,-1.2649213098696703,Revenu faible
6138,60,F,Secundaria,Norte,1488.45,3312.26,572,7,5536.77,Risque moyen,-0.5767181178037686,-0.1750058233494092,Revenu faible
6140,44,M,Universitario,Centro,1876.91,4845.76,535,8,6139.28,Risque moyen,-0.30801431825582304,0.33876127363944836,Revenu moyen
6142,27,M,Secundaria,Sur,1177.84,1673.75,623,7,3650.72,Risque moyen,-0.9470402340158645,-0.3651865412558261,Revenu faible
6144,62,F,Secundaria,Occidente,3770.92,7343.22,653,4,13263.04,Risque faible,2.6870849339398544,-0.6582896691772109,Revenu élevé
6146,52,M,Universitario,Occidente,2871.87,5481.62,584,5,9017.32,Risque moyen,1.0131476205074974,-0.5592474328864125,Revenu moyen
6147,48,F,Secundaria,Sur,2038.1,4019.58,645,6,5898.25,Risque moyen,0.3316699796767956,-0.4638664644623731,Revenu moyen
6148,32,M,Tecnico,Sur,2767.71,5569.47,588,8,7049.77,Risque moyen,0.622407864693391,0.462347547561077,Revenu moyen
6149,33,F,Secundaria,Norte,1011.75,2520.64,438,9,500.0,Risque élevé,-2.373810036690211,0.3952654734474562,Revenu faible
6151,66,F,Secundaria,Centro,1765.59,3529.23,637,9,3194.34,Risque moyen,-0.39803318018246264,0.49691952454063737,Revenu moyen
6152,52,M,Primaria,Norte,461.93,499.9,446,10,1413.88,Risque élevé,-2.953066430749173,0.6003382662665643,Revenu faible
6155,38,M,Universitario,Centro,2506.42,5287.19,595,7,6604.09,Risque moyen,0.5114784075357085,0.050285309508246966,Revenu moyen
6158,28,M,Universitario,Occidente,2213.8,4240.72,638,6,6947.63,Risque moyen,0.5183773933553297,-0.40742890673702753,Revenu moyen
6159,47,F,Secundaria,Centro,1251.53,1249.83,493,7,5264.66,Risque élevé,-1.605365160062044,-0.28774338212414435,Revenu faible
6160,65,F,Secundaria,Oriente,2622.2,5530.4,713,3,10875.37,Risque faible,1.9940031450182072,-1.3114174060328867,Revenu moyen
6161,70,M,Secundaria,Sur,1236.73,3042.86,578,4,4710.63,Risque moyen,-0.6008810418811017,-1.308695675653903,Revenu faible
6162,52,M,Universitario,Sur,2700.41,5229.61,720,5,10997.69,Risque faible,1.8916738416769074,-0.6066493865462809,Revenu moyen
6164,55,M,Universitario,Sur,3467.15,5962.73,646,6,10652.66,Risque moyen,1.8336967147209828,-0.10799061691269332,Revenu élevé
6169,66,F,Tecnico,Centro,2999.37,6586.47,609,7,6369.64,Risque moyen,1.0508250726354913,0.1609914252777024,Revenu moyen
6170,49,F,Primaria,Norte,3073.48,5986.24,621,7,7233.24,Risque moyen,1.1138200924123876,0.14737825196575977,Revenu élevé
6173,72,F,Secundaria,Norte,2441.97,4097.19,611,8,7500.02,Risque moyen,0.35604441356587746,0.34577394986287535,Revenu moyen
6175,60,M,Secundaria,Centro,1862.43,2383.51,638,7,2826.61,Risque moyen,-0.5072661739324557,-0.2841687156970707,Revenu moyen
6176,75,M,Universitario,Centro,5031.34,9142.82,727,8,18601.66,Risque faible,4.327852551558759,1.08381263989655,Revenu élevé
6179,33,F,Secundaria,Oriente,1552.37,2531.39,596,7,3223.63,Risque moyen,-0.8117091374451654,-0.277270487511003,Revenu moyen
6181,38,M,Postgrado,Sur,2992.99,4592.18,637,5,7859.82,Risque moyen,1.0682744473978454,-0.6492850559921963,Revenu moyen
6182,27,F,Universitario,Sur,1413.75,2436.29,581,10,2774.89,Risque moyen,-1.211498140603454,0.7733170950156792,Revenu faible
6184,42,M,Universitario,Sur,1717.09,2166.91,558,10,4210.52,Risque moyen,-1.1299546714070083,0.829416652183287,Revenu moyen
6185,21,F,Universitario,Occidente,1664.74,3388.03,611,5,6424.59,Risque moyen,-0.041510404959858575,-0.866432706530599,Revenu moyen
6188,60,F,Secundaria,Occidente,3022.6,6627.24,644,5,10875.32,Risque moyen,1.862543545509057,-0.46347489331976854,Revenu élevé
6189,19,M,Tecnico,Sur,1780.64,3679.87,614,6,3681.7,Risque moyen,-0.2576729211746854,-0.5442494248428823,Revenu moyen
6190,27,M,Tecnico,Norte,2438.17,4033.7,613,4,8792.69,Risque moyen,0.7354112008785251,-1.06022290678403,Revenu moyen
6191,60,F,Postgrado,Oriente,2293.62,5061.27,606,12,8883.06,Risque moyen,0.36099090304449194,1.8513096201600159,Revenu moyen
6193,37,F,Universitario,Oriente,1769.43,3384.24,493,8,3326.79,Risque élevé,-1.1983553102317688,0.19912063161011367,Revenu moyen
6196,40,M,Postgrado,Occidente,5520.18,8962.85,723,2,23179.89,Risque faible,5.31504891058261,-0.9201503441732819,Revenu élevé
6197,41,M,Universitario,Oriente,2292.76,5033.7,574,12,9959.49,Risque moyen,0.2769903882039119,1.888364265149801,Revenu moyen
6202,45,M,Tecnico,Norte,968.54,1587.85,599,5,5277.14,Risque moyen,-0.9018907329564275,-1.0576862774338394,Revenu faible
6204,22,F,Secundaria,Inconnue,2502.57,5950.48,622,8,7521.51,Risque moyen,0.8409585429908413,0.45452341700318216,Revenu moyen
6205,68,F,Tecnico,Occidente,2052.12,2792.35,559,9,5823.64,Risque moyen,-0.6236605895033748,0.5760523381239571,Revenu moyen
6206,38,M,Secundaria,Norte,802.24,2065.35,431,9,500.0,Risque élevé,-2.5989074155244896,0.35205280987740495,Revenu faible
6210,71,F,Universitario,Occidente,2259.95,3353.08,594,6,8327.26,Risque moyen,0.23226963277173093,-0.40349867102537923,Revenu moyen
6211,66,M,Secundaria,Oriente,2143.8,4473.02,716,6,6958.65,Risque faible,0.9984632680614536,-0.4354930095373095,Revenu moyen
6212,59,M,Primaria,Oriente,1102.03,1984.79,572,5,3095.59,Risque moyen,-1.144854768176277,-1.0591102741701348,Revenu faible
6217,28,M,Postgrado,Oriente,3798.81,5282.48,697,5,12315.56,Risque faible,2.3612277900635923,-0.4587494387441705,Revenu élevé
6218,49,M,Tecnico,Centro,1590.04,3154.64,537,8,5099.03,Risque moyen,-0.8810750070683587,0.18896692331483547,Revenu moyen
6220,35,F,Tecnico,Oriente,1694.45,4256.44,556,9,5126.11,Risque moyen,-0.5519540705405874,0.6124206552118585,Revenu moyen
6221,44,F,Secundaria,Centro,2630.07,2995.64,581,5,7354.11,Risque moyen,0.19711268671069374,-0.7626563733007339,Revenu moyen
6222,72,F,Secundaria,Sur,1211.6,1596.66,524,1,4989.44,Risque moyen,-1.01945225626307,-2.4370271031146524,Revenu faible
6223,71,M,Universitario,Oriente,2777.93,3948.49,685,7,9390.26,Risque faible,1.1566652661637291,0.021026366930942307,Revenu moyen
6224,35,M,Secundaria,Centro,1093.28,2139.78,590,11,4211.01,Risque moyen,-1.2702013686676794,1.1115618013696227,Revenu faible
6226,40,M,Tecnico,Sur,1855.77,3370.53,566,6,5672.11,Risque moyen,-0.36999440675408823,-0.4884253429223949,Revenu moyen
6228,38,F,Universitario,Sur,1305.45,3233.02,521,9,2857.83,Risque moyen,-1.3699115711957282,0.4804951465850639,Revenu faible
6229,61,F,Primaria,Centro,1917.72,3743.03,688,5,3529.89,Risque faible,0.29523836465134384,-0.9218296782527808,Revenu moyen
6230,22,F,Tecnico,Centro,595.24,5.56,379,12,1481.13,Risque élevé,-3.5144749429418107,1.331200495512862,Revenu faible
6233,42,F,Tecnico,Sur,2188.27,4140.39,513,8,6745.48,Risque moyen,-0.3947555244130659,0.35115155798250214,Revenu moyen
6234,58,F,Secundaria,Sur,1207.67,1659.1,610,1,4497.32,Risque moyen,-0.5523553696630046,-2.4836146743397705,Revenu faible
6235,71,F,Postgrado,Sur,2679.03,5650.97,641,5,10645.18,Risque moyen,1.4710199862877908,-0.5566701284088472,Revenu moyen
6236,27,M,Tecnico,Centro,1049.94,2362.5,521,10,500.0,Risque moyen,-1.9655023033833896,0.7099476060760409,Revenu faible
6237,39,F,Secundaria,Centro,567.21,1838.6,435,11,500.0,Risque élevé,-2.846485044643454,1.0298421339107322,Revenu faible
6239,18,M,Secundaria,Sur,1038.65,1298.99,535,10,2939.25,Risque moyen,-1.8628185664786943,0.6960530835651662,Revenu faible
6241,21,F,Primaria,Inconnue,986.83,2322.4,571,8,3399.09,Risque moyen,-1.2835965504517555,0.029496772284362788,Revenu faible
6242,18,M,Secundaria,Sur,979.67,2190.79,548,13,2331.39,Risque moyen,-1.8718377719445634,1.795244369109743,Revenu faible
6243,32,M,Universitario,Oriente,2483.61,5193.64,637,4,8294.24,Risque moyen,1.0902081878864358,-1.010717293163953,Revenu moyen
6244,57,M,Universitario,Occidente,2241.4,3826.12,572,8,10559.67,Risque moyen,0.2994729753643098,0.3976565402306984,Revenu moyen
6246,39,M,Tecnico,Occidente,5223.75,9317.13,654,6,16815.41,Risque faible,3.957196777890328,0.38960174199613,Revenu élevé
6247,39,M,Tecnico,Occidente,1984.15,2982.09,588,7,8338.35,Risque moyen,-0.05809822313912877,-0.09077380398441738,Revenu moyen
6248,67,F,Secundaria,Sur,2591.9,3590.63,673,5,8940.44,Risque faible,1.0114000852480443,-0.7373539579954012,Revenu moyen
6249,64,F,Secundaria,Norte,1657.1,1369.79,589,8,4581.53,Risque moyen,-0.9784320097931812,0.05678460412462441,Revenu moyen
6250,34,F,Tecnico,Sur,2185.81,4241.92,580,7,5775.44,Risque moyen,-0.01712234515041765,-0.05284903096070336,Revenu moyen
6252,63,F,Universitario,Norte,2388.37,3897.81,672,7,8049.32,Risque faible,0.7692180020782203,-0.04350161435627527,Revenu moyen
6253,31,F,Tecnico,Sur,1232.09,1601.9,493,4,1389.71,Risque élevé,-1.7491407472823435,-1.4294803634203943,Revenu faible
6254,67,F,Universitario,Oriente,4769.48,7366.81,638,8,18081.83,Risque moyen,3.265220788002327,0.9842038307694558,Revenu élevé
6256,67,M,Universitario,Centro,2826.67,6710.47,630,5,6478.21,Risque moyen,1.2647082460645562,-0.5704155826725826,Revenu moyen
6259,72,F,Secundaria,Oriente,2457.12,3475.54,630,4,7051.87,Risque moyen,0.5463982441963569,-1.1377755099352747,Revenu moyen
6260,60,F,Secundaria,Sur,4672.56,9057.79,704,6,17022.97,Risque faible,3.9877086967148325,0.3042173948764004,Revenu élevé
6261,32,M,Primaria,Sur,1218.74,3323.68,508,7,1748.78,Risque moyen,-1.4522370365258044,-0.2568680857692821,Revenu faible
6264,71,F,Tecnico,Norte,3381.08,5523.17,681,8,11324.99,Risque faible,1.8546055814356055,0.5729038845631592,Revenu élevé
6267,55,M,Secundaria,Centro,1772.64,3014.11,575,7,7291.46,Risque moyen,-0.32353186720820803,-0.1268900539316807,Revenu moyen
6268,20,M,Universitario,Sur,1328.76,2944.85,497,6,719.37,Risque élevé,-1.5944850003545967,-0.6442290270167692,Revenu faible
6269,45,F,Universitario,Centro,2924.3,5273.71,605,9,7257.97,Risque moyen,0.6839993264471078,0.8147497920513036,Revenu moyen
6271,43,F,Tecnico,Norte,876.29,1674.82,501,8,2298.38,Risque moyen,-1.9917996813389522,-0.011953943398120247,Revenu faible
6272,47,F,Universitario,Occidente,1082.81,1919.07,529,7,2432.35,Risque moyen,-1.6128648516923374,-0.34525290377514534,Revenu faible
6273,30,M,Universitario,Sur,2723.82,3656.58,668,5,8180.41,Risque faible,0.9730005253520102,-0.7358859966300698,Revenu moyen
6275,19,F,Universitario,Centro,1866.33,4679.0,557,11,5930.25,Risque moyen,-0.4272404922123245,1.3861632390271912,Revenu moyen
6276,54,F,Secundaria,Centro,2041.05,4055.02,699,9,5997.13,Risque faible,0.48082491339100497,0.5891037131335295,Revenu moyen
6277,66,M,Tecnico,Sur,1818.24,4714.65,653,6,6167.1,Risque faible,0.4618571253468811,-0.44205152502017575,Revenu moyen
6278,55,F,Secundaria,Sur,1272.68,1581.78,493,11,1534.31,Risque élevé,-2.1590456857368356,1.079468862263575,Revenu faible
6279,19,M,Tecnico,Occidente,868.9,1560.53,484,14,500.0,Risque élevé,-2.6786503820920537,2.093127237386241,Revenu faible
6280,53,F,Tecnico,Sur,3614.12,6347.54,641,6,10795.63,Risque moyen,1.9618265907959151,-0.06619185627279253,Revenu élevé
6281,71,F,Secundaria,Occidente,2279.98,3268.16,584,7,6538.19,Risque moyen,-0.08232552064440295,-0.08488323069308727,Revenu moyen
6282,43,M,Secundaria,Norte,1125.46,680.76,500,13,795.81,Risque moyen,-2.570996006450077,1.7084956843439327,Revenu faible
6283,28,M,Universitario,Occidente,1555.44,2008.18,599,10,5828.47,Risque moyen,-0.8237423096719813,0.8229250367983104,Revenu moyen
6284,25,F,Secundaria,Oriente,1126.59,2865.98,462,4,2450.1,Risque élevé,-1.5988870078047308,-1.3283326710036296,Revenu faible
6285,61,F,Primaria,Norte,801.85,1061.1,570,6,2915.69,Risque moyen,-1.5585769313965288,-0.7868678030297701,Revenu faible
6287,60,M,Tecnico,Sur,3082.21,5540.53,601,7,10108.92,Risque moyen,1.2005067564272487,0.19637554452961062,Revenu élevé
6288,39,F,Universitario,Norte,3763.86,6905.16,696,6,12245.13,Risque faible,2.6148693073250016,-0.011584374831560489,Revenu élevé
6289,37,F,Universitario,Oriente,3743.28,6496.88,649,6,11987.22,Risque moyen,2.216752615393754,-0.02188965992851878,Revenu élevé
6290,25,M,Secundaria,Oriente,809.1,1145.28,443,10,1614.96,Risque élevé,-2.668439114867229,0.6767380529242721,Revenu faible
6291,46,F,Secundaria,Centro,949.26,2026.85,532,9,3095.58,Risque moyen,-1.68501565950854,0.3770440242288917,Revenu faible
6292,57,M,Secundaria,Norte,2383.06,5593.01,620,5,9275.77,Risque moyen,1.071095987189681,-0.6097423656338693,Revenu moyen
6293,43,M,Postgrado,Occidente,4052.94,6802.74,669,3,12009.98,Risque faible,2.718279160454798,-1.05583583765127,Revenu élevé
6296,37,M,Tecnico,Centro,2238.29,3949.14,605,5,8760.17,Risque moyen,0.5211759611865828,-0.7237424146023621,Revenu moyen
6297,69,F,Universitario,Occidente,1269.14,811.4,610,7,2578.88,Risque moyen,-1.278166095187351,-0.4248529102450584,Revenu faible
6299,33,F,Secundaria,Centro,1465.78,3096.72,557,3,3250.78,Risque moyen,-0.7047897229862823,-1.6648560772173884,Revenu faible
6300,63,F,Tecnico,Centro,709.86,451.64,473,8,1886.23,Risque élevé,-2.5274923112698207,-0.09544057366404712,Revenu faible
6301,60,F,Tecnico,Centro,3053.75,5260.39,646,6,11041.33,Risque moyen,1.5522401337076965,-0.17932416307819,Revenu élevé
6302,24,F,Primaria,Norte,1457.3,3164.82,436,7,2334.54,Risque élevé,-1.749855807229227,-0.19769132547340093,Revenu faible
6304,62,F,Tecnico,Norte,1075.26,2060.94,536,6,2608.92,Risque moyen,-1.4641549410085284,-0.6944759156390753,Revenu faible
6305,64,M,Universitario,Sur,1643.94,2875.7,630,6,5575.09,Risque moyen,-0.19663698941963875,-0.5683017182055415,Revenu moyen
6306,73,M,Secundaria,Sur,407.88,806.84,388,5,1545.72,Risque élevé,-2.9258769874370074,-1.1457751042250872,Revenu faible
6307,65,F,Secundaria,Norte,2938.67,6552.9,599,3,9623.35,Risque moyen,1.5434610003385272,-1.1989657725007188,Revenu moyen
6308,44,M,Universitario,Occidente,2631.0,5195.65,651,5,8715.72,Risque faible,1.2152941047362218,-0.6357583579284791,Revenu moyen
6309,70,M,Tecnico,Centro,1752.61,1526.39,608,7,6561.94,Risque moyen,-0.5278334929346046,-0.24638865161007983,Revenu moyen
6310,40,F,Universitario,Norte,5462.94,9965.79,691,8,20066.94,Risque faible,4.620935275911772,1.2219844200864047,Revenu élevé
6311,41,M,Universitario,Occidente,1564.41,4227.53,587,4,5500.71,Risque moyen,-0.0790546510257684,-1.1949773909169341,Revenu moyen
6312,26,F,Primaria,Norte,1061.98,1950.62,461,5,1674.79,Risque élevé,-1.967759398646681,-1.0470627815843774,Revenu faible
6314,68,F,Secundaria,Centro,4024.91,6427.67,698,2,15064.81,Risque faible,3.1737822086393286,-1.3818210553610255,Revenu élevé
6315,37,F,Universitario,Norte,2087.84,3678.97,555,5,8941.06,Risque moyen,0.12550974414919785,-0.7271507640185493,Revenu moyen
6317,59,M,Primaria,Norte,2573.72,5929.9,619,9,7076.46,Risque moyen,0.740470667094098,0.8089707202270614,Revenu moyen
6319,64,F,Universitario,Oriente,1205.95,2133.78,500,13,3210.83,Risque moyen,-1.9816424064785916,1.8549909627394965,Revenu faible
6320,48,F,Universitario,Centro,2108.93,3791.52,599,8,8085.27,Risque moyen,0.14174628960165453,0.3149403315996495,Revenu moyen
6321,72,F,Universitario,Occidente,2464.65,5674.62,646,8,7265.91,Risque moyen,0.881660079134641,0.4183369000824544,Revenu moyen
6322,74,M,Secundaria,Centro,1715.25,3016.67,565,5,6772.36,Risque moyen,-0.3340832055989302,-0.8545810856063591,Revenu moyen
6323,25,F,Tecnico,Norte,2006.01,4521.02,613,9,6873.64,Risque moyen,0.14888951268908032,0.6713003002916471,Revenu moyen
6328,63,F,Tecnico,Sur,3479.2,7068.0,675,4,12536.92,Risque faible,2.5619367572700757,-0.7283653310067444,Revenu élevé
6332,72,F,Secundaria,Sur,1436.73,1601.46,529,6,5113.73,Risque moyen,-1.1947464235877927,-0.6268901222788978,Revenu faible
6333,29,F,Secundaria,Centro,1360.02,2013.1,487,11,2774.35,Risque élevé,-1.939226466282834,1.14352853555798,Revenu faible
6334,66,F,Secundaria,Norte,665.04,1169.65,439,5,1690.83,Risque élevé,-2.426701174536201,-1.1199064286109475,Revenu faible
6335,34,F,Secundaria,Occidente,1117.15,2263.6,454,9,3628.03,Risque élevé,-1.969077913757671,0.4539147794568395,Revenu faible
6336,59,F,Secundaria,Centro,948.52,2081.22,561,8,2849.46,Risque moyen,-1.4659428601271014,0.003940814848280891,Revenu faible
6339,36,M,Universitario,Centro,2897.41,5157.3,645,13,11992.64,Risque moyen,1.119484336207601,2.32472979383608,Revenu moyen
6340,63,M,Secundaria,Oriente,1060.93,1636.71,515,15,500.0,Risque moyen,-2.462452544959037,2.4594619122762182,Revenu faible
6341,28,M,Universitario,Norte,2058.72,4247.09,661,11,8480.83,Risque faible,0.43525955430981844,1.3903046519031088,Revenu moyen
6343,67,F,Postgrado,Centro,3025.45,5907.5,620,8,6315.32,Risque moyen,0.9145011565291256,0.4755053729006223,Revenu élevé
6345,61,M,Postgrado,Norte,3068.76,5029.07,694,2,9826.53,Risque faible,1.9171868027813377,-1.6706411191772768,Revenu élevé
6346,75,M,Universitario,Sur,3353.38,6293.3,659,8,12281.11,Risque faible,1.9749188077205875,0.6464239718668062,Revenu élevé
6351,41,F,Primaria,Centro,1567.88,3190.93,559,6,1956.9,Risque moyen,-0.9507213787232588,-0.6071049914047241,Revenu moyen
6352,27,F,Secundaria,Centro,1879.23,3729.7,544,8,4655.59,Risque moyen,-0.6428605879497653,0.23669404076738265,Revenu moyen
6353,49,F,Postgrado,Centro,3338.69,6143.55,678,2,12629.65,Risque faible,2.4595614515923794,-1.5097410124041093,Revenu élevé
6354,69,M,Secundaria,Centro,2411.12,3922.51,628,5,8032.9,Risque moyen,0.6483460082028224,-0.7356045620159941,Revenu moyen
6355,32,F,Secundaria,Centro,1478.58,2735.21,433,6,2058.17,Risque élevé,-1.8155344490166045,-0.5830334236353546,Revenu faible
6360,74,F,Secundaria,Norte,1899.01,2683.86,501,8,6619.77,Risque moyen,-0.9076119092672772,0.2417027235429001,Revenu moyen
6361,57,M,Universitario,Sur,2548.1,4622.26,642,6,9298.13,Risque moyen,1.0035351395761083,-0.302116419636099,Revenu moyen
6363,57,M,Universitario,Occidente,2780.88,4116.27,622,5,7743.03,Risque moyen,0.7786638309888753,-0.6929800100790668,Revenu moyen
6364,61,F,Postgrado,Oriente,1359.72,1854.09,531,8,4957.6,Risque moyen,-1.3025922437986566,0.091122434245774,Revenu faible
6365,73,F,Primaria,Oriente,1542.03,1660.2,495,8,5218.36,Risque élevé,-1.452646027745508,0.11935698443166026,Revenu moyen
6366,40,F,Universitario,Norte,1736.62,2097.3,607,7,5916.84,Risque moyen,-0.4856345091538683,-0.2289477016875337,Revenu moyen
6367,57,F,Secundaria,Sur,1392.57,3675.21,529,6,3663.87,Risque moyen,-0.922584816340016,-0.5436525377734487,Revenu faible
6368,28,F,Secundaria,Sur,1086.54,2799.77,490,9,500.0,Risque élevé,-1.9774871068710043,0.3951703789681835,Revenu faible
6371,46,F,Postgrado,Sur,2915.11,3745.46,604,5,7069.53,Risque moyen,0.5810735988552348,-0.7088044237743248,Revenu moyen
6372,47,F,Secundaria,Sur,1131.77,1811.34,468,8,3089.5,Risque élevé,-1.9692169300527915,0.05304720841587493,Revenu faible
6373,73,F,Primaria,Centro,912.56,2162.09,565,9,5243.69,Risque moyen,-1.2570216305921302,0.4150885163924259,Revenu faible
6374,27,M,Secundaria,Sur,1048.56,1790.97,496,9,3987.55,Risque élevé,-1.8138224818322195,0.40920012733708294,Revenu faible
6375,56,M,Tecnico,Norte,1058.13,2658.03,477,7,4570.69,Risque élevé,-1.5530693455180626,-0.23302598217203094,Revenu faible
6376,45,M,Universitario,Sur,1874.97,3031.67,595,7,7994.98,Risque moyen,-0.08721504642465033,-0.10921824788321077,Revenu moyen
6378,53,F,Secundaria,Norte,1017.64,2262.43,613,9,3419.16,Risque moyen,-1.096748937557028,0.3680744843607139,Revenu faible
6379,30,F,Secundaria,Oriente,1550.78,1720.99,550,6,4827.35,Risque moyen,-1.0276525303102186,-0.6250156099743,Revenu moyen
6380,49,F,Secundaria,Occidente,1931.48,3637.82,566,9,4335.58,Risque moyen,-0.6064114300619969,0.5767803193400786,Revenu moyen
6381,53,M,Primaria,Norte,1153.03,2198.13,425,2,584.37,Risque élevé,-2.0135914972783198,-2.1051848404118445,Revenu faible
6383,43,M,Primaria,Sur,545.18,2052.27,406,9,500.0,Risque élevé,-2.856060556469739,0.338045562593639,Revenu faible
6384,39,F,Universitario,Centro,3436.48,6736.89,664,3,11854.98,Risque faible,2.4017193723737584,-1.11966399308363,Revenu élevé
6385,21,M,Tecnico,Centro,3457.66,4956.86,658,5,11932.53,Risque faible,1.881066008533058,-0.5012467844307924,Revenu élevé
6386,48,F,Universitario,Inconnue,4583.13,7944.47,745,5,12444.07,Risque faible,3.548230140504681,-0.24837178042614352,Revenu élevé
6387,35,F,Postgrado,Occidente,3729.59,6155.73,677,2,11249.23,Risque faible,2.477711209077765,-1.502529332755155,Revenu élevé
6388,55,M,Postgrado,Centro,3894.17,6915.79,684,7,15252.48,Risque faible,2.847088116686718,0.4323999298385432,Revenu élevé
6389,41,M,Primaria,Norte,1086.3,1165.02,514,4,1462.13,Risque moyen,-1.7715603955582921,-1.4765182337924276,Revenu faible
6390,73,M,Postgrado,Sur,3151.5,4827.75,647,11,9222.72,Risque moyen,1.0081375954005944,1.5511955658370096,Revenu élevé
6391,40,F,Universitario,Sur,1724.05,2969.09,625,5,6228.57,Risque moyen,-0.04327144576697928,-0.8957986348860886,Revenu moyen
6392,39,M,Universitario,Oriente,1631.32,3000.81,577,10,4446.64,Risque moyen,-0.853024914175216,0.8663695965445438,Revenu moyen
6394,48,F,Primaria,Sur,1664.85,2246.28,556,6,3301.24,Risque moyen,-0.990080267057873,-0.6208877794561547,Revenu moyen
6395,72,F,Postgrado,Centro,4481.35,6799.56,658,7,13934.44,Risque faible,2.7792503082473896,0.4635383926122049,Revenu élevé
6397,45,F,Primaria,Norte,2126.15,3512.73,659,9,7532.77,Risque faible,0.32369788268839783,0.6184930862872082,Revenu moyen
6398,63,F,Secundaria,Occidente,4271.93,7212.08,768,7,16429.17,Risque faible,3.682553622263359,0.47437164580111596,Revenu élevé
6401,55,M,Universitario,Centro,2439.66,4811.57,651,5,3972.74,Risque faible,0.567230613831701,-0.783471894925808,Revenu moyen
6402,27,F,Secundaria,Sur,3006.26,6548.36,620,8,10326.14,Risque moyen,1.453959882498515,0.6014886430519862,Revenu élevé
6403,57,M,Secundaria,Occidente,1223.12,528.13,463,11,1481.85,Risque élevé,-2.584890064731373,1.0259802528299784,Revenu faible
6408,65,M,Secundaria,Norte,1319.14,2159.07,515,4,2444.07,Risque moyen,-1.3570844206063468,-1.3749525634160802,Revenu faible
6409,40,M,Secundaria,Centro,1895.63,5037.11,525,10,8034.11,Risque moyen,-0.2489861969080671,1.114106858254472,Revenu moyen
6411,18,M,Secundaria,Sur,1580.09,2609.69,543,5,2666.08,Risque moyen,-1.0276473047652692,-0.9739731855329751,Revenu moyen
6413,48,M,Primaria,Sur,2072.01,1684.76,571,7,3709.94,Risque moyen,-0.8714143748102688,-0.2545768837128777,Revenu moyen
6414,48,M,Secundaria,Oriente,2721.08,4985.43,609,4,8127.73,Risque moyen,0.9633569436854459,-0.9913141769105919,Revenu moyen
6415,59,M,Universitario,Norte,1938.67,3924.84,614,7,4832.12,Risque moyen,-0.08422137046584807,-0.13141309776139815,Revenu moyen
6418,59,M,Secundaria,Centro,1038.74,2079.52,517,8,1653.54,Risque moyen,-1.8102939585450866,0.005213541854558833,Revenu faible
6419,70,M,Tecnico,Centro,2834.8,6139.17,677,8,9338.2,Risque faible,1.5296791475236369,0.5134372220596741,Revenu moyen
6420,73,F,Tecnico,Occidente,1874.67,4468.62,598,8,6985.19,Risque moyen,0.06865181971758928,0.307448657900572,Revenu moyen
6421,51,F,Secundaria,Occidente,829.11,2012.2,500,11,1506.06,Risque moyen,-2.2146786246604173,1.058353178246481,Revenu faible
6422,26,M,Tecnico,Centro,2613.52,3894.93,683,5,10369.93,Risque faible,1.2904653370226247,-0.6898412801617039,Revenu moyen
6423,39,M,Tecnico,Norte,4637.59,8469.11,683,5,15497.03,Risque faible,3.6306806124229967,-0.11585112824500811,Revenu élevé
6424,30,F,Primaria,Sur,415.86,1405.53,428,9,500.0,Risque élevé,-2.9176231065101064,0.27832445222747637,Revenu faible
6425,42,M,Primaria,Sur,1377.98,2258.09,505,7,3084.82,Risque moyen,-1.4920856398266715,-0.2719143742314087,Revenu faible
6426,65,M,Tecnico,Sur,2122.71,4379.78,604,7,6425.09,Risque moyen,0.19364959615971025,-0.0469891773624661,Revenu moyen
6428,68,M,Postgrado,Oriente,5509.49,9462.54,729,13,20735.23,Risque faible,4.51346723592981,2.983090647283677,Revenu élevé
6429,29,F,Secundaria,Centro,894.8,1730.39,518,7,3528.49,Risque moyen,-1.6835237705205943,-0.3443828774158357,Revenu faible
6430,57,F,Universitario,Centro,2568.46,3528.2,593,7,5870.92,Risque moyen,0.0776366285258821,-0.06144575540338937,Revenu moyen
6431,34,F,Primaria,Inconnue,843.88,1721.19,520,3,2637.34,Risque moyen,-1.5364689470690516,-1.8010866701244772,Revenu faible
6432,32,F,Universitario,Occidente,1483.81,2098.07,537,14,6138.45,Risque moyen,-1.4175337727648194,2.286495233036465,Revenu faible
6433,59,M,Tecnico,Norte,2200.12,4422.62,608,10,5664.59,Risque moyen,-0.006956474239525659,1.0165868756881842,Revenu moyen
6435,32,M,Primaria,Centro,2094.47,5302.36,533,13,5073.96,Risque moyen,-0.5540264916200589,2.1506292472904196,Revenu moyen
6436,72,M,Primaria,Centro,1284.44,1493.5,513,7,3405.18,Risque moyen,-1.613179702564395,-0.3215142657624218,Revenu faible
6437,56,F,Tecnico,Occidente,2725.96,5592.09,661,6,7620.03,Risque faible,1.2228143200881159,-0.27542455715498876,Revenu moyen
6438,30,F,Primaria,Norte,1679.15,2902.89,519,9,6128.64,Risque moyen,-0.9599480109523713,0.5718094323866876,Revenu moyen
6439,34,M,Primaria,Occidente,2018.02,4049.04,609,2,5725.03,Risque moyen,0.34988715764223,-1.8820575655224792,Revenu moyen
6441,26,M,Primaria,Sur,1100.92,1821.8,448,13,3209.91,Risque élevé,-2.397640930811029,1.8502785720697863,Revenu faible
6443,37,M,Secundaria,Oriente,1582.61,2698.03,532,10,3800.88,Risque moyen,-1.2685687201790217,0.8498319931151659,Revenu moyen
6444,43,F,Secundaria,Occidente,1049.61,320.99,552,5,500.0,Risque moyen,-1.90336828761767,-1.2102289283726797,Revenu faible
6445,44,F,Secundaria,Occidente,2512.3,5189.36,659,9,6492.56,Risque faible,0.7333492836342956,0.7289833814333577,Revenu moyen
6446,38,F,Universitario,Oriente,1577.47,2872.78,534,2,657.03,Risque moyen,-1.0446941492452093,-2.0730376331086435,Revenu moyen
6448,30,M,Secundaria,Sur,1872.78,3265.93,582,8,3463.58,Risque moyen,-0.6425806382396411,0.16514553534814586,Revenu moyen
6449,33,F,Tecnico,Centro,2220.3,3642.42,553,7,6856.31,Risque moyen,-0.1776805549986614,-0.047731052783182785,Revenu moyen
6453,55,F,Secundaria,Sur,1427.3,1919.89,507,3,1918.98,Risque moyen,-1.4011023352534693,-1.7443456846619418,Revenu faible
6454,36,M,Secundaria,Oriente,1620.8,2958.5,544,10,3097.59,Risque moyen,-1.199018576731199,0.8472736135846269,Revenu moyen
6455,24,M,Tecnico,Norte,2439.93,5070.45,625,7,8413.85,Risque moyen,0.8000780979191403,0.05878767972404228,Revenu moyen
6456,74,M,Postgrado,Centro,3295.4,5455.38,658,4,11530.21,Risque faible,1.9401732113502361,-0.8544747151638663,Revenu élevé
6457,52,F,Universitario,Centro,2554.28,3446.51,656,8,6699.75,Risque faible,0.4476803589864885,0.28041362564746364,Revenu moyen
6459,35,F,Secundaria,Centro,2909.2,5577.78,592,5,8922.29,Risque moyen,1.0864200235120842,-0.5558636429833554,Revenu moyen
6460,33,M,Secundaria,Occidente,1774.51,4567.5,589,13,6105.22,Risque moyen,-0.4079201727764017,2.0756359479246513,Revenu moyen
6461,72,M,Universitario,Sur,2237.53,3639.19,667,8,7348.63,Risque faible,0.4876378465485306,0.2711089033241448,Revenu moyen
6462,56,F,Secundaria,Centro,2681.93,4854.77,634,7,8951.06,Risque moyen,0.9634709608108366,0.07744256685300824,Revenu moyen
6463,21,F,Tecnico,Centro,2039.85,4642.97,598,7,5341.85,Risque moyen,0.06834682559445909,-0.06141421944477096,Revenu moyen
6464,42,F,Secundaria,Inconnue,1657.19,2295.37,523,9,5205.47,Risque moyen,-1.1690600496764085,0.511829499333596,Revenu moyen
6465,49,M,Secundaria,Centro,1525.03,3190.06,524,5,4352.59,Risque moyen,-0.8663409889391224,-0.8989022494679623,Revenu moyen
6467,30,F,Universitario,Centro,4845.74,9216.76,747,3,18394.13,Risque faible,4.674883206861118,-0.7311259852383897,Revenu élevé
6469,34,F,Universitario,Oriente,2398.52,3581.8,615,5,6107.91,Risque moyen,0.29681974434945835,-0.7942182194652313,Revenu moyen
6470,66,M,Universitario,Sur,4595.82,8068.18,727,9,15549.15,Risque faible,3.542581323201991,1.26857177075116,Revenu élevé
6471,54,M,Postgrado,Norte,3006.26,5401.14,606,7,9139.61,Risque moyen,1.0692023420618335,0.15689492414928338,Revenu élevé
6472,23,M,Secundaria,Occidente,971.46,677.35,535,9,1262.19,Risque moyen,-2.13222597153044,0.25813468930265626,Revenu faible
6473,36,F,Secundaria,Norte,2135.46,4259.87,627,7,4426.54,Risque moyen,0.10375981057544433,-0.10825287807190469,Revenu moyen
6474,30,F,Postgrado,Norte,6164.95,11768.69,709,9,21593.09,Risque faible,5.496001491534546,1.777377281316114,Revenu élevé
6478,48,F,Primaria,Sur,1165.57,1514.97,508,6,2420.86,Risque moyen,-1.7262029007885475,-0.7091669998424676,Revenu faible
6480,21,F,Tecnico,Occidente,1165.85,2176.01,521,10,4213.23,Risque moyen,-1.57551230722422,0.794118085435651,Revenu faible
6481,56,M,Tecnico,Sur,1824.78,4367.97,578,6,5432.46,Risque moyen,-0.12557106195709383,-0.4443739092051877,Revenu moyen
6482,25,M,Primaria,Norte,2519.7,5042.55,649,7,9773.5,Risque moyen,1.1082288127102622,0.08470451823678812,Revenu moyen
6483,42,M,Universitario,Norte,4345.01,8042.19,738,5,18189.27,Risque faible,4.018064519978748,-0.1323879899274015,Revenu élevé
6484,30,F,Secundaria,Sur,2745.84,4405.66,598,9,10242.02,Risque moyen,0.6906875264037734,0.8180195430831413,Revenu moyen
6485,49,F,Tecnico,Sur,2230.63,3615.7,675,4,6915.58,Risque faible,0.7323599620560507,-1.1745733012187392,Revenu moyen
6486,55,M,Postgrado,Oriente,2976.1,4588.11,687,6,8545.84,Risque faible,1.3624847131550475,-0.3005609273557134,Revenu moyen
6487,55,F,Secundaria,Occidente,1790.18,2839.56,630,2,5433.76,Risque moyen,0.09218826880817882,-1.989925940293954,Revenu moyen
6489,45,F,Tecnico,Oriente,3631.5,6447.17,703,2,15430.09,Risque faible,3.0806380598431424,-1.4121820353278993,Revenu élevé
6491,47,M,Secundaria,Centro,1431.01,2223.54,512,16,2450.14,Risque moyen,-2.0636333205987234,2.9317551298608158,Revenu faible
6492,20,F,Secundaria,Sur,1435.54,1834.95,485,10,4510.33,Risque élevé,-1.7165521934233208,0.822970921349222,Revenu faible
6493,45,M,Tecnico,Norte,2652.5,4892.47,686,4,5439.7,Risque faible,1.0921981788864463,-1.09865803273233,Revenu moyen
6494,20,M,Secundaria,Centro,1749.78,3269.09,619,5,7173.88,Risque moyen,0.09275814724265236,-0.8518862327387269,Revenu moyen
6495,62,F,Secundaria,Oriente,1958.83,4454.38,664,5,5975.13,Risque faible,0.5728916543272141,-0.8105983503742069,Revenu moyen
6496,71,M,Universitario,Sur,881.84,1195.67,521,10,500.0,Risque moyen,-2.282898090248959,0.6262818536113638,Revenu faible
6497,51,F,Secundaria,Occidente,1416.72,2198.37,613,4,6076.78,Risque moyen,-0.35854070298340035,-1.325369915346114,Revenu faible
6499,39,F,Secundaria,Centro,1595.79,3048.76,556,7,5155.69,Risque moyen,-0.7210106469149504,-0.1814626308366736,Revenu moyen
6500,49,M,Tecnico,Centro,1720.8,3954.73,534,12,6918.74,Risque moyen,-0.7378024106328385,1.7205692917648563,Revenu moyen
6501,55,M,Postgrado,Centro,3741.74,7561.88,610,6,12494.41,Risque moyen,2.2643580224166002,0.06872219060050644,Revenu élevé
6503,72,F,Secundaria,Centro,1664.3,1981.98,525,10,6593.03,Risque moyen,-1.140797255576818,0.8823718527560329,Revenu moyen
6504,25,F,Universitario,Sur,5100.81,9447.12,695,7,19615.06,Risque faible,4.399543655698571,0.7878168459506336,Revenu élevé
6505,74,M,Secundaria,Sur,4159.51,7845.29,713,4,16236.63,Risque faible,3.6138947223472506,-0.5519366746360767,Revenu élevé
6506,23,M,Primaria,Oriente,2122.22,2639.06,559,10,3191.38,Risque moyen,-0.959552851762635,0.8719161596874818,Revenu moyen
6507,31,F,Tecnico,Sur,773.5,2159.96,388,11,4337.68,Risque élevé,-2.574938095298184,1.1760361021969936,Revenu faible
6508,49,M,Postgrado,Sur,2938.69,3456.54,649,4,9397.2,Risque moyen,1.0958765966383566,-1.0485145352608982,Revenu moyen
6509,52,F,Postgrado,Oriente,2689.81,4647.93,611,8,8390.94,Risque moyen,0.6676212381710726,0.4214624954562745,Revenu moyen
6510,27,M,Primaria,Norte,1248.47,926.5,596,6,3166.43,Risque moyen,-1.221983211008422,-0.7581364066991435,Revenu faible
6513,66,F,Secundaria,Centro,1039.5,2630.99,388,7,3175.43,Risque élevé,-2.233455582608663,-0.22784847942338599,Revenu faible
6515,46,M,Secundaria,Oriente,1788.28,2652.92,571,7,5885.9,Risque moyen,-0.5613413779344482,-0.1763090411391657,Revenu moyen
6517,69,F,Universitario,Norte,3985.8,7147.74,659,6,13708.95,Risque faible,2.6914383542733082,0.07337453558169668,Revenu élevé
6518,42,F,Secundaria,Oriente,1288.62,1373.34,550,6,3471.97,Risque moyen,-1.3498457695702406,-0.700794184021763,Revenu faible
6519,58,F,Secundaria,Norte,909.98,1131.56,447,6,500.0,Risque élevé,-2.4701930307869024,-0.7717182268112612,Revenu faible
6521,38,M,Tecnico,Oriente,1530.95,2684.28,530,3,6524.82,Risque moyen,-0.5877977768610543,-1.5963952636746017,Revenu moyen
6522,75,M,Secundaria,Oriente,1652.42,2749.63,558,10,1184.16,Risque moyen,-1.3441013645160604,0.7886262962105386,Revenu moyen
6523,37,M,Secundaria,Sur,2811.92,4895.71,591,7,7908.84,Risque moyen,0.6664126492690313,0.08800200357105868,Revenu moyen
6524,56,M,Tecnico,Sur,2024.89,4025.94,585,5,5037.41,Risque moyen,-0.05140030912529573,-0.8147773988995203,Revenu moyen
6526,21,F,Universitario,Inconnue,2628.5,4790.4,656,7,10753.9,Risque faible,1.2420251381596228,0.09946733367358128,Revenu moyen
6527,30,M,Secundaria,Centro,1288.51,1667.44,445,7,2909.37,Risque élevé,-2.025623133709333,-0.2916429510905698,Revenu faible
6530,67,M,Primaria,Centro,834.31,1942.12,540,6,2132.17,Risque moyen,-1.6152899797129676,-0.7369070369753675,Revenu faible
6531,66,M,Universitario,Norte,3198.14,5866.49,707,6,10646.67,Risque faible,2.0593391422996636,-0.16680210003468654,Revenu élevé
6535,34,F,Tecnico,Occidente,1968.88,4243.15,534,11,7883.23,Risque moyen,-0.4116680128329967,1.425168168630335,Revenu moyen
6537,53,M,Secundaria,Norte,4011.25,5774.68,641,6,14187.72,Risque moyen,2.354352708445625,0.015125328150400371,Revenu élevé
6539,18,M,Postgrado,Norte,4987.83,8446.47,671,5,16535.64,Risque faible,3.808052076342576,-0.054902693005670154,Revenu élevé
6543,41,F,Primaria,Oriente,1406.83,1717.05,585,8,3638.34,Risque moyen,-1.1296464598537397,0.03354213329938612,Revenu faible
6545,25,F,Tecnico,Norte,1847.54,2385.43,584,11,3909.59,Risque moyen,-0.9696041436582472,1.1935818833177354,Revenu moyen
6546,67,M,Postgrado,Centro,4591.1,7901.08,780,9,17510.79,Risque faible,4.018398443893121,1.278920162202504,Revenu élevé
6548,62,F,Secundaria,Norte,1492.58,2740.08,578,15,4233.2,Risque moyen,-1.2946431106288951,2.6205975623318825,Revenu faible
6549,40,M,Primaria,Oriente,989.98,3325.11,526,9,3768.5,Risque moyen,-1.3591670595505982,0.4740991454411229,Revenu faible
6552,25,M,Secundaria,Sur,2308.28,4263.16,606,9,7340.89,Risque moyen,0.22717460009165613,0.698874818310096,Revenu moyen
6554,64,M,Primaria,Sur,1837.83,2432.7,545,10,5361.59,Risque moyen,-0.9815897782146666,0.8882033867008714,Revenu moyen
6555,30,M,Secundaria,Sur,855.12,1293.23,393,3,2844.78,Risque élevé,-2.348426388461101,-1.7629729101528502,Revenu faible
6556,56,F,Universitario,Sur,2635.12,5376.01,618,4,7769.8,Risque moyen,1.0264588645239803,-0.9890063122520384,Revenu moyen
6557,54,F,Postgrado,Oriente,5569.44,9563.59,713,4,21565.34,Risque faible,5.11336124134878,-0.19748666226346473,Revenu élevé
6558,66,F,Secundaria,Sur,506.05,720.7,450,10,2571.25,Risque élevé,-2.745538056316365,0.6417044923786964,Revenu faible
6559,45,M,Universitario,Oriente,5020.98,8564.97,701,6,18234.73,Risque faible,4.135421850409913,0.33759806787469937,Revenu élevé
6561,33,F,Secundaria,Centro,987.93,1634.54,478,10,2516.67,Risque élevé,-2.191645164513031,0.7267751091761423,Revenu faible
6562,72,M,Universitario,Centro,3590.86,6207.28,633,8,14338.75,Risque moyen,2.1140200723336617,0.7222860523094676,Revenu élevé
6563,19,M,Universitario,Oriente,5511.54,9683.44,734,11,19352.95,Risque faible,4.573648226670401,2.247459853819804,Revenu élevé
6564,71,F,Universitario,Norte,1667.69,3263.82,634,11,6018.75,Risque moyen,-0.3478581675098519,1.2525317508210063,Revenu moyen
6565,35,M,Universitario,Oriente,1663.25,3063.68,562,10,5311.46,Risque moyen,-0.8258702925739553,0.8993576029871838,Revenu moyen
6566,34,M,Secundaria,Centro,2598.82,5447.91,611,6,7921.68,Risque moyen,0.8759674601138159,-0.2665775862136613,Revenu moyen
6567,47,M,Tecnico,Norte,1958.69,3219.01,599,7,5585.0,Risque moyen,-0.23640695468637765,-0.14665359254525873,Revenu moyen
6568,56,M,Secundaria,Centro,1379.51,3902.14,595,9,6614.22,Risque moyen,-0.3762510009806217,0.5779460110142302,Revenu faible
6573,63,F,Universitario,Occidente,3246.74,5855.63,676,2,12736.08,Risque faible,2.3593352289462346,-1.5318905130192557,Revenu élevé
6574,47,M,Tecnico,Centro,2193.12,3243.4,617,4,7406.58,Risque moyen,0.3469471823832074,-1.1625269533916727,Revenu moyen
6576,30,F,Tecnico,Oriente,1319.57,2502.73,531,8,2695.71,Risque moyen,-1.4140716092813028,0.07377075993915397,Revenu faible
6578,38,F,Postgrado,Centro,3247.02,4324.09,655,8,8018.33,Risque faible,1.052200677619227,0.4275720743542284,Revenu élevé
6579,47,F,Secundaria,Centro,999.04,2251.14,404,19,3166.25,Risque élevé,-2.987496475597312,4.029685191472145,Revenu faible
6582,72,M,Universitario,Norte,3499.36,6810.63,617,6,10873.45,Risque moyen,1.8788291315087693,-0.03772241581532331,Revenu élevé
6584,57,M,Primaria,Norte,1551.57,1464.0,552,9,1426.71,Risque moyen,-1.606521973808381,0.35509827226710833,Revenu moyen
6585,36,F,Universitario,Centro,2740.48,4159.33,681,9,13897.17,Risque faible,1.4997916006301875,0.8484907745730504,Revenu moyen
6587,32,M,Universitario,Centro,3705.97,5991.23,607,10,9860.79,Risque moyen,1.3786979235242849,1.3463525191789794,Revenu élevé
6588,26,F,Secundaria,Norte,819.78,1905.0,469,3,2210.83,Risque élevé,-1.8514377406985627,-1.7794134841338003,Revenu faible
6591,61,M,Tecnico,Oriente,1799.07,3032.89,558,9,7443.14,Risque moyen,-0.5179585813230141,0.6029347973473396,Revenu moyen
6592,48,M,Primaria,Oriente,1481.82,4769.93,542,9,3345.63,Risque moyen,-0.7970169603310248,0.5879774481647899,Revenu faible
6593,70,F,Secundaria,Inconnue,3231.34,3851.76,672,7,8615.1,Risque faible,1.1693438675307337,0.04696495776086406,Revenu élevé
6594,40,F,Secundaria,Sur,1348.21,1620.73,558,6,3204.99,Risque moyen,-1.2528882471531104,-0.6904083519332384,Revenu faible
6595,69,M,Secundaria,Norte,1909.67,3639.94,584,8,4309.55,Risque moyen,-0.4493363639865355,0.20856584454114985,Revenu moyen
6596,47,F,Secundaria,Centro,2402.35,3788.18,575,7,8782.35,Risque moyen,0.25632037708230876,0.011704832778802552,Revenu moyen
6598,74,M,Postgrado,Norte,2160.4,3923.91,596,11,6225.39,Risque moyen,-0.20474032573648107,1.3595356772169565,Revenu moyen
6600,26,F,Secundaria,Occidente,1531.34,1652.99,606,7,6227.41,Risque moyen,-0.6394590390896887,-0.2668011566833503,Revenu moyen
6601,71,F,Secundaria,Norte,1568.03,3484.57,612,5,5341.97,Risque moyen,-0.16665373336927172,-0.8949755844804326,Revenu moyen
6602,64,M,Universitario,Sur,2704.94,5536.27,631,7,7871.99,Risque moyen,0.9890682981985683,0.0961026589329194,Revenu moyen
6603,18,M,Secundaria,Centro,840.14,2774.36,474,15,500.0,Risque élevé,-2.5547831591810386,2.522823405809803,Revenu faible
6606,28,M,Universitario,Norte,2332.52,3507.94,615,7,8316.47,Risque moyen,0.3553358529978099,-0.03973190482615829,Revenu moyen
6607,51,F,Tecnico,Sur,1453.32,2517.94,569,6,3586.19,Risque moyen,-0.9150608145452382,-0.6247113537222031,Revenu faible
6609,26,F,Primaria,Sur,1314.24,1599.58,531,10,5233.53,Risque moyen,-1.4721577479265702,0.7934068576470925,Revenu faible
6610,49,M,Secundaria,Centro,2222.14,4497.23,583,6,3518.45,Risque moyen,-0.09938189521442155,-0.4445210192691119,Revenu moyen
6612,29,M,Tecnico,Oriente,1366.53,4038.0,551,5,2238.06,Risque moyen,-0.8109921900312106,-0.924802463937831,Revenu faible
6613,50,F,Primaria,Sur,2534.2,5390.11,672,5,8933.67,Risque faible,1.3620323833223185,-0.6382372193820743,Revenu moyen
6614,62,F,Tecnico,Norte,1970.7,2655.3,551,14,6657.43,Risque moyen,-0.9606162744539983,2.370636190278369,Revenu moyen
6616,74,F,Tecnico,Oriente,2020.13,3592.7,592,7,4451.09,Risque moyen,-0.2891574606665805,-0.14161408836893266,Revenu moyen
6617,74,M,Tecnico,Norte,1219.27,2620.83,545,6,3447.21,Risque moyen,-1.1464190527521927,-0.6333940131525277,Revenu faible
6619,25,M,Secundaria,Norte,1644.11,2588.38,561,1,6510.42,Risque moyen,-0.25498886300075285,-2.320584324816611,Revenu moyen
6620,44,F,Tecnico,Centro,911.2,2640.94,427,16,2037.83,Risque élevé,-2.7345861007036247,2.935346092266945,Revenu faible
6621,29,M,Secundaria,Norte,2793.13,6910.32,590,8,7775.13,Risque moyen,1.0033494499378643,0.5579979063159911,Revenu moyen
6623,60,M,Primaria,Centro,548.55,534.87,447,6,2528.96,Risque élevé,-2.539212425214715,-0.7948964701583218,Revenu faible
6624,57,F,Secundaria,Occidente,2750.15,5809.9,696,4,8103.66,Risque faible,1.6596181007336746,-0.9804503380124513,Revenu moyen
6626,68,F,Postgrado,Inconnue,3093.82,6125.28,700,5,9960.37,Risque faible,2.0214953910681097,-0.5316734681225789,Revenu élevé
6627,28,M,Tecnico,Oriente,1790.07,3219.32,555,3,5988.93,Risque moyen,-0.2741911696607603,-1.564045887793056,Revenu moyen
6630,48,F,Secundaria,Norte,809.53,1405.33,472,11,3464.85,Risque élevé,-2.315137518699237,1.078184829936681,Revenu faible
6633,49,M,Secundaria,Norte,2297.47,4157.31,529,4,6622.37,Risque moyen,-0.014132814788832736,-1.077716933196658,Revenu moyen
6634,75,M,Universitario,Sur,4404.63,8103.95,747,3,20005.22,Risque faible,4.420358158345489,-0.8012648823609075,Revenu élevé
6635,46,M,Tecnico,Occidente,409.55,9.33,378,16,500.0,Risque élevé,-3.9477180948636175,2.7222660544232204,Revenu faible
6636,38,M,Tecnico,Norte,1487.48,1762.39,579,4,2471.84,Risque moyen,-0.9914585640316167,-1.410082513776191,Revenu faible
6638,57,M,Primaria,Centro,1167.15,1953.6,506,5,2387.48,Risque moyen,-1.5853070574847747,-1.0410108170210977,Revenu faible
6640,73,F,Secundaria,Sur,2084.06,3961.34,624,7,4300.2,Risque moyen,-0.011566891630451954,-0.1319638796393975,Revenu moyen
6641,23,M,Tecnico,Oriente,2333.63,5415.02,648,7,7282.7,Risque moyen,0.8479529224759061,0.03271026743940171,Revenu moyen
6642,39,M,Secundaria,Sur,4151.23,7901.67,685,6,16619.97,Risque faible,3.372003548720932,0.18694712595385596,Revenu élevé
6643,67,M,Primaria,Sur,1204.49,2860.48,543,6,3433.35,Risque moyen,-1.1149984533515027,-0.6203228755942686,Revenu faible
6644,55,M,Universitario,Centro,3340.91,6519.41,690,9,11948.99,Risque faible,2.103448641725983,0.9944513205170769,Revenu élevé
6645,54,F,Secundaria,Norte,2377.81,5551.26,556,6,7052.75,Risque moyen,0.39282388554208586,-0.2765372451827084,Revenu moyen
6647,68,F,Universitario,Norte,1517.49,2805.8,499,8,4032.54,Risque élevé,-1.3183247423904687,0.15482594132910724,Revenu moyen
6648,71,M,Secundaria,Centro,2374.13,3423.71,616,4,5773.66,Risque moyen,0.28720813548373936,-1.1712815280094215,Revenu moyen
6649,25,F,Universitario,Norte,2775.8,5710.66,612,6,8829.47,Risque moyen,1.1045643322467102,-0.2144071373137964,Revenu moyen
6650,58,M,Tecnico,Centro,897.5,1223.61,546,8,2852.35,Risque moyen,-1.7569173956904987,-0.04382255792469048,Revenu faible
6651,66,F,Universitario,Centro,3104.14,6170.33,733,10,9161.55,Risque faible,1.8350804915362153,1.2268535180735527,Revenu élevé
6652,52,F,Secundaria,Oriente,2136.97,4000.48,618,4,7028.43,Risque moyen,0.45100105580146854,-1.1329872787617632,Revenu moyen
6653,68,F,Universitario,Centro,1181.91,1208.64,591,9,2336.07,Risque moyen,-1.4920953672113326,0.3080617081477731,Revenu faible
6654,28,F,Primaria,Sur,1128.3,2108.33,514,10,730.14,Risque moyen,-2.0042207881128147,0.7110345322620708,Revenu faible
6655,41,M,Universitario,Centro,2483.08,4127.08,591,9,9446.2,Risque moyen,0.3991255362705443,0.761986903703341,Revenu moyen
6656,66,F,Secundaria,Oriente,1606.23,1747.92,597,13,3664.15,Risque moyen,-1.2790755543171972,1.8373612363827052,Revenu moyen
6659,19,M,Secundaria,Norte,875.56,796.02,495,7,1019.01,Risque élevé,-2.2824440694924037,-0.44675579809410915,Revenu faible
6660,57,F,Secundaria,Sur,1924.51,1321.99,570,10,7128.21,Risque moyen,-0.8523360808825462,0.8607553082340001,Revenu moyen
6662,56,F,Secundaria,Oriente,3027.22,4161.97,562,6,8766.94,Risque moyen,0.5807266623946867,-0.2591319507224469,Revenu élevé
6664,34,M,Secundaria,Centro,1250.48,3307.26,530,6,4083.29,Risque moyen,-1.0109168830178954,-0.5694960947299081,Revenu faible
6665,23,F,Secundaria,Centro,1339.66,2478.01,541,4,1493.27,Risque moyen,-1.2255492278925117,-1.3877016885625044,Revenu faible
6669,45,F,Secundaria,Inconnue,1292.64,3800.75,560,4,3233.52,Risque moyen,-0.6744810726083894,-1.2847169961217213,Revenu faible
6670,19,F,Universitario,Norte,4231.57,8048.47,685,10,15524.75,Risque faible,3.0742674614694008,1.6086319467706602,Revenu élevé
6672,72,F,Secundaria,Norte,1370.71,3111.82,574,8,5057.94,Risque moyen,-0.7681967745942757,0.1479966067160703,Revenu faible
6674,68,F,Postgrado,Occidente,2408.57,4627.07,590,9,3861.9,Risque moyen,-0.10509170084111147,0.6580931298290614,Revenu moyen
6675,69,F,Secundaria,Occidente,2330.87,4150.62,629,6,6883.94,Risque moyen,0.4886522647888016,-0.39888242034147003,Revenu moyen
6676,21,F,Universitario,Centro,1999.13,3264.25,584,8,7045.35,Risque moyen,-0.21079947722270465,0.2571531643823192,Revenu moyen
6677,39,M,Secundaria,Occidente,1680.32,2295.83,591,5,5559.1,Risque moyen,-0.4729482485862335,-0.9388260859708674,Revenu moyen
6678,43,F,Universitario,Norte,3252.04,5763.35,699,2,12807.9,Risque faible,2.484696165452883,-1.5454639534567298,Revenu élevé
6679,66,F,Secundaria,Centro,2195.0,3149.51,599,9,7638.38,Risque moyen,-0.06672670072066564,0.6333923353720268,Revenu moyen
6680,60,F,Secundaria,Centro,443.85,472.33,440,11,2107.58,Risque élevé,-2.9930443394447233,0.9729660140216513,Revenu faible
6682,75,M,Universitario,Oriente,2674.87,5237.96,589,10,10463.5,Risque moyen,0.7447130199012865,1.2261306821049123,Revenu moyen
6683,30,M,Primaria,Norte,520.86,2033.89,389,15,1590.29,Risque élevé,-3.2331577653465917,2.512368576405709,Revenu faible
6684,69,F,Secundaria,Occidente,2943.92,5502.28,619,4,10394.88,Risque moyen,1.4574165063952431,-0.893365929434534,Revenu moyen
6685,75,F,Tecnico,Sur,2097.06,4162.78,649,10,5859.18,Risque moyen,0.15618854253964584,0.9776446062614496,Revenu moyen
6686,49,M,Tecnico,Occidente,909.76,1469.26,439,9,2138.23,Risque élevé,-2.465118332204678,0.36117422882102973,Revenu faible
6689,53,M,Secundaria,Norte,4969.8,10627.77,716,5,16817.55,Risque faible,4.556435944964829,0.05595057592148925,Revenu élevé
6690,72,M,Secundaria,Sur,1072.86,2269.77,503,12,5270.11,Risque moyen,-1.7168641276884888,1.537818428806148,Revenu faible
6691,63,M,Universitario,Centro,1834.44,2349.03,509,10,4139.63,Risque moyen,-1.3379786583795177,0.8716123267324591,Revenu moyen
6692,36,M,Primaria,Norte,1286.68,2502.21,454,6,500.0,Risque élevé,-1.9813636601058273,-0.6595047461421465,Revenu faible
6694,52,M,Secundaria,Sur,1378.93,1961.8,507,5,3464.96,Risque moyen,-1.3787059404064443,-0.9964445062402765,Revenu faible
6695,63,F,Secundaria,Centro,1278.52,2342.78,627,4,2346.11,Risque moyen,-0.6861646649859178,-1.4208000739668514,Revenu faible
6696,57,M,Secundaria,Centro,1675.78,3372.5,579,6,3227.88,Risque moyen,-0.6190830134322474,-0.5665674574416777,Revenu moyen
6697,73,M,Tecnico,Centro,1647.66,3272.07,589,8,1603.0,Risque moyen,-0.8850175635317298,0.09883704748137775,Revenu moyen
6699,18,M,Tecnico,Sur,2646.02,3534.98,567,8,7377.14,Risque moyen,0.050571596437008204,0.34965745799768966,Revenu moyen
6701,35,M,Primaria,Occidente,1011.17,1768.37,541,7,5247.16,Risque moyen,-1.3151724955917419,-0.30259295431264666,Revenu faible
6702,65,F,Primaria,Centro,1968.86,3473.19,611,7,4819.94,Risque moyen,-0.18622381577037211,-0.15364357650661553,Revenu moyen
6704,50,F,Universitario,Centro,2086.91,3415.51,667,3,6178.65,Risque faible,0.5697387455934265,-1.5705023508922111,Revenu moyen
6705,29,F,Secundaria,Occidente,691.56,1976.04,445,13,2423.61,Risque élevé,-2.634162823791763,1.8037790039880606,Revenu faible
6706,25,M,Universitario,Centro,1854.41,3875.46,543,6,3938.55,Risque moyen,-0.5768376625376205,-0.4881161773087488,Revenu moyen
6708,33,M,Universitario,Centro,2029.94,4827.48,571,9,4670.28,Risque moyen,-0.24946852250031468,0.6604468993397786,Revenu moyen
6710,21,M,Secundaria,Norte,1632.67,2981.74,578,10,5157.33,Risque moyen,-0.7776721711529276,0.881007061542953,Revenu moyen
6711,55,F,Universitario,Oriente,1489.47,2600.92,520,4,5183.56,Risque moyen,-0.8817696041141749,-1.2734298993102227,Revenu faible
6714,26,F,Tecnico,Centro,2453.67,2952.21,627,9,6752.1,Risque moyen,0.07320381553244071,0.6139731463021221,Revenu moyen
6715,64,M,Tecnico,Centro,1827.4,2813.77,612,7,6087.5,Risque moyen,-0.2489983901108311,-0.1771528268685861,Revenu moyen
6717,73,F,Secundaria,Oriente,883.21,103.0,496,14,773.89,Risque élevé,-2.8827947078249863,2.010785136379128,Revenu faible
6718,29,M,Secundaria,Occidente,1671.27,3283.28,490,5,3037.63,Risque élevé,-1.1205787580614202,-0.8939791169015098,Revenu moyen
6719,48,M,Postgrado,Norte,3064.44,5954.35,698,12,9118.02,Risque faible,1.437363846178166,1.940455067854388,Revenu élevé
6720,41,M,Tecnico,Sur,3471.91,6180.13,702,4,9347.56,Risque faible,2.202269674902797,-0.8647767035200341,Revenu élevé
6721,72,F,Primaria,Occidente,2541.68,4036.1,642,4,8617.77,Risque moyen,0.9317994493607847,-1.0672246484792225,Revenu moyen
6722,31,M,Secundaria,Sur,1179.87,1275.68,506,6,2345.84,Risque moyen,-1.790406046320692,-0.7224716464722162,Revenu faible
6724,42,F,Secundaria,Sur,2236.89,3777.96,636,7,8468.45,Risque moyen,0.5118015998473577,-0.03921007402195219,Revenu moyen
6725,51,M,Secundaria,Sur,1202.36,3398.41,450,8,4078.32,Risque élevé,-1.6078890350299524,0.1822340808083699,Revenu faible
6727,75,F,Postgrado,Norte,6021.15,10522.27,756,5,22626.4,Risque faible,5.804444575240772,0.2633424476210556,Revenu élevé
6728,41,M,Postgrado,Sur,3853.31,7174.01,587,8,8895.03,Risque moyen,1.598981889800626,0.7009995978807597,Revenu élevé
6729,71,M,Primaria,Oriente,1859.31,2805.36,664,13,6978.52,Risque faible,-0.21497739717901648,1.9675462820100145,Revenu moyen
6730,59,F,Tecnico,Occidente,3004.02,5260.13,743,3,12659.75,Risque faible,2.45575616548819,-1.2638614975681075,Revenu élevé
6731,26,M,Universitario,Centro,2156.21,2456.88,680,6,6995.46,Risque faible,0.3683989328459054,-0.5341538948195064,Revenu moyen
6733,37,M,Universitario,Norte,2493.54,4924.33,692,9,9969.57,Risque faible,1.2204172597545215,0.7755718164014541,Revenu moyen
6734,57,F,Universitario,Occidente,3152.04,5538.87,644,3,9183.96,Risque moyen,1.637324946023592,-1.2676003843258878,Revenu élevé
6735,27,F,Tecnico,Norte,1874.79,4088.84,669,10,7169.5,Risque faible,0.2999293038129502,0.9727889712470377,Revenu moyen
6736,36,F,Secundaria,Centro,2736.24,5937.99,637,6,6708.02,Risque moyen,1.065573107851456,-0.26420480685893183,Revenu moyen
6737,20,M,Universitario,Norte,1290.78,2897.68,442,6,1590.61,Risque élevé,-1.8545219688801857,-0.6061344410294816,Revenu faible
6739,22,F,Tecnico,Centro,1662.26,3820.22,574,13,4331.12,Risque moyen,-0.8834635630024862,1.9882654720367166,Revenu moyen
6741,75,M,Universitario,Centro,1436.24,2422.84,507,8,5886.07,Risque moyen,-1.196059446543197,0.16317702467880008,Revenu faible
6742,44,F,Secundaria,Centro,1078.37,1614.7,559,5,2173.18,Risque moyen,-1.4043161243003313,-1.0978190334007836,Revenu faible
6743,33,F,Secundaria,Inconnue,1499.1,2131.15,592,5,7208.53,Risque moyen,-0.4082903943552478,-0.9288122346637949,Revenu faible
6746,52,F,Universitario,Sur,2078.4,2668.04,625,8,7590.55,Risque moyen,-0.006845998033177382,0.2240147601240551,Revenu moyen
6747,29,M,Universitario,Centro,1355.43,3078.21,513,9,3142.5,Risque moyen,-1.3997078683562778,0.48631983409191826,Revenu faible
6748,58,F,Secundaria,Norte,2029.22,3187.42,573,7,3149.14,Risque moyen,-0.616667201931367,-0.18511982056883286,Revenu moyen
6749,70,F,Secundaria,Sur,1808.48,2049.23,539,6,4494.87,Risque moyen,-0.9494008547710489,-0.5839885808356342,Revenu moyen
6750,61,F,Universitario,Norte,3736.95,7619.71,731,8,10994.21,Risque faible,2.7076080860465828,0.6983818168317109,Revenu élevé
6751,43,M,Tecnico,Sur,1982.22,4489.97,527,3,3628.48,Risque moyen,-0.33178957036316054,-1.5128218332577754,Revenu moyen
6752,64,F,Universitario,Occidente,1545.73,1867.75,530,5,3492.61,Risque moyen,-1.1908521705864767,-0.9957256753439746,Revenu moyen
6754,40,M,Universitario,Oriente,4001.15,6558.23,661,1,14194.84,Risque faible,2.9470190679764006,-1.7370961958838613,Revenu élevé
6755,48,M,Universitario,Oriente,2005.74,3096.24,506,10,5180.62,Risque moyen,-1.0189639522093286,0.9561377287004706,Revenu moyen
6756,67,F,Secundaria,Centro,576.81,0.0,420,8,1821.24,Risque élevé,-2.9972376364782334,-0.11191816978574996,Revenu faible
6757,37,M,Primaria,Sur,2407.19,3998.14,631,8,8411.94,Risque moyen,0.5318207201074454,0.34832774090473895,Revenu moyen
6759,40,F,Universitario,Centro,4812.11,9925.62,599,5,11800.72,Risque moyen,3.13849149883532,-0.06052276731051219,Revenu élevé
6761,40,F,Universitario,Oriente,3226.19,5374.79,675,10,11349.01,Risque faible,1.600706058440746,1.2679189563023805,Revenu élevé
6762,65,F,Secundaria,Occidente,1248.18,2423.79,462,11,2236.56,Risque élevé,-2.101179250693086,1.1557734367285715,Revenu faible
6763,72,M,Tecnico,Sur,2627.86,3650.24,624,5,8301.41,Risque moyen,0.6851349464726252,-0.722860296185828,Revenu moyen
6764,65,M,Tecnico,Centro,4499.81,8160.8,647,11,14234.86,Risque moyen,2.7915436159067553,1.9862267163036844,Revenu élevé
6766,71,M,Postgrado,Sur,2973.98,5454.87,704,5,11608.53,Risque faible,2.022132266349321,-0.5465063668685455,Revenu moyen
6767,42,M,Secundaria,Sur,832.39,1867.39,503,5,2393.12,Risque moyen,-1.7603581048310135,-1.076438277440748,Revenu faible
6768,19,M,Secundaria,Oriente,2398.45,3875.59,674,6,5537.43,Risque faible,0.5851500280574272,-0.45907620654313364,Revenu moyen
6769,47,M,Secundaria,Occidente,1556.31,3019.03,575,2,4963.86,Risque moyen,-0.3392363611243931,-1.9876788579442277,Revenu moyen
6770,20,M,Primaria,Inconnue,1202.81,1611.94,517,12,4070.7,Risque moyen,-1.8427514432936019,1.478656006245701,Revenu faible
6772,38,F,Secundaria,Sur,591.53,1797.3,400,7,3909.73,Risque élevé,-2.4510884829145603,-0.30768028950267845,Revenu faible
6773,42,M,Universitario,Sur,2495.75,5314.83,576,9,7293.85,Risque moyen,0.34690681557291503,0.7901505752460107,Revenu moyen
6775,66,F,Secundaria,Centro,1727.4,3734.14,559,7,4594.68,Risque moyen,-0.5607893318191671,-0.14321685312618235,Revenu moyen
6776,69,M,Tecnico,Centro,2913.56,4007.66,617,4,6942.09,Risque moyen,0.7618839678422465,-1.0600522409688875,Revenu moyen
6779,50,F,Postgrado,Norte,3182.4,6211.36,593,4,9898.42,Risque moyen,1.5032528536196024,-0.8290478693084453,Revenu élevé
6780,69,M,Tecnico,Sur,7162.03,12789.52,688,3,23735.02,Risque faible,6.599656096714355,-0.15594865990376094,Revenu élevé
6782,32,M,Secundaria,Centro,1074.85,2369.56,568,4,4245.91,Risque moyen,-0.917645611854305,-1.369161174871301,Revenu faible
6783,75,M,Secundaria,Norte,1302.73,2789.7,458,6,1902.78,Risque élevé,-1.7462300670338764,-0.6114006106457769,Revenu faible
6784,75,M,Universitario,Norte,4319.71,8648.99,720,3,16344.69,Risque faible,3.9658178820243135,-0.8483517127945508,Revenu élevé
6785,63,F,Secundaria,Centro,1250.8,1992.48,582,7,2718.76,Risque moyen,-1.185953789790687,-0.3423667654316844,Revenu faible
6786,69,F,Secundaria,Norte,2205.93,3514.89,574,9,7200.55,Risque moyen,-0.1767825098601144,0.6569717888049604,Revenu moyen
6789,42,M,Tecnico,Centro,3701.26,7056.14,721,2,10711.14,Risque faible,2.8603386758826645,-1.4849986136235638,Revenu élevé
6791,41,M,Primaria,Occidente,1272.34,2664.14,544,7,5800.8,Risque moyen,-0.9418910309257843,-0.21460599193867028,Revenu faible
6792,74,M,Primaria,Norte,1747.17,3267.39,580,7,5290.18,Risque moyen,-0.4564884341649654,-0.1621219845203279,Revenu moyen
6793,75,F,Secundaria,Oriente,1908.53,3103.7,630,5,4288.66,Risque moyen,-0.10745191047593597,-0.9165115986237634,Revenu moyen
6796,66,M,Primaria,Sur,1425.42,2745.74,524,8,5140.28,Risque moyen,-1.1086777564229917,0.15635528090581186,Revenu faible
6797,60,M,Secundaria,Centro,543.4,1925.86,485,6,2911.17,Risque élevé,-1.9838046391622328,-0.7232134375370263,Revenu faible
6798,65,M,Secundaria,Norte,1236.41,2605.36,540,13,2135.97,Risque moyen,-1.7439744538961652,1.8429324030260175,Revenu faible
6799,61,M,Universitario,Centro,1432.36,2285.9,552,14,4876.05,Risque moyen,-1.4405222757734972,2.257193359463727,Revenu faible
6802,21,F,Secundaria,Oriente,1706.44,4088.24,512,5,3601.4,Risque moyen,-0.7480249284756925,-0.841120656636894,Revenu moyen
6803,44,M,Secundaria,Oriente,1020.05,2958.3,482,12,1680.14,Risque élevé,-2.085053294257177,1.50100485604381,Revenu faible
6804,35,F,Tecnico,Norte,2001.73,3357.23,538,9,8119.56,Risque moyen,-0.4129046881210862,0.66534570239677,Revenu moyen
6807,52,M,Tecnico,Norte,3006.19,4222.7,763,3,11860.36,Risque faible,2.2724689367389472,-1.3508679324375497,Revenu élevé
6808,39,F,Secundaria,Norte,2043.93,3223.05,552,6,5163.75,Risque moyen,-0.4572697684856499,-0.4842301668720052,Revenu moyen
6811,20,M,Universitario,Norte,3489.3,6278.32,546,8,10421.75,Risque moyen,1.1727386719447537,0.6673434540853913,Revenu élevé
6812,57,F,Primaria,Sur,598.55,530.79,541,10,2383.79,Risque moyen,-2.230976497004423,0.594314898559229,Revenu faible
6813,67,M,Universitario,Centro,1408.61,1634.07,498,7,5769.66,Risque élevé,-1.377138102320235,-0.24133175179692778,Revenu faible
6816,69,F,Universitario,Sur,1927.2,3269.23,594,8,3863.53,Risque moyen,-0.5075107663462332,0.17416307998156344,Revenu moyen
6817,66,F,Universitario,Occidente,2017.83,2694.47,600,4,5838.11,Risque moyen,-0.10353910264842453,-1.2388590658376015,Revenu moyen
6819,72,F,Universitario,Sur,2055.55,3779.57,548,11,5484.43,Risque moyen,-0.6375653797807774,1.3460305980407992,Revenu moyen
6820,28,F,Secundaria,Centro,1204.19,1943.8,515,5,5109.11,Risque moyen,-1.239618030365616,-0.9805797673286459,Revenu faible
6822,75,M,Primaria,Sur,1391.57,2931.11,528,9,5306.28,Risque moyen,-1.1054417930868206,0.5233953091861151,Revenu faible
6824,70,F,Secundaria,Oriente,1700.75,4069.76,594,3,6508.63,Risque moyen,0.15154739714343418,-1.5290644856626898,Revenu moyen
6825,72,M,Tecnico,Sur,1773.42,4212.42,605,10,4810.57,Risque moyen,-0.33488726872238894,0.9457765251542289,Revenu moyen
6826,54,F,Tecnico,Centro,1402.75,2937.79,551,7,3766.37,Risque moyen,-0.9971100291981798,-0.23544893141403098,Revenu faible
6828,62,M,Postgrado,Sur,1913.36,2927.74,551,6,5585.56,Risque moyen,-0.536924857632355,-0.5038103897663884,Revenu moyen
6829,55,M,Secundaria,Norte,784.48,2098.83,417,10,1797.66,Risque élevé,-2.610896137338039,0.7455029666169658,Revenu faible
6830,46,M,Primaria,Occidente,1608.25,1948.31,576,4,3362.51,Risque moyen,-0.8278932477706974,-1.3663102450530606,Revenu moyen
6832,26,M,Primaria,Sur,1390.41,1755.34,547,3,3363.46,Risque moyen,-1.067744078445905,-1.7427542619325012,Revenu faible
6833,65,F,Secundaria,Centro,1137.91,2829.67,519,7,1786.84,Risque moyen,-1.5220172162681498,-0.29730189861745004,Revenu faible
6834,19,M,Secundaria,Occidente,1386.48,3143.38,503,6,5046.26,Risque moyen,-1.048908028407616,-0.5321140170268652,Revenu faible
6837,68,F,Secundaria,Inconnue,1273.55,1698.57,531,10,2258.66,Risque moyen,-1.773509068935089,0.7280232654576293,Revenu faible
6838,47,F,Secundaria,Centro,2214.32,4343.62,565,10,4827.2,Risque moyen,-0.35672948497112544,1.0137866608323263,Revenu moyen
6840,45,M,Primaria,Sur,2221.45,4189.6,602,11,6351.58,Risque moyen,-0.07470828551348424,1.3809089657360987,Revenu moyen
6841,61,F,Secundaria,Centro,2261.73,3849.12,628,5,6165.56,Risque moyen,0.3787817466181903,-0.7963074659784279,Revenu moyen
6843,56,F,Universitario,Sur,1881.47,4810.52,612,5,3046.12,Risque moyen,0.00946623643643652,-0.8401276572273702,Revenu moyen
6844,43,F,Universitario,Sur,4115.3,7445.21,709,3,16230.53,Risque faible,3.5489980632148166,-0.9352497322325571,Revenu élevé
6845,30,F,Secundaria,Centro,2227.9,4532.62,585,6,7823.29,Risque moyen,0.3641429876700641,-0.34551409678191575,Revenu moyen
6847,71,F,Postgrado,Sur,2371.08,4152.07,662,11,8661.53,Risque faible,0.5699194866539511,1.4182030462463304,Revenu moyen
6848,45,M,Primaria,Occidente,1960.22,5357.21,580,8,7089.16,Risque moyen,0.19740007374721102,0.37756808178316154,Revenu moyen
6849,75,M,Postgrado,Occidente,2844.34,4718.14,675,11,8343.22,Risque faible,0.9311971980928421,1.4830813600122665,Revenu moyen
6850,47,F,Universitario,Norte,2820.63,4633.26,647,9,5747.06,Risque moyen,0.5970714891734912,0.7146835068729225,Revenu moyen
6853,48,F,Secundaria,Oriente,3578.08,5859.12,714,7,13735.41,Risque faible,2.5120750190896537,0.29321985478368146,Revenu élevé
6854,75,F,Tecnico,Oriente,1853.49,3899.31,519,9,4991.19,Risque moyen,-0.7928055019945406,0.6204800623418615,Revenu moyen
6855,38,F,Universitario,Norte,4551.96,10097.34,721,6,16856.82,Risque faible,4.240620080569396,0.3415797653130038,Revenu élevé
6856,73,F,Primaria,Occidente,642.37,1892.32,480,6,500.0,Risque élevé,-2.2265118600196736,-0.7679760424068519,Revenu faible
6858,51,M,Secundaria,Occidente,1985.93,4650.22,605,7,5713.94,Risque moyen,0.12675902234118705,-0.06087329381242122,Revenu moyen
6860,48,M,Universitario,Occidente,2404.39,3927.17,610,9,6556.72,Risque moyen,0.1391403878873129,0.66903174193962,Revenu moyen
6863,29,F,Primaria,Oriente,1177.56,1832.03,510,9,4051.24,Risque moyen,-1.6623721843560735,0.4190142316903197,Revenu faible
6864,18,M,Primaria,Sur,919.91,2488.2,491,7,825.27,Risque élevé,-1.9487999656341333,-0.34700855234742306,Revenu faible
6867,57,F,Secundaria,Oriente,1914.76,3578.58,589,4,3871.88,Risque moyen,-0.2257605464229209,-1.2369230557131845,Revenu moyen
6868,54,F,Universitario,Sur,6454.12,10669.09,735,6,23806.77,Risque faible,5.951355957970245,0.7068237702629039,Revenu élevé
6869,64,M,Universitario,Oriente,2592.78,4657.35,649,9,11110.93,Risque moyen,1.069405773547721,0.8147072020590324,Revenu moyen
6870,18,F,Secundaria,Centro,2802.22,4573.58,634,10,8514.25,Risque moyen,0.7217901884004179,1.1354381594012977,Revenu moyen
6871,18,M,Primaria,Centro,1780.77,3041.56,574,2,5488.8,Risque moyen,-0.1927881842766944,-1.9526626142142092,Revenu moyen
6873,59,F,Universitario,Oriente,2296.54,5184.28,642,3,10437.67,Risque moyen,1.322064980322966,-1.3404592072974886,Revenu moyen
6874,71,F,Tecnico,Centro,1623.31,3789.55,533,8,5472.18,Risque moyen,-0.717893861576924,0.23918007709026215,Revenu moyen
6875,59,M,Postgrado,Centro,5534.83,11012.16,704,10,21272.83,Risque faible,4.947940866748171,2.0260398737384757,Revenu élevé
6877,32,F,Universitario,Centro,1556.49,2552.59,540,8,4677.12,Risque moyen,-1.0482990249399868,0.1399799723482364,Revenu moyen
6878,34,M,Secundaria,Occidente,827.69,1733.46,437,5,1751.47,Risque élevé,-2.244897614884888,-1.0694474570076022,Revenu faible
6879,39,M,Universitario,Inconnue,1358.41,2741.99,543,6,1722.98,Risque moyen,-1.2514218315544214,-0.651182312522656,Revenu faible
6880,55,M,Tecnico,Occidente,1234.6,3417.23,508,6,2374.88,Risque moyen,-1.299042776597607,-0.5933490998454046,Revenu faible
6881,52,M,Secundaria,Norte,998.88,1945.44,456,12,967.7,Risque élevé,-2.53461164440352,1.4358683173369542,Revenu faible
6882,62,M,Tecnico,Centro,1087.66,2050.18,550,4,5653.6,Risque moyen,-0.9413965985626317,-1.3465340203583063,Revenu faible
6883,33,F,Universitario,Centro,3907.77,7673.72,654,7,12445.55,Risque faible,2.5487369496040353,0.4276901928953363,Revenu élevé
6885,64,F,Primaria,Norte,1503.62,3899.82,554,9,3972.88,Risque moyen,-0.8372975370121547,0.5483904595198036,Revenu moyen
6886,34,F,Secundaria,Centro,4122.01,8026.85,664,11,15477.5,Risque faible,2.8330602992121685,1.9628883879105417,Revenu élevé
6888,71,F,Secundaria,Norte,1652.69,3485.89,571,9,2630.63,Risque moyen,-0.9005346503391743,0.5006107412128543,Revenu moyen
6889,43,F,Postgrado,Oriente,3666.09,7345.67,716,8,13409.43,Risque faible,2.7796107510982964,0.7370863221254675,Revenu élevé
6890,30,M,Tecnico,Oriente,904.83,3752.65,493,3,2490.29,Risque élevé,-1.254545001062024,-1.6686807337990048,Revenu faible
6891,34,F,Tecnico,Norte,2154.5,3594.44,658,7,8961.11,Risque faible,0.6185441429310252,-0.056468245436230344,Revenu moyen
6892,55,M,Tecnico,Sur,2148.24,4793.23,581,9,6924.74,Risque moyen,0.08288641770540132,0.7161957937563174,Revenu moyen
6893,34,F,Universitario,Sur,2320.83,4529.59,611,14,5406.61,Risque moyen,-0.1926966508037637,2.4573851642791125,Revenu moyen
6894,65,M,Postgrado,Centro,1614.14,2297.95,519,8,4599.64,Risque moyen,-1.2097099660611808,0.13841369930094957,Revenu moyen
6895,31,F,Tecnico,Inconnue,4131.14,8366.27,706,2,14738.91,Risque faible,3.642507866730024,-1.2702788854374445,Revenu élevé
6896,62,F,Secundaria,Oriente,1736.11,3428.28,618,6,7878.47,Risque moyen,0.12473078031470752,-0.4700156710032095,Revenu moyen
6897,23,M,Secundaria,Centro,833.42,1821.5,497,9,2907.63,Risque élevé,-2.0021019537966054,0.36560345190040905,Revenu faible
6898,52,M,Secundaria,Sur,973.9,1963.51,533,7,2726.95,Risque moyen,-1.5951278541971392,-0.3481986212799895,Revenu faible
6899,63,M,Secundaria,Sur,1101.78,2373.11,514,8,2729.7,Risque moyen,-1.628968944808177,0.05391794976235718,Revenu faible
6900,31,M,Secundaria,Norte,3000.15,6111.02,658,7,10411.35,Risque faible,1.6535665935366928,0.202806665911607,Revenu élevé
6901,64,M,Tecnico,Occidente,1777.52,2884.24,616,9,2536.92,Risque moyen,-0.7207623224572658,0.455257182228133,Revenu moyen
6903,32,M,Secundaria,Centro,1159.27,2965.65,512,7,2138.91,Risque moyen,-1.4893404982079073,-0.2762740537912023,Revenu faible
6904,71,F,Postgrado,Sur,5538.35,9225.72,700,3,20366.64,Risque faible,4.891756444263086,-0.5988493293050672,Revenu élevé
6905,44,M,Secundaria,Norte,2447.69,5290.21,673,6,6521.76,Risque faible,1.0005931597926885,-0.3496748056120106,Revenu moyen
6907,66,M,Tecnico,Occidente,1803.05,4126.3,581,7,5607.09,Risque moyen,-0.21276055223236529,-0.10028982243611932,Revenu moyen
6908,48,M,Tecnico,Centro,1654.17,3449.18,537,9,1936.58,Risque moyen,-1.1789874591750387,0.49823888177441195,Revenu moyen
6909,70,M,Secundaria,Centro,1031.12,1545.49,505,4,1535.28,Risque moyen,-1.759418980579512,-1.4540167029839428,Revenu faible
6910,73,F,Universitario,Centro,1961.41,3218.68,582,6,6630.07,Risque moyen,-0.16561216774371448,-0.4727073006297036,Revenu moyen
6913,22,F,Secundaria,Centro,1644.64,3096.28,581,9,2950.92,Risque moyen,-0.894734471223939,0.4799958124904828,Revenu moyen
6914,39,M,Tecnico,Sur,2022.55,3840.99,580,6,5829.05,Risque moyen,-0.10221982026704786,-0.44800929131693396,Revenu moyen
6915,75,M,Secundaria,Centro,2018.14,4177.78,607,12,8048.66,Risque moyen,-0.020942610703864755,1.7545238969003285,Revenu moyen
6916,66,M,Universitario,Norte,2037.75,3491.63,590,6,5642.44,Risque moyen,-0.13021661181359442,-0.47553274137239004,Revenu moyen
6917,40,F,Secundaria,Occidente,568.32,1545.57,395,8,2427.05,Risque élevé,-2.758207171860426,0.001818568659854973,Revenu faible
6918,42,M,Universitario,Centro,1741.78,4069.26,618,6,3300.03,Risque moyen,-0.20702248728527178,-0.5358073334759366,Revenu moyen
6919,51,F,Universitario,Centro,1522.58,4297.45,565,9,3520.34,Risque moyen,-0.7268567615085347,0.5580686598009147,Revenu moyen
6921,64,F,Secundaria,Occidente,2026.47,4744.39,615,5,8124.59,Risque moyen,0.594881745141805,-0.716697437828103,Revenu moyen
6922,22,M,Tecnico,Centro,4049.93,7652.64,671,9,14898.5,Risque faible,2.8304229852850127,1.2029493704316858,Revenu élevé
6926,23,F,Tecnico,Norte,3314.73,6272.94,684,7,10988.56,Risque faible,2.0313927718986973,0.24352208315910467,Revenu élevé
6929,21,F,Tecnico,Centro,1693.9,3182.59,556,2,4809.39,Risque moyen,-0.37480661275500643,-1.9600223151327765,Revenu moyen
6930,34,F,Primaria,Oriente,1382.16,2966.81,510,6,5526.35,Risque moyen,-0.9976598031230801,-0.5350606593683056,Revenu faible
6931,74,M,Secundaria,Inconnue,2225.21,3559.55,638,9,3437.65,Risque moyen,-0.1689300463970463,0.5475353743738293,Revenu moyen
6933,31,M,Tecnico,Sur,3619.6,7434.75,733,2,9692.18,Risque faible,2.872501703845305,-1.4992670351012172,Revenu élevé
6934,30,M,Secundaria,Norte,1039.67,1698.49,486,8,2058.24,Risque élevé,-2.0315053984992337,0.006314173773977472,Revenu faible
6935,24,F,Primaria,Centro,588.59,1539.84,468,8,3295.71,Risque élevé,-2.232273995714049,-0.009803957884769296,Revenu faible
6936,61,M,Tecnico,Oriente,1065.28,1586.09,529,4,3296.76,Risque moyen,-1.4145446433154956,-1.4193931294463171,Revenu faible
6937,72,M,Secundaria,Centro,1771.22,4189.35,584,7,2738.69,Risque moyen,-0.48944948514816483,-0.1658561034249176,Revenu moyen
6939,36,F,Tecnico,Norte,1594.93,3056.35,608,8,5083.09,Risque moyen,-0.48373752835035644,0.15141730928655686,Revenu moyen
6940,60,F,Postgrado,Occidente,2221.11,5189.13,656,6,6558.02,Risque faible,0.7883076837513496,-0.36865960098355116,Revenu moyen
6941,64,F,Universitario,Occidente,1295.59,1271.17,531,2,4104.08,Risque moyen,-1.1655434402409774,-2.1134859685372884,Revenu faible
6942,61,M,Secundaria,Centro,3178.75,6330.25,687,4,10669.22,Risque faible,2.159127009620425,-0.847390053204991,Revenu élevé
6944,34,M,Universitario,Occidente,1180.49,2324.36,541,9,4237.55,Risque moyen,-1.355304389470065,0.4380929634089603,Revenu faible
6945,52,M,Tecnico,Sur,1815.3,3435.68,542,5,5974.62,Risque moyen,-0.42075513352680277,-0.8284337685429756,Revenu moyen
6946,36,F,Primaria,Centro,1188.46,2543.72,480,12,4549.68,Risque élevé,-1.8198478930428068,1.558785993330815,Revenu faible
6947,37,M,Secundaria,Oriente,2213.12,2733.74,595,5,5414.6,Risque moyen,-0.14909287332123813,-0.8677226991700971,Revenu moyen
6948,53,M,Primaria,Norte,717.1,1610.32,476,12,3157.69,Risque élevé,-2.3807582093083264,1.430083444929681,Revenu faible
6949,52,M,Tecnico,Sur,3099.91,6686.52,722,7,11409.1,Risque faible,2.2961261227936745,0.23942458935498856,Revenu élevé
6950,49,M,Tecnico,Occidente,3302.66,5585.31,600,8,10989.97,Risque moyen,1.324058406504104,0.597917277432718,Revenu élevé
6951,75,M,Postgrado,Norte,3666.45,6190.46,724,5,17366.71,Risque faible,3.1757025127278333,-0.3167046531102572,Revenu élevé
6952,65,F,Tecnico,Sur,2473.53,4165.08,575,8,6601.03,Risque moyen,0.07950593412144166,0.3486007631643825,Revenu moyen
6953,61,M,Universitario,Sur,3591.04,7257.45,682,8,11201.08,Risque faible,2.302874219296007,0.6902047091294248,Revenu élevé
6954,57,F,Secundaria,Occidente,1179.64,1604.19,449,7,6445.78,Risque élevé,-1.6979443516694528,-0.22755006362165842,Revenu faible
6956,34,M,Universitario,Occidente,1813.4,4032.08,584,5,7347.65,Risque moyen,0.09287803642394445,-0.781908816643436,Revenu moyen
6957,24,M,Universitario,Centro,1050.4,1357.54,514,9,3332.01,Risque moyen,-1.8662687236204936,0.3613290675788615,Revenu faible
6958,60,F,Tecnico,Centro,2307.32,5047.0,647,9,7767.32,Risque moyen,0.6778725866121053,0.735408804480967,Revenu moyen
6960,18,F,Tecnico,Occidente,1165.44,2103.72,440,5,4685.5,Risque élevé,-1.7066798097755724,-0.9508198578041716,Revenu faible
6962,49,M,Secundaria,Occidente,1358.55,3229.38,561,7,500.0,Risque moyen,-1.2301967776963234,-0.3010917769959396,Revenu faible
6964,30,F,Secundaria,Oriente,1194.41,1537.33,564,8,3252.93,Risque moyen,-1.419501833924545,0.003617075526200505,Revenu faible
6966,75,F,Universitario,Norte,2599.9,4605.6,662,2,7437.1,Risque faible,1.1982402637315461,-1.7794869744179895,Revenu moyen
6969,65,F,Universitario,Centro,3729.26,6227.71,669,10,12596.86,Risque faible,2.0841634602744032,1.3962212449517821,Revenu élevé
6970,32,F,Universitario,Sur,1883.57,2431.19,582,4,3417.16,Risque moyen,-0.5697588023904935,-1.3135400754217597,Revenu moyen
6972,21,M,Postgrado,Sur,6904.06,11381.38,740,3,27203.68,Risque faible,6.85561449624278,-0.20716940675081782,Revenu élevé
6974,33,M,Postgrado,Norte,2437.11,4993.04,527,6,4714.1,Risque moyen,-0.1113849121853651,-0.3430559664203185,Revenu moyen
6975,45,M,Universitario,Occidente,3326.62,6376.96,634,10,12258.88,Risque moyen,1.7071190055327343,1.3746100300611104,Revenu élevé
6976,33,M,Secundaria,Centro,1836.18,3657.41,613,9,6321.78,Risque moyen,-0.1616225799340665,0.5925736706982632,Revenu moyen
6978,62,M,Secundaria,Norte,1496.37,3747.18,619,8,4966.79,Risque moyen,-0.32570508596294373,0.17449187173619438,Revenu faible
6980,45,M,Tecnico,Centro,2308.02,2605.42,557,10,8673.06,Risque moyen,-0.33825896108764936,1.012483385132903,Revenu moyen
6981,49,F,Secundaria,Inconnue,1966.0,2220.49,630,4,5435.65,Risque moyen,-0.09039281946439645,-1.2938770446379788,Revenu moyen
6983,19,M,Universitario,Norte,1145.08,2066.92,574,3,500.0,Risque moyen,-1.2391540441208997,-1.8249532524740386,Revenu faible
6986,71,F,Secundaria,Occidente,1405.93,2511.7,572,4,6663.67,Risque moyen,-0.4776545657901249,-1.2765137353585416,Revenu faible
6987,25,M,Tecnico,Centro,2470.15,3371.18,613,7,8884.74,Risque moyen,0.43035732120565084,-0.020796637016685306,Revenu moyen
6989,32,F,Universitario,Norte,2707.07,4503.74,593,9,8206.8,Risque moyen,0.4569718948939076,0.7762565409726556,Revenu moyen
6990,60,M,Primaria,Oriente,1496.61,3988.64,564,6,5704.38,Risque moyen,-0.3973729969941312,-0.4851958539089143,Revenu faible
6991,48,F,Secundaria,Centro,1002.02,1727.11,503,6,1529.94,Risque moyen,-1.8703744862052751,-0.7303453462758378,Revenu faible
6993,56,F,Secundaria,Norte,2611.26,4867.99,621,7,6969.51,Risque moyen,0.6568982355545494,0.032533515177415914,Revenu moyen
6994,62,M,Primaria,Centro,1516.25,2671.16,523,9,3362.88,Risque moyen,-1.337380551711937,0.4785312793896299,Revenu moyen
6995,19,M,Tecnico,Occidente,4339.59,7439.25,682,4,14172.65,Risque faible,3.2087631468942135,-0.5910122978679762,Revenu élevé
6996,25,M,Tecnico,Centro,1807.26,3670.53,537,9,4500.2,Risque moyen,-0.8050606784003521,0.5836106700265333,Revenu moyen
6998,73,M,Secundaria,Occidente,3975.74,7132.97,638,6,10190.31,Risque moyen,2.1993898521904005,0.0014763486420139437,Revenu élevé
6999,61,F,Tecnico,Norte,2348.72,4316.47,612,8,8895.52,Risque moyen,0.5127099160609796,0.38069169370363715,Revenu moyen
7001,56,M,Tecnico,Occidente,2273.14,3422.42,589,7,7917.15,Risque moyen,0.11846389829923898,-0.047672974232293074,Revenu moyen
7002,59,M,Tecnico,Norte,3585.64,6147.64,686,9,12535.33,Risque faible,2.1634585349600717,1.0112794553108904,Revenu élevé
7003,74,F,Postgrado,Oriente,2123.03,4072.47,604,5,5493.89,Risque moyen,0.15806584622188574,-0.8009594966367795,Revenu moyen
7006,47,F,Tecnico,Oriente,801.9,1281.88,446,9,500.0,Risque élevé,-2.6767998328134124,0.29984959193166283,Revenu faible
7007,27,F,Secundaria,Oriente,1030.05,913.36,483,8,4699.42,Risque élevé,-1.9484392720650354,0.0209332267249908,Revenu faible
7008,55,F,Universitario,Inconnue,6554.3,11426.81,748,8,24275.17,Risque faible,6.153309292220501,1.4801718725318644,Revenu élevé
7009,35,F,Universitario,Centro,2256.82,3225.52,633,8,6330.14,Risque moyen,0.10344294954840189,0.24124786708331833,Revenu moyen
7011,22,M,Universitario,Oriente,3483.58,6914.81,662,4,11375.82,Risque faible,2.3356373314963315,-0.7572227031022316,Revenu élevé
7012,70,F,Tecnico,Occidente,3341.37,6302.09,663,6,9482.15,Risque faible,1.832994096672561,-0.13441586284717094,Revenu élevé
7013,46,M,Secundaria,Sur,1281.18,2624.65,558,5,4017.03,Risque moyen,-0.9223043505634919,-0.9778111075297896,Revenu faible
7014,56,M,Universitario,Sur,1179.43,2064.09,497,10,5773.54,Risque élevé,-1.5746217133230267,0.8349959253327834,Revenu faible
7015,51,M,Secundaria,Centro,1006.66,724.37,501,10,4498.1,Risque moyen,-2.0379772495238573,0.7102318627196744,Revenu faible
7017,62,M,Postgrado,Norte,2022.84,1722.06,580,6,5382.23,Risque moyen,-0.59694130604974,-0.5809200015873044,Revenu moyen
7018,40,F,Secundaria,Sur,1014.95,2383.32,542,3,3683.69,Risque moyen,-1.0879292928420483,-1.7326468669120672,Revenu faible
7020,47,F,Universitario,Norte,1655.41,3041.75,560,7,2791.92,Risque moyen,-0.916698410154359,-0.2314173693869968,Revenu moyen
7021,23,M,Postgrado,Occidente,7035.6,12090.54,717,4,26436.09,Risque faible,6.78417027218522,0.1970497523333249,Revenu élevé
7022,73,F,Universitario,Occidente,2124.74,3745.98,567,8,3555.17,Risque moyen,-0.5145661488768929,0.22581225684501993,Revenu moyen
7023,75,F,Tecnico,Occidente,964.28,2218.7,462,9,1985.45,Risque élevé,-2.163916653065303,0.39601144365734675,Revenu faible
7024,63,F,Tecnico,Centro,3181.81,6043.9,684,6,11168.25,Risque faible,2.0083204116920546,-0.13593163123862234,Revenu élevé
7025,61,M,Secundaria,Centro,6640.05,11078.64,718,4,27040.01,Risque faible,6.472548100951395,0.11388718483388317,Revenu élevé
7027,46,M,Postgrado,Centro,3735.65,7257.25,646,2,10626.87,Risque moyen,2.4673597049537306,-1.438209102257433,Revenu élevé
7029,23,F,Primaria,Occidente,975.4,3204.38,462,4,818.84,Risque élevé,-1.7577167061700332,-1.3599985373878458,Revenu faible
7031,59,F,Universitario,Norte,1205.66,2016.78,487,9,1788.94,Risque élevé,-1.9790339284361174,0.3916182888027475,Revenu faible
7032,35,F,Universitario,Norte,2245.6,3743.19,615,5,5710.29,Risque moyen,0.22638375746296155,-0.8084254234963828,Revenu moyen
7034,57,F,Tecnico,Occidente,1114.67,1221.23,486,6,5247.66,Risque élevé,-1.6489866750980224,-0.6572479963571158,Revenu faible
7035,75,M,Secundaria,Centro,1120.81,541.18,528,11,3594.11,Risque moyen,-2.025562776067714,1.0354739103182653,Revenu faible
7037,26,F,Tecnico,Sur,2640.18,5945.8,651,7,10667.93,Risque faible,1.4534738499321864,0.16786861869268022,Revenu moyen
7039,27,M,Secundaria,Norte,750.93,1581.41,519,5,2565.79,Risque moyen,-1.7430854893418932,-1.1040800351960387,Revenu faible
7040,37,M,Secundaria,Sur,1904.48,3295.58,571,12,5913.92,Risque moyen,-0.6862418774653584,1.6604977280906825,Revenu moyen
7042,65,M,Postgrado,Sur,2657.11,4293.68,590,5,6553.5,Risque moyen,0.4542193890089255,-0.7069770921323254,Revenu moyen
7043,73,M,Postgrado,Oriente,3176.08,6273.46,660,7,10549.38,Risque faible,1.7873453346594783,0.23121213282644595,Revenu élevé
7044,20,F,Universitario,Centro,4861.39,8950.87,680,4,16882.02,Risque faible,4.013157513346719,-0.3915029162890979,Revenu élevé
7045,59,M,Universitario,Occidente,2192.73,3419.33,624,6,7190.37,Risque moyen,0.2780795088472848,-0.44526640602416445,Revenu moyen
7046,28,M,Tecnico,Oriente,2470.28,5068.85,672,3,8547.62,Risque faible,1.35263728886386,-1.3868166970193787,Revenu moyen
7048,34,M,Universitario,Norte,3512.8,7264.31,640,7,11966.25,Risque moyen,2.1655763937932404,0.36177688384990325,Revenu élevé
7049,49,F,Secundaria,Occidente,1238.72,2109.43,528,10,2749.27,Risque moyen,-1.668283056998852,0.7609618490890042,Revenu faible
7051,21,M,Secundaria,Centro,1627.86,2236.55,538,12,2270.67,Risque moyen,-1.594204140552579,1.5052392953992786,Revenu moyen
7052,34,F,Secundaria,Sur,1151.29,1690.51,430,5,2135.17,Risque élevé,-2.1207488883427508,-1.0292696960700287,Revenu faible
7055,22,F,Primaria,Centro,802.73,0.0,488,9,2951.29,Risque élevé,-2.4493422957614692,0.2621202125061404,Revenu faible
7056,49,M,Tecnico,Norte,1503.69,2656.93,520,8,4317.09,Risque moyen,-1.2028589873178128,0.14186011199815315,Revenu moyen
7058,73,M,Tecnico,Centro,1488.91,2102.36,596,5,2944.74,Risque moyen,-0.8327486109286256,-1.0296315126065922,Revenu faible
7061,39,M,Universitario,Occidente,5987.46,10666.24,783,4,25033.04,Risque faible,6.2892659640250415,-0.046843967455874456,Revenu élevé
7062,18,M,Tecnico,Centro,3803.26,7537.67,674,7,11890.22,Risque faible,2.5369712909944244,0.38828705884637005,Revenu élevé
7063,37,M,Primaria,Sur,981.77,1537.32,481,7,3131.11,Risque élevé,-1.9466299395517301,-0.33961455513815714,Revenu faible
7064,39,F,Postgrado,Oriente,2672.25,5810.29,696,2,7918.37,Risque faible,1.7331492169419798,-1.7071776706132158,Revenu moyen
7065,65,F,Secundaria,Sur,1418.55,1913.81,547,4,3792.48,Risque moyen,-1.0408756499041318,-1.3636194192091862,Revenu faible
7067,28,M,Secundaria,Centro,1394.02,2905.56,530,4,4698.09,Risque moyen,-0.8480450772566014,-1.2803416907719742,Revenu faible
7068,30,F,Secundaria,Occidente,1475.98,2906.16,532,6,2535.85,Risque moyen,-1.1488576132927382,-0.6071337023729235,Revenu faible
7069,59,M,Postgrado,Norte,4871.31,9584.67,699,5,19373.91,Risque faible,4.456670013089531,0.051528185759768676,Revenu élevé
7070,20,M,Primaria,Norte,777.38,1742.71,476,8,1538.15,Risque élevé,-2.2438236299097567,-0.02337742783361004,Revenu faible
7071,26,M,Secundaria,Centro,1112.57,3200.63,489,8,2761.5,Risque élevé,-1.5929568553058122,0.11489070727756676,Revenu faible
7072,29,F,Secundaria,Occidente,764.71,1626.11,543,5,3840.23,Risque moyen,-1.4558383454412231,-1.082170326673709,Revenu faible
7073,40,F,Secundaria,Norte,1248.28,3063.68,537,7,4968.45,Risque moyen,-0.9938948424062737,-0.20940085289321186,Revenu faible
7076,35,M,Secundaria,Sur,2601.55,4323.57,646,10,10618.53,Risque moyen,0.8716597390462016,1.1439816798954934,Revenu moyen
7077,66,M,Tecnico,Sur,1272.93,2098.3,445,8,3428.92,Risque élevé,-1.949992251077512,0.10116204917245038,Revenu faible
7078,58,M,Universitario,Norte,1188.65,3865.2,516,6,4250.96,Risque moyen,-0.9836647099913396,-0.5329530845854954,Revenu faible
7079,26,F,Tecnico,Occidente,1816.7,2818.64,603,8,5320.64,Risque moyen,-0.44658812171712026,0.16639480116643796,Revenu moyen
7080,40,F,Tecnico,Oriente,1651.61,3310.86,517,8,3657.42,Risque moyen,-1.087924889769497,0.18030776478091212,Revenu moyen
7082,36,F,Universitario,Norte,2461.92,4616.41,636,4,7906.04,Risque moyen,0.9131173134592193,-1.0545725573424714,Revenu moyen
7085,64,F,Tecnico,Norte,1489.96,1782.75,552,7,1380.12,Risque moyen,-1.4444985890645425,-0.34848527423522946,Revenu faible
7087,40,F,Secundaria,Centro,1857.44,3940.3,647,4,6137.55,Risque moyen,0.4007815634225948,-1.196309728125653,Revenu moyen
7088,47,F,Primaria,Norte,879.54,1959.52,499,6,3528.36,Risque élevé,-1.6906611159315073,-0.6815735708128273,Revenu faible
7089,42,F,Primaria,Centro,1534.18,2929.41,549,4,3411.15,Risque moyen,-0.8047945337730837,-1.3032416946507586,Revenu moyen
7093,73,M,Secundaria,Occidente,3070.48,6656.32,649,7,8348.85,Risque moyen,1.5338092261352065,0.198552460354665,Revenu élevé
7096,42,M,Primaria,Sur,1240.83,2365.23,555,6,5588.31,Risque moyen,-0.9129755581830241,-0.6022603192371225,Revenu faible
7099,59,M,Secundaria,Norte,700.74,1324.72,476,9,4898.08,Risque élevé,-2.08199863970562,0.37860207598085516,Revenu faible
7101,63,M,Primaria,Norte,1782.89,2039.46,603,6,7923.88,Risque moyen,-0.23362106121733128,-0.5382914246990722,Revenu moyen
7102,75,M,Universitario,Inconnue,1077.26,2289.48,471,6,2726.08,Risque élevé,-1.785325245396504,-0.6491313871893988,Revenu faible
7103,47,F,Postgrado,Sur,3067.29,5422.99,619,4,10944.04,Risque moyen,1.548470327875416,-0.8737903692650157,Revenu élevé
7104,72,M,Primaria,Norte,1479.7,3120.68,562,9,4123.63,Risque moyen,-0.9498278892873525,0.5007490152012786,Revenu faible
7105,58,F,Postgrado,Oriente,5004.71,8631.87,628,8,15953.23,Risque moyen,3.3541254552034823,1.0363488447632592,Revenu élevé
7107,31,F,Tecnico,Centro,1576.82,4660.94,568,2,4080.12,Risque moyen,-0.11466781920936418,-1.9073645915485018,Revenu moyen
7109,69,M,Tecnico,Norte,1396.54,2368.23,547,8,6228.44,Risque moyen,-0.9537007192822793,0.14596198092115184,Revenu faible
7111,51,M,Secundaria,Inconnue,1600.38,2988.47,541,4,4833.62,Risque moyen,-0.6657192696825087,-1.2577537488292645,Revenu moyen
7112,27,F,Tecnico,Sur,1907.37,3671.96,520,5,5371.76,Risque moyen,-0.5235895039326286,-0.8096853116637959,Revenu moyen
7115,28,F,Postgrado,Occidente,5915.54,10445.47,729,4,19285.09,Risque faible,5.304761893091677,-0.17211838405691474,Revenu élevé
7116,38,F,Postgrado,Centro,1591.49,3060.77,515,5,2825.04,Risque moyen,-1.075744492985811,-0.930540605082517,Revenu moyen
7117,38,M,Postgrado,Sur,5506.71,8475.73,740,4,21280.36,Risque faible,4.98628982414628,-0.28512554808778756,Revenu élevé
7118,39,M,Universitario,Occidente,3800.87,7775.03,682,8,14021.5,Risque faible,2.789607762823466,0.8039623675537668,Revenu élevé
7121,72,F,Secundaria,Occidente,1908.65,6215.77,604,6,4941.47,Risque moyen,0.40354888651644955,-0.35206037254756534,Revenu moyen
7122,34,F,Postgrado,Occidente,4680.94,8910.1,698,5,16852.91,Risque faible,3.9696423295324124,-0.06225747840588969,Revenu élevé
7123,19,F,Primaria,Centro,2067.6,4282.06,526,13,5839.04,Risque moyen,-0.7440908555744389,2.1093639653023093,Revenu moyen
7127,35,F,Secundaria,Norte,1075.87,811.05,494,6,1714.01,Risque élevé,-2.0677197148079713,-0.7682004823584838,Revenu faible
7132,68,M,Universitario,Norte,3964.92,7676.18,716,4,15829.82,Risque faible,3.472746733020989,-0.5908333963233355,Revenu élevé
7133,35,F,Primaria,Inconnue,518.76,1285.16,487,8,5050.7,Risque élevé,-2.0234523113252187,-0.0001062762565492654,Revenu faible
7135,70,M,Universitario,Centro,4952.07,7579.51,671,7,16826.97,Risque faible,3.514351755220808,0.6131513855859323,Revenu élevé
7136,43,M,Primaria,Centro,1572.58,3567.68,532,6,4519.44,Risque moyen,-0.7647741138885047,-0.5147397150622117,Revenu moyen
7140,61,F,Primaria,Occidente,1961.67,2281.56,627,5,6978.77,Risque moyen,-0.0010129003116664417,-0.8969501331483695,Revenu moyen
7141,60,F,Tecnico,Occidente,1952.28,2724.56,545,10,6980.09,Risque moyen,-0.7058572433544936,0.9526163532797735,Revenu moyen
7143,64,M,Secundaria,Norte,3025.37,6721.72,674,7,10652.32,Risque faible,1.9123698246157868,0.238859178004824,Revenu élevé
7145,59,M,Secundaria,Sur,2579.49,5246.43,607,7,7602.93,Risque moyen,0.7064667606433385,0.07206352148555797,Revenu moyen
7146,29,M,Tecnico,Occidente,2225.7,5332.88,575,10,6067.68,Risque moyen,0.043798163001555784,1.095759388039384,Revenu moyen
7147,30,M,Secundaria,Centro,1355.45,3745.76,538,7,2548.12,Risque moyen,-1.0471835878704117,-0.21480368416913903,Revenu faible
7148,21,M,Secundaria,Norte,4312.06,8235.13,667,8,14562.18,Risque faible,3.0676790869851183,0.8983321575860848,Revenu élevé
7149,56,F,Universitario,Sur,3066.57,5040.83,650,10,7888.75,Risque faible,0.9610623825039657,1.1663815014331311,Revenu élevé
7152,43,F,Secundaria,Occidente,1723.39,3241.61,588,3,4758.49,Risque moyen,-0.22942090096315046,-1.6117755102839977,Revenu moyen
7154,44,F,Universitario,Norte,3389.99,6633.78,615,7,11979.37,Risque moyen,1.8349671879585299,0.3250674154882933,Revenu élevé
7155,32,M,Tecnico,Sur,1846.04,3488.13,627,5,7572.8,Risque moyen,0.2673615304521906,-0.8245967340095877,Revenu moyen
7156,25,F,Tecnico,Centro,766.77,669.54,421,6,1565.3,Risque élevé,-2.67149734170263,-0.7763697108340728,Revenu faible
7157,24,M,Postgrado,Centro,2197.45,4025.67,566,9,5930.39,Risque moyen,-0.24953471328242796,0.6606645825274068,Revenu moyen
7159,72,F,Primaria,Sur,1893.33,3243.12,568,9,4037.11,Risque moyen,-0.7248337229437413,0.5426157372525492,Revenu moyen
7160,63,F,Tecnico,Norte,1175.76,1087.71,538,8,1116.59,Risque moyen,-1.8948143997251894,-0.06081296383093491,Revenu faible
7161,57,M,Secundaria,Centro,1210.32,1492.68,553,7,3363.44,Risque moyen,-1.4132140333957173,-0.34757413894104344,Revenu faible
7162,29,M,Universitario,Centro,1774.82,2109.17,606,5,3311.25,Risque moyen,-0.6155235381059363,-0.9982017925765161,Revenu moyen
7163,30,M,Primaria,Norte,2257.62,3513.54,518,12,5861.74,Risque moyen,-0.8098807920974426,1.7294686666581616,Revenu moyen
7164,60,M,Secundaria,Oriente,776.95,487.59,403,11,500.0,Risque élevé,-3.233502297066753,0.9859160666965366,Revenu faible
7165,34,M,Secundaria,Sur,1120.9,2457.22,519,9,4580.7,Risque moyen,-1.4462476057517155,0.45777414547370177,Revenu faible
7166,34,F,Primaria,Centro,1224.86,2753.5,541,7,993.98,Risque moyen,-1.453802145778303,-0.32125407957289465,Revenu faible
7167,73,M,Secundaria,Centro,831.71,2704.76,522,8,4341.2,Risque moyen,-1.458930582915537,0.08022821565898833,Revenu faible
7168,53,F,Tecnico,Centro,1909.63,3396.89,599,7,5586.68,Risque moyen,-0.21901854723017825,-0.1409797040736651,Revenu moyen
7169,38,M,Secundaria,Norte,930.89,1621.06,437,6,500.0,Risque élevé,-2.416585446225758,-0.7368469109777838,Revenu faible
7172,43,F,Tecnico,Oriente,1663.57,2092.7,506,10,4849.65,Risque moyen,-1.4083789827566946,0.8578655710704858,Revenu moyen
7173,33,M,Tecnico,Occidente,1372.54,1748.91,496,6,3620.82,Risque élevé,-1.537696806149392,-0.6433526927564975,Revenu faible
7175,45,F,Secundaria,Sur,2644.73,5494.2,618,10,6200.5,Risque moyen,0.5195032508345547,1.1286988903101207,Revenu moyen
7176,71,M,Universitario,Centro,3750.03,8662.04,679,12,12946.07,Risque faible,2.578346744877762,2.257852864897286,Revenu élevé
7177,46,M,Secundaria,Norte,2989.49,4559.53,656,8,7968.76,Risque faible,0.9954047164822601,0.4151040462839174,Revenu moyen
7178,64,F,Tecnico,Sur,1817.02,2413.42,525,10,5547.22,Risque moyen,-1.09298542376876,0.898300234122414,Revenu moyen
7181,47,F,Universitario,Centro,1216.57,2621.98,519,8,5420.01,Risque moyen,-1.2227720362422836,0.13784775911919855,Revenu faible
7183,33,M,Postgrado,Centro,2740.19,3712.04,644,5,9477.11,Risque moyen,0.9834644175929946,-0.6909975224696958,Revenu moyen
7186,24,F,Primaria,Centro,818.11,492.41,525,4,2987.04,Risque moyen,-1.8047660978051479,-1.5115552465662259,Revenu faible
7187,62,F,Universitario,Occidente,1788.75,2931.14,609,6,7578.21,Risque moyen,-0.042413620986545705,-0.4965546138801055,Revenu moyen
7188,69,M,Postgrado,Norte,4145.83,9295.92,683,8,13257.43,Risque faible,3.183296171723892,0.9072898675300896,Revenu élevé
7190,46,M,Secundaria,Norte,4235.6,7361.16,681,6,14602.18,Risque faible,3.0620420893104,0.11984475156040199,Revenu élevé
7192,32,F,Universitario,Inconnue,2994.63,6479.62,630,10,9408.93,Risque moyen,1.2742583396355676,1.286298169243143,Revenu moyen
7193,53,M,Secundaria,Inconnue,4366.63,6717.2,792,7,18879.24,Risque faible,4.0099089864162,0.4992876277484336,Revenu élevé
7194,64,M,Tecnico,Norte,2195.94,4352.21,616,7,5959.07,Risque moyen,0.24114444553258677,-0.057542722619759124,Revenu moyen
7195,63,M,Primaria,Oriente,1519.72,3121.27,509,14,4043.65,Risque moyen,-1.5655040265033457,2.314486936583682,Revenu moyen
7196,69,M,Tecnico,Occidente,511.39,1802.96,431,9,743.98,Risque élevé,-2.7508482264454632,0.31463423924288647,Revenu faible
7197,36,M,Tecnico,Centro,1495.71,3142.03,576,8,4073.58,Risque moyen,-0.7988952980972732,0.13851160234677667,Revenu faible
7199,59,F,Universitario,Inconnue,1762.0,3441.62,554,9,3927.03,Risque moyen,-0.8312575702458433,0.5454187052005227,Revenu moyen
7200,38,F,Primaria,Oriente,1311.36,2605.17,541,8,4093.05,Risque moyen,-1.1935278766977935,0.10601127501040007,Revenu faible
7201,54,F,Tecnico,Occidente,2547.89,6084.53,651,8,11180.89,Risque faible,1.434514174702511,0.5362777424902353,Revenu moyen
7202,44,F,Tecnico,Centro,2740.19,4944.56,605,8,6163.52,Risque moyen,0.4875712874264917,0.3958127296704065,Revenu moyen
7205,46,M,Universitario,Centro,2516.48,3706.86,636,5,6488.19,Risque moyen,0.5351440546693159,-0.7765812773190522,Revenu moyen
7206,37,M,Postgrado,Norte,2706.38,4488.37,591,5,7771.92,Risque moyen,0.6469790927649668,-0.6639033604613117,Revenu moyen
7209,53,F,Secundaria,Norte,1311.99,1169.75,562,12,3638.46,Risque moyen,-1.6704697508913469,1.4334028539540606,Revenu faible
7210,19,M,Secundaria,Occidente,1298.98,3296.52,514,9,1935.42,Risque moyen,-1.4950216794170803,0.4658602700634076,Revenu faible
7212,49,M,Secundaria,Norte,2906.51,5006.41,643,5,9677.63,Risque moyen,1.3418394874417228,-0.5951250388624578,Revenu moyen
7216,71,M,Postgrado,Centro,1880.95,2648.32,574,9,5545.18,Risque moyen,-0.6659388702816261,0.5383417992887288,Revenu moyen
7217,53,F,Postgrado,Centro,5325.84,10396.18,687,6,18364.29,Risque faible,4.58159268110346,0.48204444004479047,Revenu élevé
7218,47,F,Secundaria,Norte,6548.13,10992.72,750,8,23201.28,Risque faible,5.960297301456634,1.4292443621876072,Revenu élevé
7219,62,F,Universitario,Centro,1618.91,3095.62,628,5,6273.31,Risque moyen,-0.03809687648591678,-0.898823827121471,Revenu moyen
7220,36,F,Primaria,Norte,875.91,2338.38,486,8,951.54,Risque élevé,-2.0778568843019976,0.0027852987452525635,Revenu faible
7221,40,F,Secundaria,Sur,1167.87,1160.39,513,12,1151.77,Risque moyen,-2.276150996609415,1.3849694904875558,Revenu faible
7223,30,F,Secundaria,Centro,1378.64,1985.2,525,7,2898.87,Risque moyen,-1.4510403192409154,-0.3008766993630382,Revenu faible
7224,60,F,Postgrado,Centro,2712.22,4521.77,688,7,12520.98,Risque faible,1.5897066878887458,0.11741379460016595,Revenu moyen
7226,46,M,Tecnico,Centro,2161.58,5000.95,492,6,4678.97,Risque élevé,-0.43424402415354046,-0.3538998872875739,Revenu moyen
7229,69,F,Secundaria,Sur,1552.2,1745.57,594,6,4323.28,Risque moyen,-0.8146968595176532,-0.6546538440193941,Revenu moyen
7230,69,M,Tecnico,Centro,1560.57,4784.71,499,5,5333.27,Risque élevé,-0.5600580298369718,-0.7696499979574961,Revenu moyen
7231,64,M,Tecnico,Occidente,2089.21,4161.04,599,8,6076.86,Risque moyen,0.0056680651260414515,0.28908446600847887,Revenu moyen
7232,53,F,Tecnico,Oriente,1151.26,2744.07,511,7,1186.45,Risque moyen,-1.6432797135219668,-0.3109622193721934,Revenu faible
7233,26,M,Secundaria,Norte,2371.49,3883.47,592,3,7239.78,Risque moyen,0.45528403148709545,-1.4585056942992431,Revenu moyen
7234,56,M,Secundaria,Norte,2044.21,4535.85,637,5,7621.06,Risque moyen,0.6358615349939362,-0.7483800740007008,Revenu moyen
7235,68,M,Tecnico,Inconnue,2094.07,3880.48,716,7,6520.93,Risque faible,0.7447379768889795,-0.12690957169460243,Revenu moyen
7236,36,F,Postgrado,Centro,2722.28,5671.83,639,8,8049.08,Risque moyen,1.0277880432362707,0.4635845222534508,Revenu moyen
7237,55,F,Universitario,Centro,5148.9,8530.05,764,3,19741.12,Risque faible,4.894182752845845,-0.7192447551741822,Revenu élevé
7238,23,F,Primaria,Sur,903.17,1770.42,532,8,1759.41,Risque moyen,-1.8332432635469023,-0.0299858389587411,Revenu faible
7239,69,F,Primaria,Occidente,862.68,0.0,583,9,511.15,Risque moyen,-2.1158075516916828,0.16991764470640194,Revenu faible
7240,64,M,Secundaria,Norte,1362.75,2952.13,575,7,2284.81,Risque moyen,-1.0216201686178676,-0.28272181878038305,Revenu faible
7242,74,M,Secundaria,Centro,3041.07,3994.23,650,1,8716.74,Risque faible,1.3760437566392523,-2.096121485204625,Revenu élevé
7245,49,M,Secundaria,Norte,1482.17,3062.7,529,8,1762.08,Risque moyen,-1.3351557236140632,0.10152790050602564,Revenu faible
7247,67,M,Universitario,Sur,3013.38,6983.69,713,8,9883.51,Risque faible,2.050947428602912,0.5755393949455296,Revenu élevé
7249,22,M,Secundaria,Oriente,2043.62,6068.71,600,6,5527.99,Risque moyen,0.4653830754109812,-0.3326630230896145,Revenu moyen
7250,37,M,Secundaria,Centro,1210.84,2188.95,476,10,500.0,Risque élevé,-2.199901804200815,0.7354773382284935,Revenu faible
7252,28,F,Tecnico,Inconnue,3155.08,4414.55,636,6,11590.35,Risque moyen,1.4128175263304177,-0.20178984352392026,Revenu élevé
7253,54,F,Secundaria,Occidente,1514.79,2741.96,562,13,4592.12,Risque moyen,-1.2173002259705605,1.9230015085966328,Revenu moyen
7255,75,F,Universitario,Oriente,1523.33,1941.58,560,12,1856.91,Risque moyen,-1.6133529266166582,1.4589211952517216,Revenu moyen
7256,21,F,Secundaria,Centro,937.03,0.0,454,4,3593.5,Risque élevé,-2.214983606679405,-1.4831006540414915,Revenu faible
7259,51,F,Universitario,Norte,1802.29,2666.8,471,10,3573.97,Risque élevé,-1.5657136652443022,0.8912874633182187,Revenu moyen
7262,26,F,Tecnico,Norte,1112.45,2812.65,433,15,2628.77,Risque élevé,-2.455763797435939,2.6175711516971223,Revenu faible
7264,48,M,Secundaria,Centro,1674.8,3216.49,593,7,7756.92,Risque moyen,-0.16779652284031524,-0.1220638853993791,Revenu moyen
7265,24,M,Primaria,Centro,2799.16,4407.3,678,5,10409.88,Risque faible,1.4511886216007253,-0.6392904691018674,Revenu moyen
7267,36,M,Universitario,Sur,2820.29,4011.56,625,5,7301.03,Risque moyen,0.7452088223449013,-0.7066351701161012,Revenu moyen
7268,59,M,Secundaria,Norte,1375.38,3761.19,544,5,3102.11,Risque moyen,-0.8184523229751203,-0.9173244510470913,Revenu faible
7269,47,F,Universitario,Inconnue,994.59,1829.68,492,8,3292.84,Risque élevé,-1.8604969948139276,0.034828976790959795,Revenu faible
7270,48,F,Tecnico,Centro,1665.95,2362.12,519,7,4634.07,Risque moyen,-1.108467180428465,-0.20971806514507454,Revenu moyen
7271,52,M,Tecnico,Oriente,1159.4,1870.79,504,8,2711.69,Risque moyen,-1.772045982300864,0.034383453708263914,Revenu faible
7275,36,M,Primaria,Centro,1175.38,2675.35,519,6,4226.65,Risque moyen,-1.2261637703506074,-0.6050956120644879,Revenu faible
7277,70,F,Primaria,Sur,1839.45,2651.9,593,9,6982.26,Risque moyen,-0.4232016918671457,0.5585255411360627,Revenu moyen
7278,49,M,Secundaria,Centro,2668.85,4491.74,648,11,10602.09,Risque moyen,0.8829720966290472,1.5164419950524854,Revenu moyen
7279,19,M,Universitario,Centro,2962.58,4830.88,641,9,11688.07,Risque moyen,1.2726769005177188,0.8766608726245999,Revenu moyen
7280,69,M,Tecnico,Centro,2190.66,5445.76,569,9,6008.05,Risque moyen,0.0741574742965026,0.742747857627686,Revenu moyen
7283,19,F,Tecnico,Norte,1520.29,3696.71,546,9,500.0,Risque moyen,-1.276909709828704,0.4633046135585054,Revenu moyen
7287,33,F,Primaria,Centro,912.49,1565.7,485,7,500.0,Risque élevé,-2.216055063303862,-0.40584665873108566,Revenu faible
7288,33,M,Universitario,Oriente,5314.76,9313.4,689,10,17941.12,Risque faible,4.065914817232784,1.8380252837452022,Revenu élevé
7289,63,M,Secundaria,Norte,1142.83,1692.61,460,10,3879.87,Risque élevé,-2.080683896407267,0.7838213585307502,Revenu faible
7290,56,F,Secundaria,Occidente,3682.06,7048.48,676,5,13006.28,Risque faible,2.6340342198303124,-0.342433812150548,Revenu élevé
7291,70,F,Tecnico,Norte,1059.04,1055.32,424,11,2964.22,Risque élevé,-2.6189831434963122,1.0919647411729967,Revenu faible
7293,60,M,Primaria,Norte,1526.1,3457.51,593,8,3219.69,Risque moyen,-0.706982484552922,0.13274412977311847,Revenu moyen
7294,41,F,Tecnico,Sur,2102.32,4715.93,561,7,6289.41,Risque moyen,-0.010568848786250936,-0.01315784457606286,Revenu moyen
7295,18,F,Tecnico,Occidente,1863.42,4705.62,560,7,6053.16,Risque moyen,-0.14259057871018904,-0.04141626563177694,Revenu moyen
7296,28,M,Primaria,Oriente,2070.65,3401.63,526,6,4754.19,Risque moyen,-0.6032990097135208,-0.4688857340703621,Revenu moyen
7297,72,F,Tecnico,Sur,2328.15,2809.71,674,5,5519.71,Risque faible,0.3906313922475233,-0.8855367974499416,Revenu moyen
7300,24,M,Primaria,Oriente,1674.76,3709.17,545,8,2513.63,Risque moyen,-0.9465152251695487,0.1671480007762755,Revenu moyen
7301,43,F,Universitario,Centro,1972.52,3919.58,616,6,6476.28,Risque moyen,0.17180695543061814,-0.4497956136720096,Revenu moyen
7302,64,M,Primaria,Oriente,2092.62,4275.95,625,9,7057.85,Risque moyen,0.22262280500627682,0.6641109526563035,Revenu moyen
7303,67,F,Secundaria,Occidente,3013.77,5972.27,675,7,10171.29,Risque faible,1.7052379457449947,0.1829831797469226,Revenu élevé
7304,29,F,Secundaria,Sur,1515.31,4244.3,553,4,3944.8,Risque moyen,-0.4557474048000155,-1.2185513826647554,Revenu moyen
7306,34,F,Secundaria,Occidente,1678.83,2320.83,661,8,9235.46,Risque faible,0.13348164001535714,0.18677927985339754,Revenu moyen
7308,28,F,Secundaria,Sur,1321.91,2995.33,543,9,4636.13,Risque moyen,-1.1014326235733805,0.4985790520442622,Revenu faible
7309,45,F,Primaria,Norte,725.43,339.46,525,7,2206.11,Risque moyen,-2.143477394797725,-0.4742029531280479,Revenu faible
7310,49,F,Universitario,Occidente,1808.14,3917.44,587,8,6105.84,Risque moyen,-0.23088478064683823,0.2542287493084994,Revenu moyen
7311,18,F,Tecnico,Centro,1792.2,2871.16,626,3,4975.29,Risque moyen,-0.033355761920057556,-1.638895998782922,Revenu moyen
7312,64,F,Primaria,Sur,2387.33,4712.16,666,11,8719.83,Risque faible,0.7248986443370545,1.4517387996545705,Revenu moyen
7313,45,M,Secundaria,Norte,1761.88,2137.33,637,3,3133.09,Risque moyen,-0.32586353178235794,-1.730919648126279,Revenu moyen
7314,70,M,Primaria,Sur,2114.59,2261.54,630,3,5596.14,Risque moyen,0.05928087161491982,-1.6312751212100298,Revenu moyen
7316,24,M,Secundaria,Occidente,2673.36,6412.73,604,7,8740.83,Risque moyen,1.091914285167453,0.17569472190571087,Revenu moyen
7317,19,F,Primaria,Norte,1540.73,2806.41,619,4,3903.37,Risque moyen,-0.3657258051986506,-1.3301290340338863,Revenu moyen
7320,21,M,Universitario,Centro,1927.94,2763.42,554,12,6543.83,Risque moyen,-0.8245825002308745,1.653773694910769,Revenu moyen
7322,36,F,Primaria,Oriente,1633.57,3370.59,567,8,3507.02,Risque moyen,-0.8040380974920402,0.15614615033835563,Revenu moyen
7323,43,M,Secundaria,Centro,1891.79,3000.79,565,5,6483.52,Risque moyen,-0.2934164854257195,-0.8452037816105759,Revenu moyen
7324,28,M,Tecnico,Centro,2667.17,5270.36,599,6,7000.26,Risque moyen,0.7016890784685492,-0.2857822656590052,Revenu moyen
7325,57,F,Primaria,Sur,1042.48,1446.49,494,2,3873.6,Risque élevé,-1.4753919524884367,-2.1160033375797327,Revenu faible
7326,67,F,Secundaria,Norte,2278.47,4195.4,644,7,8825.89,Risque moyen,0.701365887785172,-0.0065683582511404,Revenu moyen
7327,60,F,Secundaria,Norte,1556.47,3080.73,541,13,5005.5,Risque moyen,-1.2092559809481322,1.9654095668865665,Revenu moyen
7328,28,F,Secundaria,Centro,2474.63,5935.66,615,4,7412.26,Risque moyen,1.0237129766056972,-0.9785908727044985,Revenu moyen
7329,62,F,Secundaria,Norte,2127.22,3126.12,672,3,7272.85,Risque faible,0.6669728918562378,-1.5609539642254218,Revenu moyen
7330,20,M,Primaria,Centro,828.66,1969.65,489,6,2710.91,Risque élevé,-1.8524927593287317,-0.6998125047594991,Revenu faible
7331,29,F,Tecnico,Occidente,1998.56,4275.6,639,4,7352.03,Risque moyen,0.6083086336178716,-1.1323680534299263,Revenu moyen
7332,20,M,Postgrado,Norte,1694.26,4880.33,571,7,5491.99,Risque moyen,-0.1690455940806499,-0.06504720817617676,Revenu moyen
7333,59,F,Tecnico,Oriente,3185.76,6950.01,652,10,14962.68,Risque faible,2.153187482476892,1.4474195979551898,Revenu élevé
7334,44,F,Secundaria,Sur,2032.64,4205.81,654,4,3318.57,Risque faible,0.2820035340684679,-1.2310893682560153,Revenu moyen
7335,66,F,Tecnico,Sur,2589.86,3107.38,578,6,8006.73,Risque moyen,0.19085260457753475,-0.38634074920808553,Revenu moyen
7337,19,M,Universitario,Norte,2532.56,5447.93,666,4,9159.78,Risque faible,1.4239931352694621,-0.98479831846267,Revenu moyen
7339,33,M,Tecnico,Sur,2731.31,4224.03,603,7,8271.03,Risque moyen,0.5982308225066311,0.04416581136506906,Revenu moyen
7340,19,F,Secundaria,Oriente,1028.93,3306.48,503,10,2724.06,Risque moyen,-1.6518811963581301,0.8210438357132346,Revenu faible
7343,37,F,Primaria,Centro,939.48,1712.29,443,12,3151.5,Risque élevé,-2.4611473696901296,1.4719043809519652,Revenu faible
7344,55,F,Secundaria,Centro,1660.06,2979.5,540,11,6959.14,Risque moyen,-0.8678542437322075,1.2988881857458672,Revenu moyen
7345,45,M,Secundaria,Centro,2094.0,5038.47,661,6,8157.98,Risque faible,0.8969769634375736,-0.35559414506488796,Revenu moyen
7346,42,M,Tecnico,Centro,2464.27,5767.54,651,8,11396.05,Risque faible,1.3545328649810087,0.51479449175371,Revenu moyen
7347,49,M,Universitario,Oriente,3996.4,7435.67,706,3,13176.21,Risque faible,3.1662029394310953,-1.014825143521694,Revenu élevé
7349,59,F,Primaria,Occidente,1082.48,1608.31,510,6,4006.37,Risque moyen,-1.5665957887282667,-0.6767369662476607,Revenu faible
7350,57,F,Universitario,Centro,2896.11,3764.86,679,6,10341.99,Risque faible,1.2919502361320445,-0.31170956819286033,Revenu moyen
7351,50,M,Postgrado,Centro,1880.98,2139.45,617,4,4787.55,Risque moyen,-0.2860602185346969,-1.3154770243809466,Revenu moyen
7352,30,M,Secundaria,Sur,1021.41,3997.8,500,12,500.0,Risque moyen,-1.8794461608877868,1.5266185831015726,Revenu faible
7356,59,M,Universitario,Sur,2495.1,4581.36,641,14,5473.66,Risque moyen,0.07440413540309238,2.4650093338816994,Revenu moyen
7357,64,F,Tecnico,Occidente,2020.31,3971.85,586,5,4911.47,Risque moyen,-0.07181560275045196,-0.8216464885377557,Revenu moyen
7358,54,M,Secundaria,Norte,1249.01,1500.63,470,7,4235.7,Risque élevé,-1.7942191272660588,-0.2863504258137065,Revenu faible
7359,71,F,Universitario,Centro,1724.81,4318.07,631,12,5494.14,Risque moyen,-0.2346217017425018,1.666153379313265,Revenu moyen
7360,33,M,Tecnico,Occidente,1676.31,2492.32,538,7,4120.55,Risque moyen,-1.0174689448392389,-0.22134221772306675,Revenu moyen
7361,62,M,Postgrado,Centro,2730.51,3547.68,622,7,7744.04,Risque moyen,0.5122889085348403,-0.015583780453183704,Revenu moyen
7365,67,M,Tecnico,Sur,1881.76,4027.59,596,3,5512.12,Risque moyen,0.12764078173887586,-1.5376815682858198,Revenu moyen
7366,60,M,Postgrado,Norte,3726.34,7731.62,728,12,9392.11,Risque faible,2.2948428199553716,2.0992679469776054,Revenu élevé
7368,58,F,Tecnico,Norte,2100.53,4833.54,624,5,7716.11,Risque moyen,0.6557089800584902,-0.7177544467487225,Revenu moyen
7369,33,M,Primaria,Centro,1226.93,2606.84,594,8,1671.9,Risque moyen,-1.1650719804130665,0.019477594447632845,Revenu faible
7370,51,F,Primaria,Occidente,1018.67,1577.75,527,11,500.0,Risque moyen,-2.172019012453799,1.0163413590093355,Revenu faible
7371,49,M,Universitario,Sur,1790.01,2624.65,625,9,6232.96,Risque moyen,-0.338232505909384,0.5208929917268071,Revenu moyen
7372,43,F,Tecnico,Centro,1856.12,2602.08,579,3,5248.75,Risque moyen,-0.3121710266325235,-1.621066439651094,Revenu moyen
7373,42,F,Tecnico,Inconnue,1136.26,2472.13,526,3,4514.43,Risque moyen,-1.0273577151029152,-1.6899560948362748,Revenu faible
7375,29,F,Universitario,Norte,1524.32,1290.0,553,8,4759.27,Risque moyen,-1.244332283687127,0.05972450838728263,Revenu moyen
7377,26,F,Secundaria,Norte,1418.04,2211.74,568,8,6505.94,Risque moyen,-0.8258408380608021,0.13575965100161624,Revenu faible
7379,43,M,Tecnico,Oriente,1113.29,2282.45,528,6,4449.08,Risque moyen,-1.2595425545493286,-0.6328139880503582,Revenu faible
7380,26,F,Universitario,Oriente,4877.73,8441.18,688,7,15902.56,Risque faible,3.6710498179756526,0.6274712722486998,Revenu élevé
7382,49,F,Secundaria,Sur,1485.31,2888.75,600,9,5983.14,Risque moyen,-0.58217820011533,0.5127666919502982,Revenu faible
7384,51,F,Secundaria,Norte,1542.25,1612.95,546,7,4458.43,Risque moyen,-1.1779963820081174,-0.2810622501941705,Revenu moyen
7385,65,F,Primaria,Sur,1178.51,2403.03,512,8,2883.15,Risque moyen,-1.5866237216971253,0.06733474116830157,Revenu faible
7386,37,F,Tecnico,Centro,637.13,1085.12,449,7,2171.01,Risque élevé,-2.473112969375687,-0.4059774327803097,Revenu faible
7388,19,F,Tecnico,Oriente,2173.15,3967.72,612,9,7470.4,Risque moyen,0.156774365579961,0.6690945600321334,Revenu moyen
7389,18,F,Primaria,Sur,777.43,1837.39,404,8,2273.15,Risque élevé,-2.5719430323305166,0.031137478192104107,Revenu faible
7391,53,F,Tecnico,Norte,1665.58,2337.4,593,10,5164.7,Risque moyen,-0.8114510608406373,0.8402052769903797,Revenu moyen
7393,71,M,Secundaria,Centro,1735.22,4014.51,573,7,5964.53,Risque moyen,-0.2751397829763776,-0.101555298332609,Revenu moyen
7394,44,M,Universitario,Centro,1885.32,5022.74,599,2,6525.1,Risque moyen,0.5241034748432217,-1.8156727512388302,Revenu moyen
7395,19,M,Secundaria,Oriente,874.69,2208.5,428,8,500.0,Risque élevé,-2.493501251860486,0.011039015120818079,Revenu faible
7396,48,F,Secundaria,Centro,703.32,1829.82,442,10,2536.1,Risque élevé,-2.4788757623949804,0.7276113073061736,Revenu faible
7398,31,F,Universitario,Centro,2476.34,3259.95,624,8,4959.06,Risque moyen,0.008669513432868097,0.23722636266687738,Revenu moyen
7401,32,M,Tecnico,Oriente,2183.58,2574.2,571,3,9392.73,Risque moyen,0.1968578719472915,-1.494199753423809,Revenu moyen
7402,29,M,Secundaria,Centro,2271.15,4552.6,593,10,5805.05,Risque moyen,-0.02361287769882241,1.0408187620003775,Revenu moyen
7403,54,F,Tecnico,Oriente,1618.85,3810.74,535,2,3956.23,Risque moyen,-0.4841618127176124,-1.9405932462120732,Revenu moyen
7404,45,M,Secundaria,Occidente,1897.72,2772.92,533,5,3843.23,Risque moyen,-0.7985137153816514,-0.9031263686298214,Revenu moyen
7405,37,F,Universitario,Centro,2270.29,3788.0,540,7,9159.43,Risque moyen,0.03393361480231338,0.02338428104696741,Revenu moyen
7406,56,F,Secundaria,Centro,4968.54,9237.57,613,8,12770.1,Risque moyen,3.0523922779836656,1.0028150726903158,Revenu élevé
7407,41,F,Postgrado,Oriente,3174.99,5003.12,646,5,8690.7,Risque moyen,1.369543743352845,-0.5933845670784041,Revenu élevé
7408,38,F,Secundaria,Occidente,2765.85,4861.03,672,11,8776.87,Risque faible,0.9555751952374288,1.4950362523809193,Revenu moyen
7409,27,F,Universitario,Occidente,3006.15,5594.26,620,8,9827.2,Risque moyen,1.2005377661885073,0.5348891212998593,Revenu élevé
7410,63,M,Secundaria,Centro,1224.76,2846.64,477,11,500.0,Risque élevé,-2.1113394907277674,1.132049890630843,Revenu faible
7411,31,M,Secundaria,Occidente,1914.64,3438.26,548,5,6843.59,Risque moyen,-0.25425339375972955,-0.8018740986240274,Revenu moyen
7413,35,F,Universitario,Centro,1497.13,2529.98,518,9,1665.19,Risque moyen,-1.5789476327452878,0.43240036545076727,Revenu faible
7414,41,F,Secundaria,Occidente,1561.16,2925.87,593,7,6202.1,Risque moyen,-0.4363920659502686,-0.1848883409553095,Revenu moyen
7416,51,F,Secundaria,Sur,1494.03,713.83,541,12,2826.56,Risque moyen,-1.897997950849421,1.4154233583757736,Revenu faible
7417,75,M,Postgrado,Occidente,3407.74,5594.37,605,10,13139.31,Risque moyen,1.4948854346080787,1.369927912465924,Revenu élevé
7419,39,M,Secundaria,Centro,971.42,128.07,486,10,2611.89,Risque élevé,-2.4608966889463675,0.6364200292228305,Revenu faible
7420,73,M,Postgrado,Occidente,6069.58,11240.92,679,6,18923.4,Risque faible,5.081298701181177,0.6181438157614045,Revenu élevé
7422,53,M,Secundaria,Centro,1694.17,3959.39,586,4,5608.69,Risque moyen,-0.07651664876500545,-1.195263086097091,Revenu moyen
7423,62,F,Universitario,Centro,2283.36,4776.12,605,9,9005.56,Risque moyen,0.4904453988204923,0.764315117276567,Revenu moyen
7424,53,F,Secundaria,Centro,1277.7,3684.41,531,11,2262.19,Risque moyen,-1.41312398099919,1.2011898977738786,Revenu faible
7425,39,F,Primaria,Oriente,1305.39,3326.72,492,9,545.76,Risque élevé,-1.7580304739598582,0.4467124226694284,Revenu faible
7426,31,M,Universitario,Oriente,4423.92,7656.01,658,7,12952.8,Risque faible,2.8359985753604984,0.48552556556985277,Revenu élevé
7427,33,F,Universitario,Occidente,1169.88,2680.08,511,8,1859.29,Risque moyen,-1.6424955077554722,0.0598800961078807,Revenu faible
7431,49,M,Universitario,Centro,6030.52,11717.12,666,6,17433.8,Risque faible,4.93651358370735,0.6142075221119105,Revenu élevé
7432,50,F,Postgrado,Sur,2868.18,5382.25,631,6,9449.68,Risque moyen,1.248985943309788,-0.21917329047948006,Revenu moyen
7434,53,F,Universitario,Oriente,2159.15,4001.15,539,4,7861.4,Risque moyen,0.08106596922453521,-1.0764477677301396,Revenu moyen
7435,37,F,Secundaria,Sur,474.65,652.58,469,7,500.0,Risque élevé,-2.686410364249011,-0.49331284769633604,Revenu faible
7436,35,F,Tecnico,Oriente,1479.38,2909.79,604,5,2570.25,Risque moyen,-0.6570061346507617,-0.9957973801824787,Revenu faible
7437,55,M,Primaria,Centro,727.3,84.3,386,5,1455.46,Risque élevé,-2.966699364226028,-1.1583567922943205,Revenu faible
7438,20,F,Tecnico,Norte,1999.71,3517.06,633,6,6038.51,Risque moyen,0.15295824092442636,-0.48808596689350403,Revenu moyen
7439,40,M,Secundaria,Oriente,1307.05,1996.49,475,9,3975.22,Risque élevé,-1.7872230081520721,0.45492583603815556,Revenu faible
7440,49,F,Universitario,Centro,1725.03,2002.42,589,5,5554.65,Risque moyen,-0.5286839692384353,-0.9507744952196208,Revenu moyen
7441,62,F,Secundaria,Centro,1482.3,2109.89,617,7,5404.75,Risque moyen,-0.5828287253049818,-0.2685345325490781,Revenu faible
7442,33,M,Secundaria,Centro,1216.1,1151.14,534,8,2619.89,Risque moyen,-1.7337735321512537,-0.017509848877510704,Revenu faible
7444,21,M,Secundaria,Oriente,1852.04,2874.18,605,8,5440.37,Risque moyen,-0.3960135882658293,0.17478914493057496,Revenu moyen
7445,38,M,Secundaria,Oriente,3246.94,6248.33,776,6,11445.09,Risque faible,2.64855621750696,-0.153024414831802,Revenu élevé
7446,57,F,Tecnico,Sur,2566.61,3422.37,604,5,5932.56,Risque moyen,0.25046852164564326,-0.7864517313799302,Revenu moyen
7447,68,M,Universitario,Oriente,3146.93,5627.13,707,7,13698.55,Risque faible,2.2380085527192115,0.24099362288014858,Revenu élevé
7448,31,M,Secundaria,Centro,1921.03,3616.5,530,10,5724.19,Risque moyen,-0.7470722843611978,0.9797084682365831,Revenu moyen
7450,48,F,Secundaria,Occidente,675.68,1886.79,466,16,500.0,Risque élevé,-2.9210479604305064,2.8168629876612643,Revenu faible
7451,31,M,Postgrado,Centro,4079.11,9830.34,717,7,17001.53,Risque faible,3.9155312471841657,0.643671537597086,Revenu élevé
7452,23,M,Primaria,Norte,563.5,2335.41,450,10,2279.46,Risque élevé,-2.4093700693249724,0.7341925410490059,Revenu faible
7454,33,M,Tecnico,Centro,1072.57,1157.77,487,8,2954.28,Risque élevé,-2.0344932777141547,-0.002092593653246776,Revenu faible
7455,34,M,Primaria,Norte,1324.84,2013.18,497,8,3166.41,Risque élevé,-1.6673435616851848,0.07183611624568792,Revenu faible
7457,40,F,Postgrado,Occidente,4134.76,7475.98,703,4,15804.93,Risque faible,3.4221626433707604,-0.5809624225044016,Revenu élevé
7459,24,M,Universitario,Norte,2016.67,3708.72,528,5,3280.64,Risque moyen,-0.6377481477560476,-0.8480048322998949,Revenu moyen
7460,63,F,Universitario,Oriente,2740.43,4994.56,785,1,11289.03,Risque faible,2.520887058534555,-2.0694057680503954,Revenu moyen
7462,32,M,Secundaria,Sur,847.77,2276.44,434,10,500.0,Risque élevé,-2.580015020181424,0.7248477882721736,Revenu faible
7463,61,M,Universitario,Norte,2282.74,4388.41,607,9,7575.03,Risque moyen,0.2729711607321476,0.7085438591346788,Revenu moyen
7464,34,F,Universitario,Centro,1664.48,2119.61,562,7,2253.98,Risque moyen,-1.1517524111181117,-0.29707088258458786,Revenu moyen
7468,61,F,Secundaria,Centro,1476.86,2905.46,613,3,4185.43,Risque moyen,-0.31525754896720926,-1.6789666826376197,Revenu faible
7471,62,M,Secundaria,Occidente,729.3,789.78,449,8,1903.0,Risque élevé,-2.5872237211954108,-0.06280348535990346,Revenu faible
7472,44,F,Universitario,Sur,1846.1,2854.17,555,9,4860.25,Risque moyen,-0.818962704395131,0.5400234303756771,Revenu moyen
7473,69,F,Tecnico,Sur,3209.09,6930.42,653,7,8222.76,Risque faible,1.6603304831560013,0.2230035649881791,Revenu élevé
7474,40,F,Primaria,Oriente,1650.15,2911.08,613,8,7466.96,Risque moyen,-0.2173697498492265,0.19989341619641368,Revenu moyen
7477,32,M,Secundaria,Oriente,1534.77,3294.09,598,3,5976.09,Risque moyen,-0.11320551967249087,-1.6036898079107231,Revenu moyen
7478,60,F,Secundaria,Centro,2501.93,5665.93,665,9,8018.18,Risque faible,1.0218970793960798,0.7874071031107885,Revenu moyen
7481,48,M,Postgrado,Sur,3701.17,8043.6,688,6,12761.2,Risque faible,2.8358286154832886,0.06370396998004528,Revenu élevé
7482,52,F,Universitario,Oriente,2990.34,5206.91,641,11,9863.8,Risque moyen,1.0517158677499114,1.5750068828371993,Revenu moyen
7483,34,F,Secundaria,Oriente,1778.47,2975.79,602,7,3549.21,Risque moyen,-0.5544614416636763,-0.2252983647236097,Revenu moyen
7484,45,M,Universitario,Norte,1262.67,1350.34,511,9,4851.9,Risque moyen,-1.6408524270939848,0.4168499522067015,Revenu faible
7485,36,M,Primaria,Sur,4532.59,7669.1,725,4,17216.46,Risque faible,3.9034438658472816,-0.5098439846328074,Revenu élevé
7487,71,F,Secundaria,Centro,1661.46,1946.77,597,7,5133.36,Risque moyen,-0.6881548810549143,-0.25804678474203263,Revenu moyen
7488,40,F,Tecnico,Oriente,2008.37,3550.01,605,3,6183.3,Risque moyen,0.20113280106971346,-1.5421796184956498,Revenu moyen
7489,49,F,Secundaria,Sur,2200.14,3566.04,593,9,5023.18,Risque moyen,-0.2800540418308938,0.6016160039324266,Revenu moyen
7490,57,F,Secundaria,Norte,1133.18,3003.23,585,1,2527.56,Risque moyen,-0.647912764521962,-2.4460646768729237,Revenu faible
7491,30,M,Secundaria,Norte,1854.32,3581.71,565,5,4901.38,Risque moyen,-0.3483561478178577,-0.8508608202071011,Revenu moyen
7493,52,M,Postgrado,Centro,2739.72,5310.71,562,3,8157.54,Risque moyen,0.8290637783855579,-1.3064200514263902,Revenu moyen
7496,46,F,Tecnico,Norte,2025.44,3983.6,531,2,8367.18,Risque moyen,0.15136446523930033,-1.7903128667295687,Revenu moyen
7498,42,M,Universitario,Sur,3278.41,4488.53,688,7,12243.66,Risque faible,1.7904966908413298,0.16318441662445926,Revenu élevé
7500,39,M,Primaria,Sur,1071.8,1733.28,534,5,2407.51,Risque moyen,-1.5049786238480432,-1.0750215676788901,Revenu faible
7502,62,F,Secundaria,Oriente,4106.77,5956.16,708,6,13450.23,Risque faible,2.7511982870259217,-0.01207660822166934,Revenu élevé
7503,22,M,Secundaria,Sur,1509.45,1934.26,504,0,1612.58,Risque moyen,-1.2254061891005956,-2.8139630581930706,Revenu moyen
7506,25,F,Universitario,Centro,1082.71,2868.12,507,8,2378.81,Risque moyen,-1.6092433724320587,0.0760161970227383,Revenu faible
7511,40,F,Primaria,Norte,2149.97,4714.35,623,4,5246.86,Risque moyen,0.4542456169002579,-1.1328848522868329,Revenu moyen
7512,49,M,Universitario,Oriente,2249.17,3454.99,580,9,7096.66,Risque moyen,-0.14678843168851655,0.6525717249875893,Revenu moyen
7513,28,F,Secundaria,Norte,2181.8,3735.06,522,6,7719.64,Risque moyen,-0.20541851409105744,-0.370130576846838,Revenu moyen
7514,56,M,Universitario,Norte,3542.59,6399.75,602,9,8158.31,Risque moyen,1.2553978175026101,0.96066209702621,Revenu élevé
7516,71,M,Universitario,Norte,1302.72,2478.18,528,6,1974.76,Risque moyen,-1.3929786337347425,-0.6593411741050836,Revenu faible
7517,41,F,Primaria,Centro,1346.88,2549.77,596,4,5864.65,Risque moyen,-0.43503023201445157,-1.3087985747781299,Revenu faible
7518,28,F,Secundaria,Norte,1280.88,2154.88,581,8,3374.6,Risque moyen,-1.1400458196945342,0.04275795382752232,Revenu faible
7519,46,M,Secundaria,Oriente,2720.06,4692.36,585,7,6531.9,Risque moyen,0.40835279266346985,0.039034123130211894,Revenu moyen
7521,43,M,Secundaria,Norte,1257.43,1571.12,583,6,4017.33,Risque moyen,-1.0708088667715667,-0.6948274639016816,Revenu faible
7522,33,F,Universitario,Sur,2051.02,3324.97,556,3,6146.48,Risque moyen,-0.12084320252264925,-1.5299376707394141,Revenu moyen
7523,52,M,Postgrado,Norte,2853.07,3986.37,711,3,10903.42,Risque faible,1.7543025623655055,-1.3773882748776067,Revenu moyen
7524,37,M,Universitario,Centro,2552.73,3859.73,617,5,9655.94,Risque moyen,0.7960116738389047,-0.6841082562586676,Revenu moyen
7527,18,M,Secundaria,Centro,1236.16,2894.83,525,12,2713.6,Risque moyen,-1.6492241999697161,1.5219296654550316,Revenu faible
7529,70,F,Universitario,Occidente,4850.13,9812.39,676,9,14500.61,Risque faible,3.6105935049767077,1.393180516069437,Revenu élevé
7531,18,M,Tecnico,Sur,1911.45,2756.84,582,9,4200.93,Risque moyen,-0.7211195292181478,0.5135537875183566,Revenu moyen
7532,34,F,Universitario,Occidente,2850.65,4257.74,646,3,10895.57,Risque moyen,1.42753165129892,-1.3328078220952826,Revenu moyen
7533,19,M,Primaria,Sur,1296.48,3759.08,570,5,2267.84,Risque moyen,-0.7844763066078947,-0.9555275927027803,Revenu faible
7535,37,M,Primaria,Centro,1553.75,3503.07,572,8,3447.93,Risque moyen,-0.7859249283874251,0.15263207811905566,Revenu moyen
7537,25,F,Secundaria,Oriente,1965.27,3531.54,613,5,4715.33,Risque moyen,-0.049349520610294,-0.8690045506201779,Revenu moyen
7539,65,F,Primaria,Norte,1680.57,1885.35,556,8,3501.45,Risque moyen,-1.1644254781889667,0.07934894935184747,Revenu moyen
7542,20,F,Tecnico,Sur,4077.79,5602.85,695,5,14090.79,Risque faible,2.7159865150392157,-0.37255866300472706,Revenu élevé
7544,22,F,Universitario,Oriente,1857.91,3878.23,590,2,5194.35,Risque moyen,0.08060831955289735,-1.9106640754763027,Revenu moyen
7546,61,M,Tecnico,Centro,2305.1,4110.56,594,4,6704.58,Risque moyen,0.3700396395079587,-1.1070983126621623,Revenu moyen
7547,29,M,Secundaria,Centro,1550.56,3171.85,519,9,4920.05,Risque moyen,-1.0806759255918987,0.5478261261512655,Revenu moyen
7548,37,F,Secundaria,Sur,2929.29,5377.07,586,3,12107.6,Risque moyen,1.4688949655454275,-1.2060196824107838,Revenu moyen
7551,26,F,Tecnico,Centro,2173.69,4532.91,566,10,7650.63,Risque moyen,-0.03789319948891945,1.0842581706007872,Revenu moyen
7552,56,M,Secundaria,Oriente,885.02,2245.76,419,7,1115.55,Risque élevé,-2.4085805027453735,-0.32541987004368866,Revenu faible
7553,21,M,Tecnico,Sur,1952.51,4073.81,548,8,7380.99,Risque moyen,-0.23608959208485103,0.3234318658877447,Revenu moyen
7555,71,F,Primaria,Centro,1652.22,3359.44,572,4,4180.4,Risque moyen,-0.4501244536111714,-1.260025369286986,Revenu moyen
7556,36,M,Universitario,Norte,3030.44,5928.29,666,4,8196.84,Risque faible,1.6347280136800146,-0.9312619907121614,Revenu élevé
7557,55,M,Tecnico,Centro,3135.33,6987.95,684,5,9164.92,Risque faible,2.0458217387153312,-0.4884850018647711,Revenu élevé
7558,44,F,Primaria,Centro,1597.66,2785.68,600,6,7267.29,Risque moyen,-0.2378546499680434,-0.5261779639960333,Revenu moyen
7559,62,F,Universitario,Inconnue,7958.84,12967.43,724,4,30138.52,Risque faible,7.776495783836627,0.41642185998814363,Revenu élevé
7560,60,F,Secundaria,Norte,823.28,2475.42,549,6,500.0,Risque moyen,-1.6214649166396986,-0.7479863884428684,Revenu faible
7561,30,M,Secundaria,Occidente,1452.94,2977.22,542,9,4005.72,Risque moyen,-1.1211750001801692,0.4962185776106332,Revenu faible
7562,30,F,Primaria,Occidente,1879.86,3806.67,602,9,4593.47,Risque moyen,-0.35388539079823605,0.5712743613036458,Revenu moyen
7563,74,M,Tecnico,Norte,3202.1,5068.78,664,11,10374.49,Risque faible,1.2985732885230685,1.5883742769651028,Revenu élevé
7564,39,F,Secundaria,Occidente,1152.75,745.91,538,4,5940.76,Risque moyen,-1.2317261689311323,-1.4040488379699623,Revenu faible
7566,69,M,Primaria,Oriente,654.57,970.16,429,8,1834.6,Risque élevé,-2.7048907014539934,-0.05201341187314792,Revenu faible
7568,70,F,Universitario,Occidente,3049.77,5069.85,693,4,12448.83,Risque faible,2.0561963474914946,-0.895225895175129,Revenu élevé
7571,60,F,Primaria,Sur,1857.69,4542.74,620,11,5614.09,Risque moyen,-0.1214816382318061,1.3419374867228147,Revenu moyen
7573,25,M,Primaria,Norte,2044.58,4368.55,590,2,7834.17,Risque moyen,0.5333629655317542,-1.804776494204628,Revenu moyen
7575,25,F,Secundaria,Centro,2105.45,4828.4,590,7,7315.88,Risque moyen,0.2905610624263849,0.0038098972284634955,Revenu moyen
7576,59,M,Universitario,Occidente,3560.66,6552.03,690,4,11070.36,Risque faible,2.424334334245739,-0.7904144140295215,Revenu élevé
7577,43,M,Secundaria,Norte,1348.39,3163.5,468,7,5048.23,Risque élevé,-1.3287662008669547,-0.16121168342147224,Revenu faible
7582,60,F,Secundaria,Occidente,1488.27,2531.86,560,6,3747.34,Risque moyen,-0.9339398039989876,-0.6128795810572947,Revenu faible
7583,30,M,Universitario,Norte,3745.27,5768.06,719,8,14810.75,Risque faible,2.6398614014229,0.6835013354005861,Revenu élevé
7584,45,F,Secundaria,Centro,1294.28,2081.1,513,9,1801.36,Risque moyen,-1.7741627298121159,0.39237187329046946,Revenu faible
7586,37,F,Tecnico,Occidente,1777.28,3801.74,557,4,3078.46,Risque moyen,-0.5055756043155237,-1.240621024674958,Revenu moyen
7587,73,M,Secundaria,Sur,1585.52,1415.83,555,9,5138.26,Risque moyen,-1.2039497281739542,0.4380871630525976,Revenu moyen
7590,56,M,Secundaria,Centro,1987.25,4219.46,602,7,5504.2,Risque moyen,-0.003143658756318557,-0.08911011113890309,Revenu moyen
7591,68,M,Secundaria,Norte,1477.2,1050.93,555,8,4821.15,Risque moyen,-1.2965349331602138,0.04187246697929736,Revenu faible
7592,29,M,Universitario,Occidente,998.9,2097.28,491,8,1976.12,Risque élevé,-1.9430301982219682,0.021440067498624708,Revenu faible
7594,48,M,Universitario,Oriente,4592.01,6920.17,655,6,14324.69,Risque faible,2.9358830590445826,0.13368108035579668,Revenu élevé
7595,72,F,Secundaria,Centro,2567.16,3187.19,589,6,8103.87,Risque moyen,0.27298364469336833,-0.38663303666340254,Revenu moyen
7596,31,F,Secundaria,Sur,1467.83,2651.02,540,2,4055.77,Risque moyen,-0.7532861818734861,-2.022219362831892,Revenu faible
7598,43,F,Tecnico,Oriente,2670.66,4434.55,657,8,11616.8,Risque faible,1.216183379524919,0.4594796764959113,Revenu moyen
7599,59,M,Tecnico,Oriente,1535.94,2930.71,598,5,5321.11,Risque moyen,-0.38192005970309423,-0.9243126293935433,Revenu moyen
7600,44,M,Universitario,Norte,2364.3,4261.05,570,5,7819.92,Risque moyen,0.33741029227824665,-0.6991495773960581,Revenu moyen
7601,28,F,Secundaria,Norte,4641.07,9953.19,650,7,17504.53,Risque faible,3.833499156310059,0.7458830706704827,Revenu élevé
7603,51,M,Universitario,Norte,2254.09,3681.39,591,12,6660.21,Risque moyen,-0.2643049792257215,1.72405384714728,Revenu moyen
7604,60,F,Tecnico,Sur,2538.71,4257.63,630,12,6662.33,Risque moyen,0.2062709865348272,1.7670819048513808,Revenu moyen
7608,69,M,Primaria,Sur,1476.67,1943.34,538,9,3693.06,Risque moyen,-1.3859678820032515,0.43327743620337705,Revenu faible
7609,55,F,Secundaria,Sur,1389.87,1500.42,514,3,2529.98,Risque moyen,-1.4017038104202726,-1.7615704851552696,Revenu faible
7610,66,F,Primaria,Centro,1146.21,2141.83,495,7,4330.56,Risque élevé,-1.5444235100555506,-0.26808553464629126,Revenu faible
7614,52,M,Secundaria,Centro,2158.36,4184.14,580,6,5603.26,Risque moyen,0.003994799392253982,-0.42027530920317013,Revenu moyen
7615,57,F,Secundaria,Oriente,2416.12,5797.61,620,5,7237.15,Risque moyen,0.9189996263722284,-0.6408111248571375,Revenu moyen
7617,69,F,Primaria,Oriente,1020.15,701.4,459,5,500.0,Risque élevé,-2.3822642284480864,-1.1491241888499037,Revenu faible
7619,64,M,Universitario,Occidente,3743.7,6520.43,676,5,14533.6,Risque faible,2.7046369954441,-0.3326471953330919,Revenu élevé
7620,73,M,Secundaria,Sur,821.92,408.32,485,11,1482.7,Risque élevé,-2.6481824159434493,0.9709113817606583,Revenu faible
7621,24,M,Secundaria,Sur,592.9,275.52,441,14,500.0,Risque élevé,-3.319128322219491,2.011680365827503,Revenu faible
7622,28,M,Postgrado,Oriente,4711.86,9078.79,688,8,17266.91,Risque faible,3.8144772553366946,1.037032981354402,Revenu élevé
7624,21,M,Universitario,Oriente,1698.15,3673.36,639,5,4054.58,Risque moyen,-0.045618900171743026,-0.9128816558749712,Revenu moyen
7625,42,F,Secundaria,Norte,2007.67,3693.14,635,3,6641.46,Risque moyen,0.45471269243730655,-1.5370956799973747,Revenu moyen
7628,55,F,Tecnico,Oriente,1033.52,2065.05,544,12,2296.53,Risque moyen,-1.8406314089083056,1.4365317825706696,Revenu faible
7629,63,M,Primaria,Oriente,984.45,1908.45,520,11,3964.12,Risque moyen,-1.801854392104166,1.1137046109292323,Revenu faible
7630,29,F,Universitario,Sur,1880.86,2600.59,598,4,6991.25,Risque moyen,-0.07400347138426462,-1.230390950117047,Revenu moyen
7631,60,F,Secundaria,Occidente,1298.95,3150.51,513,8,1984.2,Risque moyen,-1.4643602628129821,0.10137733140305105,Revenu faible
7632,68,F,Tecnico,Norte,2496.78,4530.98,603,5,6022.17,Risque moyen,0.4595424379230264,-0.7263636486908273,Revenu moyen
7633,70,F,Primaria,Norte,1472.98,881.03,562,4,3004.51,Risque moyen,-1.229614549128401,-1.442866492568827,Revenu faible
7634,54,M,Postgrado,Norte,3081.52,4545.07,665,4,11151.88,Risque faible,1.6603806052864323,-0.9393354947858119,Revenu élevé
7635,63,F,Tecnico,Occidente,1996.25,3261.16,677,4,5186.36,Risque faible,0.39369715426511015,-1.2574539399336753,Revenu moyen
7636,70,F,Primaria,Centro,2845.38,5289.85,678,6,7787.59,Risque faible,1.3258377110052866,-0.28542776198753605,Revenu moyen
7637,41,F,Primaria,Oriente,1418.62,2559.69,552,10,3414.57,Risque moyen,-1.28829497846031,0.8084473178444788,Revenu faible
7638,33,F,Secundaria,Norte,2846.08,4566.24,523,4,6307.44,Risque moyen,0.23384773037033135,-1.0061380119379777,Revenu moyen
7640,30,F,Secundaria,Sur,1344.38,3020.12,537,6,3640.22,Risque moyen,-1.0368598508956413,-0.5903579822926411,Revenu faible
7641,42,M,Postgrado,Sur,2862.46,5124.86,593,7,9632.18,Risque moyen,0.9247136897427898,0.1441575923313988,Revenu moyen
7643,71,F,Universitario,Centro,3163.68,5450.05,712,8,12711.32,Risque faible,2.0730776291376403,0.5653269600667962,Revenu élevé
7646,71,M,Secundaria,Norte,1065.52,2334.83,492,8,2858.51,Risque élevé,-1.7684384633002659,0.06105656975158453,Revenu faible
7647,21,M,Secundaria,Sur,1619.28,3065.14,603,5,6081.01,Risque moyen,-0.2112371800368293,-0.893649706472405,Revenu moyen
7648,28,F,Secundaria,Norte,3384.19,5316.05,624,7,8641.1,Risque moyen,1.2636437084951486,0.1686141531545768,Revenu élevé
7650,66,F,Postgrado,Norte,9436.93,17768.54,723,7,33926.31,Risque faible,9.606112401026499,1.9944090916300212,Revenu élevé
7651,24,M,Secundaria,Centro,794.95,1839.52,508,3,4477.82,Risque moyen,-1.4135147782197142,-1.7518871918285635,Revenu faible
7654,28,M,Secundaria,Sur,1168.49,2452.15,515,6,5792.29,Risque moyen,-1.1391696110620129,-0.5815015632736509,Revenu faible
7655,45,F,Secundaria,Occidente,2265.44,3577.35,631,4,7876.72,Risque moyen,0.578521298206202,-1.1319484961857265,Revenu moyen
7656,71,M,Secundaria,Occidente,1533.66,4064.18,550,4,3406.42,Risque moyen,-0.5591665569431361,-1.2380634808234194,Revenu moyen
7659,62,M,Universitario,Sur,1548.54,2392.65,541,6,2565.38,Risque moyen,-1.1713961920139688,-0.6333702747854484,Revenu moyen
7660,40,F,Secundaria,Sur,1987.6,4357.12,603,12,4394.75,Risque moyen,-0.3942657676875453,1.6812172020351475,Revenu moyen
7663,60,F,Tecnico,Centro,1745.2,2405.16,550,6,3102.39,Risque moyen,-0.9785951642632227,-0.6058128571685728,Revenu moyen
7665,74,F,Primaria,Oriente,2518.71,4914.48,622,2,5205.12,Risque moyen,0.7653537613803776,-1.8017666807267088,Revenu moyen
7667,42,F,Secundaria,Norte,3624.5,6486.58,672,3,12472.11,Risque faible,2.5375652436303313,-1.1059051398888111,Revenu élevé
7668,71,M,Primaria,Centro,1723.56,3304.31,648,6,9223.85,Risque moyen,0.4078346568068258,-0.46149081241340406,Revenu moyen
7669,46,M,Primaria,Occidente,791.82,1274.28,474,13,3427.67,Risque élevé,-2.4673234821736165,1.7822956148427356,Revenu faible
7672,53,F,Primaria,Occidente,1247.39,2909.75,481,8,4268.32,Risque élevé,-1.490734275865259,0.14853908818656789,Revenu faible
7673,31,M,Tecnico,Centro,846.28,912.18,405,9,500.0,Risque élevé,-2.977855113679273,0.30110166755221507,Revenu faible
7674,31,F,Universitario,Occidente,5208.85,10130.5,602,8,14568.25,Risque moyen,3.4617291193708133,1.123081451205234,Revenu élevé
7675,52,F,Secundaria,Occidente,4192.19,7544.43,692,8,15818.93,Risque faible,3.147392016134092,0.8640205582897117,Revenu élevé
7677,45,M,Universitario,Norte,2704.95,4820.42,544,2,6280.48,Risque moyen,0.47457943244346235,-1.7300526715010642,Revenu moyen
7679,20,F,Universitario,Centro,3163.35,5417.47,645,7,12681.53,Risque moyen,1.731244257108605,0.2353220059964966,Revenu élevé
7680,33,M,Primaria,Occidente,1803.36,2942.4,586,7,2863.35,Risque moyen,-0.715689206934769,-0.23316317680231893,Revenu moyen
7683,69,M,Secundaria,Norte,1174.95,1466.98,488,9,500.0,Risque élevé,-2.234762364912809,0.32723294716941076,Revenu faible
7685,62,F,Primaria,Centro,1721.04,3444.08,625,6,7593.84,Risque moyen,0.13376198603267134,-0.48012059707299215,Revenu moyen
7686,32,F,Postgrado,Sur,2975.77,3846.61,706,5,9227.21,Risque faible,1.4494510394061506,-0.694297178228559,Revenu moyen
7687,63,M,Secundaria,Norte,2712.66,4903.97,583,7,7478.37,Risque moyen,0.5354815174613318,0.07289042361104894,Revenu moyen
7688,73,M,Universitario,Centro,1869.72,2475.1,599,6,5396.71,Risque moyen,-0.3880027201889925,-0.5600840462493801,Revenu moyen
7689,42,F,Secundaria,Norte,1300.5,2694.29,495,7,4065.08,Risque élevé,-1.3902194282852467,-0.22735318853497688,Revenu faible
7691,55,M,Tecnico,Norte,5252.01,8743.66,723,6,20347.97,Risque faible,4.6160564296538675,0.4078429391876991,Revenu élevé
7693,64,F,Universitario,Centro,4135.65,7794.18,672,7,11984.33,Risque faible,2.727936903378176,0.4378665049638954,Revenu élevé
7694,70,M,Secundaria,Oriente,1919.3,3095.8,577,5,4172.52,Risque moyen,-0.42840036521226643,-0.894712789521687,Revenu moyen
7695,71,M,Tecnico,Sur,1899.45,3122.98,547,7,2742.9,Risque moyen,-0.8791598475054251,-0.19870445225231834,Revenu moyen
7696,69,F,Primaria,Oriente,847.38,2267.25,529,5,1745.76,Risque moyen,-1.582839221457698,-1.0781644542883828,Revenu faible
7697,75,F,Tecnico,Occidente,1558.38,3137.24,562,4,3239.96,Risque moyen,-0.6917376088242648,-1.298607695424506,Revenu moyen
7698,55,M,Tecnico,Oriente,1549.0,2409.24,521,1,2584.81,Risque moyen,-0.9709278100581169,-2.4107650351086978,Revenu moyen
7699,40,F,Universitario,Centro,1889.85,3466.51,579,7,8165.22,Risque moyen,-0.06553594064292312,-0.07154170365162207,Revenu moyen
7701,59,M,Universitario,Sur,3226.77,6636.88,627,8,9077.15,Risque moyen,1.477735201989266,0.5962552675735499,Revenu élevé
7703,39,M,Universitario,Centro,2041.41,4113.35,552,8,5476.26,Risque moyen,-0.36257749464907774,0.28934265837184087,Revenu moyen
7704,34,M,Tecnico,Sur,1737.83,3513.66,524,5,4521.25,Risque moyen,-0.691650419715893,-0.8560472140281521,Revenu moyen
7705,35,F,Secundaria,Norte,1919.36,2867.59,584,4,5299.61,Risque moyen,-0.25736814796938384,-1.2431791771710838,Revenu moyen
7706,66,F,Primaria,Centro,675.41,490.44,444,9,974.82,Risque élevé,-2.860320114093604,0.25354498287428,Revenu faible
7707,58,F,Postgrado,Oriente,1644.71,3884.25,649,6,2347.46,Risque moyen,-0.202107155170998,-0.5912699715304294,Revenu moyen
7708,27,M,Postgrado,Norte,3218.0,5623.12,674,12,9161.38,Risque faible,1.2945033591481407,1.9476721175478446,Revenu élevé
7709,27,M,Primaria,Norte,1005.3,2958.79,503,13,824.78,Risque moyen,-2.117827042892989,1.8284089923182238,Revenu faible
7710,74,M,Secundaria,Centro,1317.55,1558.83,530,5,4257.81,Risque moyen,-1.2729984013789526,-1.018086673623505,Revenu faible
7713,67,F,Secundaria,Centro,1921.4,3118.88,544,10,5964.04,Risque moyen,-0.7453650175435137,0.9500158638572694,Revenu moyen
7714,55,M,Postgrado,Norte,7527.44,13823.38,704,5,26754.92,Risque faible,7.250354761520215,0.715011815301511,Revenu élevé
7715,44,M,Universitario,Norte,6202.69,10563.28,663,10,19834.58,Risque faible,4.742691822760857,2.0496182802182092,Revenu élevé
7718,18,F,Secundaria,Centro,1899.84,3904.5,587,4,4017.51,Risque moyen,-0.15974835645184457,-1.2152589167161032,Revenu moyen
7720,70,F,Secundaria,Sur,1786.07,4251.63,645,10,8285.63,Risque moyen,0.27074242775567225,1.0098013665590262,Revenu moyen
7722,21,F,Universitario,Sur,1914.27,3065.01,532,12,5758.56,Risque moyen,-0.9764313974290866,1.6621065470284375,Revenu moyen
7724,21,F,Secundaria,Occidente,1132.56,405.23,566,7,3510.45,Risque moyen,-1.5845063931847911,-0.42055569695033124,Revenu faible
7725,60,M,Primaria,Norte,810.13,1415.15,440,9,2945.79,Risque élevé,-2.429391060436495,0.3663451417931645,Revenu faible
7726,71,M,Primaria,Norte,946.24,2084.2,471,5,801.75,Risque élevé,-2.018529449431349,-1.0745858042587086,Revenu faible
7729,18,M,Secundaria,Occidente,692.65,721.17,506,10,3931.39,Risque moyen,-2.1984545998889535,0.6650562174406236,Revenu faible
7731,47,M,Universitario,Centro,5695.09,9870.29,722,0,19910.73,Risque faible,5.363868154429912,-1.6394553886121384,Revenu élevé
7732,67,F,Secundaria,Occidente,1713.15,2251.8,572,8,5768.29,Risque moyen,-0.7463668393359245,0.14773604725413622,Revenu moyen
7733,26,M,Tecnico,Norte,2297.25,4876.41,606,11,8383.69,Risque moyen,0.33456899482885366,1.4720828519844589,Revenu moyen
7734,52,F,Universitario,Sur,1292.39,3588.85,565,6,2710.94,Risque moyen,-0.8686817452466913,-0.5959513279526435,Revenu faible
7735,25,F,Tecnico,Occidente,2348.1,3735.92,586,4,8987.82,Risque moyen,0.49588624357774397,-1.0695072640960044,Revenu moyen
7736,41,M,Postgrado,Oriente,6488.5,10867.75,710,5,23972.9,Risque faible,5.940240952350146,0.37905684300183534,Revenu élevé
7737,36,F,Tecnico,Centro,2053.76,3091.46,630,9,8476.84,Risque moyen,0.1304896006706016,0.6215641643689377,Revenu moyen
7738,53,F,Universitario,Oriente,1425.95,1785.66,524,10,4497.72,Risque moyen,-1.50281943019825,0.8013603538410239,Revenu faible
7739,67,M,Secundaria,Centro,2101.19,3404.38,578,5,4831.23,Risque moyen,-0.2136092856549546,-0.8450476908529646,Revenu moyen
7740,69,M,Tecnico,Norte,2733.5,5132.72,689,9,8612.66,Risque faible,1.2077928437190992,0.7812030152691027,Revenu moyen
7741,60,F,Tecnico,Oriente,1360.92,3411.21,530,8,3681.06,Risque moyen,-1.1090627183014201,0.15310127674966637,Revenu faible
7742,44,F,Postgrado,Norte,5362.93,8381.57,708,10,17162.82,Risque faible,3.9204819175254837,1.7624519740239886,Revenu élevé
7744,31,M,Primaria,Sur,479.19,859.82,391,5,4010.74,Risque élevé,-2.6142254097007416,-1.0815379337197732,Revenu faible
7745,74,F,Tecnico,Sur,1469.74,943.25,544,4,4134.77,Risque moyen,-1.207682455807469,-1.405918071707939,Revenu faible
7747,45,M,Tecnico,Norte,1765.96,3584.09,609,6,8073.57,Risque moyen,0.13727308215295164,-0.44967696165030996,Revenu moyen
7748,46,M,Postgrado,Occidente,3321.64,5292.97,622,5,8652.62,Risque moyen,1.3470409998774953,-0.5526618074541113,Revenu élevé
7749,33,M,Postgrado,Norte,4626.98,8018.49,772,5,18653.82,Risque faible,4.378457885840734,-0.11168891824972928,Revenu élevé
7750,52,F,Secundaria,Inconnue,2218.08,3889.3,580,5,7230.17,Risque moyen,0.19592231745970506,-0.752469258813356,Revenu moyen
7751,64,F,Primaria,Occidente,2592.16,5611.96,666,9,6799.95,Risque faible,0.928961836758735,0.7648916475476495,Revenu moyen
7752,48,F,Tecnico,Sur,2122.64,2800.34,542,6,7905.79,Risque moyen,-0.29138131110471505,-0.434751236308862,Revenu moyen
7753,21,M,Tecnico,Norte,3355.3,6554.07,625,4,10168.39,Risque moyen,1.8640250273356962,-0.8010013379843013,Revenu élevé
7754,54,F,Tecnico,Centro,2803.47,6064.88,630,6,11567.14,Risque moyen,1.5780768477186198,-0.1374546080111179,Revenu moyen
7756,56,M,Tecnico,Oriente,3796.02,7457.74,701,5,14434.16,Risque faible,3.0619710659589474,-0.286822998225358,Revenu élevé
7757,65,F,Primaria,Sur,1078.29,1521.0,536,5,500.0,Risque moyen,-1.73127147954254,-1.13072676866143,Revenu faible
7758,63,F,Universitario,Norte,2411.9,3787.71,593,7,6150.53,Risque moyen,0.09598391350352714,-0.05500361018789375,Revenu moyen
7759,43,F,Primaria,Norte,467.66,577.27,341,13,1168.61,Risque élevé,-3.7647364917994217,1.7197914488126154,Revenu faible
7760,65,M,Primaria,Centro,2063.97,3898.41,626,7,5790.17,Risque moyen,0.1314146652069134,-0.10474788551057641,Revenu moyen
7761,56,F,Universitario,Oriente,3914.29,6448.21,684,6,16135.38,Risque faible,2.9095206517274788,0.06959987184906975,Revenu élevé
7762,58,F,Tecnico,Sur,1983.04,4301.8,574,5,7183.85,Risque moyen,0.14517579039645345,-0.7493049682565747,Revenu moyen
7763,21,M,Tecnico,Norte,2470.88,4099.21,589,5,6834.35,Risque moyen,0.3582334492648047,-0.7292028902365332,Revenu moyen
7764,47,F,Secundaria,Inconnue,2452.08,2784.85,591,3,9204.45,Risque moyen,0.45190361520435035,-1.4696539548634622,Revenu moyen
7765,47,M,Primaria,Sur,1223.19,2144.29,558,5,500.0,Risque moyen,-1.4092823158842183,-1.0906846446416154,Revenu faible
7766,39,F,Secundaria,Occidente,1810.76,2236.1,561,11,5347.03,Risque moyen,-1.0043855541305504,1.2242634995179416,Revenu moyen
7767,28,F,Tecnico,Centro,1740.31,2922.66,621,6,4339.02,Risque moyen,-0.32629412861338675,-0.5802830582549179,Revenu moyen
7768,19,F,Secundaria,Centro,1370.48,2761.49,626,3,5884.23,Risque moyen,-0.13930257061409324,-1.6649041736846713,Revenu faible
7769,61,F,Tecnico,Centro,1376.57,1951.95,571,11,3004.65,Risque moyen,-1.4273875685742479,1.1089580258750686,Revenu faible
7770,29,M,Universitario,Oriente,1244.41,865.75,611,8,2194.73,Risque moyen,-1.3730056798854442,-0.07562436080349139,Revenu faible
7771,47,M,Secundaria,Oriente,850.59,726.91,506,8,1836.98,Risque moyen,-2.221317275901021,-0.08203568152850312,Revenu faible
7773,35,M,Universitario,Centro,1430.2,2726.25,607,5,5386.89,Risque moyen,-0.4096662237046436,-0.9488081689099394,Revenu faible
7775,70,M,Tecnico,Centro,1314.82,3698.5,638,8,2925.08,Risque moyen,-0.5095582053065071,0.09966272044135803,Revenu faible
7777,18,F,Secundaria,Norte,2378.38,4450.53,643,4,4448.01,Risque moyen,0.5293547230990491,-1.153467459865247,Revenu moyen
7778,75,F,Tecnico,Norte,733.85,1094.59,470,12,795.33,Risque élevé,-2.760825015507748,1.3510840004829665,Revenu faible
7779,43,M,Secundaria,Norte,1536.57,2265.51,511,0,5574.92,Risque moyen,-0.6960119230205081,-2.705761021860909,Revenu moyen
7780,40,M,Universitario,Norte,1578.06,2921.33,521,9,4231.97,Risque moyen,-1.1811391387579182,0.5194706013890331,Revenu moyen
7781,43,M,Tecnico,Norte,1767.76,3550.96,477,6,4748.29,Risque élevé,-0.9869861300131142,-0.4671769113345835,Revenu moyen
7783,23,M,Tecnico,Centro,1595.12,2058.73,574,6,4618.59,Risque moyen,-0.8177965308424763,-0.6167312111083505,Revenu moyen
7784,23,M,Primaria,Norte,576.97,236.89,341,9,1188.1,Risque élevé,-3.539282539019035,0.2806450541944172,Revenu faible
7785,61,F,Primaria,Oriente,1498.66,2504.78,431,8,3550.98,Risque élevé,-1.8395021149042365,0.15530231563714864,Revenu faible
7788,39,F,Tecnico,Occidente,2766.9,3092.93,592,11,10465.69,Risque moyen,0.28399827968012303,1.4668184856281228,Revenu moyen
7793,54,M,Universitario,Inconnue,1034.04,2629.92,517,10,500.0,Risque moyen,-1.9390102071304982,0.7257353692939665,Revenu faible
7794,47,F,Universitario,Inconnue,2236.22,4555.13,591,7,7783.06,Risque moyen,0.34107020912484587,0.010542214597350691,Revenu moyen
7796,59,M,Tecnico,Inconnue,4753.53,8394.06,682,5,16665.81,Risque faible,3.777246615791583,-0.08228197659078014,Revenu élevé
7797,50,F,Universitario,Inconnue,4917.95,8949.12,669,7,13596.47,Risque faible,3.446968169642969,0.617176245768403,Revenu élevé
7799,54,M,Primaria,Centro,1161.62,1665.56,485,16,3629.85,Risque élevé,-2.3320722016393027,2.9125500947972616,Revenu faible
7800,29,M,Universitario,Norte,1033.36,2526.79,483,9,3463.14,Risque élevé,-1.7945704455463654,0.444405838611834,Revenu faible
7801,71,F,Universitario,Norte,2659.73,3741.96,623,6,6906.5,Risque moyen,0.5063219625045945,-0.3880175187860086,Revenu moyen
7803,44,F,Primaria,Centro,1813.53,3936.5,547,9,4348.89,Risque moyen,-0.7027787921964037,0.591705843883068,Revenu moyen
7804,56,F,Secundaria,Norte,572.78,0.0,440,7,500.0,Risque élevé,-2.9543654923044196,-0.5087379520778204,Revenu faible
7807,38,M,Secundaria,Sur,2208.76,3363.85,575,5,5052.7,Risque moyen,-0.17222301511446425,-0.8307878951199688,Revenu moyen
7808,29,M,Tecnico,Norte,1465.17,2967.76,579,9,5057.06,Risque moyen,-0.7924588195150644,0.5039464997729566,Revenu faible
7815,19,M,Secundaria,Centro,1555.04,3446.9,470,6,2942.31,Risque élevé,-1.3243691293727908,-0.5311563813527188,Revenu moyen
7818,70,F,Primaria,Centro,2359.11,3253.56,647,7,8887.0,Risque moyen,0.5593783742143937,-0.05345144899437857,Revenu moyen
7820,71,M,Primaria,Norte,5092.73,9296.95,661,6,17303.98,Risque faible,3.9895750297035026,0.3838366572098967,Revenu élevé
7825,35,F,Primaria,Sur,1295.46,3048.75,565,8,3745.47,Risque moyen,-1.0006350742346122,0.11155179015854938,Revenu faible
7826,61,M,Tecnico,Oriente,1769.9,4746.54,546,8,2378.71,Risque moyen,-0.6949647986924791,0.23285472753649142,Revenu moyen
7827,55,M,Tecnico,Occidente,2231.85,4022.93,600,9,9175.19,Risque moyen,0.29734569430736385,0.7218264219918539,Revenu moyen
7828,54,M,Universitario,Norte,2457.46,4760.23,631,6,8727.11,Risque moyen,0.8716077675515685,-0.31071352887508286,Revenu moyen
7832,48,F,Secundaria,Occidente,1326.53,1931.59,532,7,3877.24,Risque moyen,-1.3425390001408002,-0.28998708825571423,Revenu faible
7833,75,F,Secundaria,Occidente,1107.03,2231.52,545,6,500.0,Risque moyen,-1.5782584424601773,-0.7332798245080033,Revenu faible
7837,21,F,Universitario,Sur,2928.71,4562.19,626,6,8162.53,Risque moyen,0.9389509383798836,-0.28778854353941946,Revenu moyen
7838,66,F,Primaria,Sur,1194.46,1468.97,573,10,4841.38,Risque moyen,-1.3429480235512479,0.7466498814922344,Revenu faible
7840,46,F,Secundaria,Norte,1080.59,670.13,534,8,6486.59,Risque moyen,-1.4953664459598939,0.029091788872989167,Revenu faible
7841,41,M,Secundaria,Oriente,1111.49,1791.08,518,9,5729.92,Risque moyen,-1.4792498480808445,0.4446868619221793,Revenu faible
7842,39,F,Universitario,Centro,3151.45,5700.57,623,9,12292.94,Risque moyen,1.4919537444090978,0.9668548565974533,Revenu élevé
7843,19,M,Postgrado,Centro,1941.64,4694.45,533,12,7047.53,Risque moyen,-0.4815608970111796,1.7878628150419855,Revenu moyen
7844,61,F,Primaria,Norte,907.84,1534.29,488,5,2686.53,Risque élevé,-1.8575929283464554,-1.0751734604896648,Revenu faible
7846,59,M,Universitario,Occidente,1258.31,2928.04,585,4,6379.29,Risque moyen,-0.4037429637223231,-1.2787274998377642,Revenu faible
7847,42,F,Secundaria,Centro,2355.04,4349.58,616,8,6625.41,Risque moyen,0.3128919707759952,0.3300996115478272,Revenu moyen
7848,72,F,Tecnico,Inconnue,2565.47,4503.94,567,10,5995.73,Risque moyen,-0.04450056319182124,1.0820636371098535,Revenu moyen
7849,74,M,Postgrado,Norte,4257.31,8092.11,704,6,13970.61,Risque faible,3.2964891442909128,0.13966023865130212,Revenu élevé
7850,38,M,Tecnico,Occidente,1499.77,3213.59,597,9,1029.35,Risque moyen,-1.0334281435464172,0.42235150934691057,Revenu faible
7851,72,M,Primaria,Oriente,2157.12,3460.33,611,9,8726.86,Risque moyen,0.165654094179892,0.6670033869044671,Revenu moyen
7852,33,F,Universitario,Centro,2835.62,5573.14,645,7,9452.94,Risque moyen,1.296065432274821,0.14013009481214844,Revenu moyen
7853,48,F,Postgrado,Centro,5211.31,9308.07,633,3,15875.15,Risque moyen,3.9174804373624412,-0.6966156119657262,Revenu élevé
7854,31,F,Tecnico,Centro,2821.31,5514.53,670,5,9904.52,Risque faible,1.5961016746900811,-0.58081331895139,Revenu moyen
7856,45,F,Postgrado,Centro,2230.04,3725.24,553,12,6648.14,Risque moyen,-0.48987922976952614,1.74113469669731,Revenu moyen
7858,45,M,Universitario,Oriente,2482.27,4425.48,622,9,7394.15,Risque moyen,0.43379245926919546,0.7188708332410849,Revenu moyen
7859,68,F,Secundaria,Centro,463.29,0.0,389,7,500.0,Risque élevé,-3.300141538121948,-0.49621867316515067,Revenu faible
7860,72,F,Universitario,Occidente,1570.82,3037.92,590,9,595.9,Risque moyen,-1.1266757894245716,0.4122927110086041,Revenu moyen
7861,66,F,Tecnico,Norte,1380.02,1678.01,491,14,500.0,Risque élevé,-2.3992555699256277,2.1455042263028306,Revenu faible
7863,75,F,Tecnico,Sur,2509.2,5820.97,592,5,4801.19,Risque moyen,0.5480157812577838,-0.6730445065658054,Revenu moyen
7865,39,F,Universitario,Norte,1113.77,2293.76,558,6,7610.91,Risque moyen,-0.7558933917922002,-0.574145750979488,Revenu faible
7870,59,M,Universitario,Sur,5440.16,11355.12,691,5,19375.04,Risque faible,5.022263234813774,0.21201062274695143,Revenu élevé
7872,49,F,Universitario,Centro,1753.58,3597.5,584,10,3181.57,Risque moyen,-0.7642282077845254,0.8808676864392387,Revenu moyen
7873,27,F,Tecnico,Oriente,936.3,1425.1,430,11,500.0,Risque élevé,-2.8094826760214966,1.0433009065910133,Revenu faible
7874,56,F,Universitario,Sur,5755.0,10786.65,707,12,19302.57,Risque faible,4.682488396353201,2.7032026619338536,Revenu élevé
7876,32,F,Tecnico,Norte,1451.59,2520.39,512,8,2202.87,Risque moyen,-1.5176119837437645,0.0847897907173934,Revenu faible
7877,24,F,Postgrado,Occidente,3479.58,6996.69,610,6,11759.78,Risque moyen,1.9597847822944834,-0.005636178476552519,Revenu élevé
7878,46,F,Universitario,Norte,2006.58,3468.24,609,6,5865.43,Risque moyen,-0.013498670677099691,-0.4833711616649474,Revenu moyen
7879,64,F,Primaria,Occidente,1575.16,2160.71,500,10,3865.18,Risque moyen,-1.567216863974122,0.8338291680995545,Revenu moyen
7880,20,M,Primaria,Norte,535.68,1701.46,382,6,500.0,Risque élevé,-2.8881056604901616,-0.7450995484015653,Revenu faible
7881,36,M,Universitario,Sur,1980.7,3276.47,584,4,5058.2,Risque moyen,-0.16990908021347378,-1.219085848954695,Revenu moyen
7883,45,M,Tecnico,Occidente,1748.65,2244.26,555,11,3699.36,Risque moyen,-1.233000531449334,1.184273294104451,Revenu moyen
7886,52,M,Secundaria,Centro,1194.88,1947.81,549,5,6330.18,Risque moyen,-0.9172678467197876,-0.9689371562963168,Revenu faible
7887,23,M,Universitario,Centro,2596.41,3976.93,587,10,6798.08,Risque moyen,0.05677688731475398,1.0635951191128137,Revenu moyen
7889,64,M,Secundaria,Oriente,991.96,2107.72,473,3,1712.81,Risque élevé,-1.7642062335035367,-1.7643078019723817,Revenu faible
7890,55,F,Secundaria,Oriente,1853.7,3007.49,593,1,5643.36,Risque moyen,0.020577960268341862,-2.3103130444362785,Revenu moyen
7891,30,M,Universitario,Norte,5993.96,10715.56,727,5,23655.59,Risque faible,5.769056398689145,0.3082730175842187,Revenu élevé
7893,36,M,Secundaria,Occidente,2665.44,4980.58,574,9,5056.63,Risque moyen,0.10550315560747404,0.737277529858455,Revenu moyen
7894,20,M,Secundaria,Oriente,716.06,1584.5,437,10,500.0,Risque élevé,-2.7639472412834825,0.6708305080747321,Revenu faible
7895,25,F,Tecnico,Norte,1234.99,2432.03,495,8,500.0,Risque élevé,-1.901543628825596,0.02818238822706544,Revenu faible
7896,25,F,Universitario,Sur,4157.17,8066.39,624,4,12253.9,Risque moyen,2.7273042425722975,-0.5893084496535619,Revenu élevé
7898,75,F,Postgrado,Sur,2546.44,4712.09,657,8,7208.75,Risque faible,0.7707006089653142,0.3640897835774367,Revenu moyen
7899,37,M,Universitario,Norte,3463.38,5656.22,625,9,11972.45,Risque moyen,1.5916118410718043,0.9858707139702224,Revenu élevé
7900,64,M,Secundaria,Norte,982.72,1249.57,523,8,500.0,Risque moyen,-2.092629157957669,-0.07701498323387636,Revenu faible
7903,38,M,Universitario,Centro,2807.56,5588.06,715,4,9092.53,Risque faible,1.8498659522216312,-0.9740383921432716,Revenu moyen
7904,20,M,Secundaria,Oriente,4441.73,10169.76,652,5,12881.48,Risque faible,3.458424547597235,-0.08109810819565115,Revenu élevé
7905,62,F,Universitario,Sur,1936.01,4896.51,602,3,6589.81,Risque moyen,0.48031652197244046,-1.4604783352357344,Revenu moyen
7907,40,F,Universitario,Norte,3554.05,7925.68,660,2,8698.35,Risque faible,2.417632532737448,-1.4666617142396874,Revenu élevé
7908,33,M,Universitario,Oriente,2137.36,4167.89,485,9,4908.97,Risque élevé,-0.8259167329518828,0.6765521148208871,Revenu moyen
7911,65,F,Primaria,Norte,999.94,2520.15,498,4,1854.31,Risque élevé,-1.5743529347855163,-1.3901236284756056,Revenu faible
7913,31,F,Universitario,Sur,2848.13,5976.77,621,4,11780.83,Risque moyen,1.672002137174388,-0.8445612416801676,Revenu moyen
7917,24,M,Secundaria,Norte,1920.38,3347.59,513,10,2920.5,Risque moyen,-1.1921241786851489,0.9083345049354234,Revenu moyen
7918,32,M,Secundaria,Norte,1764.91,2349.12,547,7,7066.29,Risque moyen,-0.655524709632884,-0.15866442779695414,Revenu moyen
7919,24,M,Secundaria,Sur,1498.24,3438.46,575,6,2648.71,Risque moyen,-0.7621850261860225,-0.5909569043152466,Revenu faible
7921,51,M,Secundaria,Centro,1514.34,3503.92,548,2,2893.8,Risque moyen,-0.6253488921284559,-1.998207997347128,Revenu moyen
7922,58,F,Tecnico,Sur,2453.44,6422.27,634,10,8612.56,Risque moyen,0.9780377095267417,1.2115886605306279,Revenu moyen
7923,39,F,Universitario,Norte,2950.87,5207.38,599,5,10368.02,Risque moyen,1.2149059044971773,-0.5438361655685201,Revenu moyen
7924,41,F,Secundaria,Occidente,1959.91,3658.04,534,10,7652.54,Risque moyen,-0.5005798553240222,1.0276104112571856,Revenu moyen
7925,66,M,Tecnico,Sur,10319.44,18865.77,785,5,40368.35,Risque faible,11.357919002248329,1.5447063140145847,Revenu élevé
7927,61,M,Tecnico,Sur,915.86,1741.38,511,12,897.28,Risque moyen,-2.296109628984925,1.3897780998076692,Revenu faible
7932,63,M,Tecnico,Occidente,2607.59,3763.62,651,5,7717.58,Risque faible,0.7996406277683872,-0.7435691328692503,Revenu moyen
7934,73,M,Primaria,Sur,1652.52,2616.18,512,7,3965.69,Risque moyen,-1.1700302769484434,-0.20822711403299277,Revenu moyen
7936,42,F,Universitario,Occidente,2395.96,4962.42,602,7,7269.7,Risque moyen,0.5060693143553758,0.03282403171989899,Revenu moyen
7939,42,M,Postgrado,Norte,1311.98,3156.37,493,8,5124.25,Risque élevé,-1.2530605077433796,0.1829386697386308,Revenu faible
7941,43,M,Universitario,Norte,2026.66,2179.99,624,6,4792.39,Risque moyen,-0.29996496045715665,-0.5871460913312849,Revenu moyen
7943,65,F,Secundaria,Norte,1892.88,2859.0,514,5,5195.34,Risque moyen,-0.7553066459957251,-0.8594824460779882,Revenu moyen
7946,53,F,Universitario,Centro,1107.98,2412.16,500,2,1419.26,Risque moyen,-1.4600527800339642,-2.1119569464081565,Revenu faible
7947,74,M,Secundaria,Centro,1379.39,2610.09,588,3,6350.02,Risque moyen,-0.3434444462258548,-1.645199239429333,Revenu faible
7949,60,F,Postgrado,Occidente,3866.51,8238.9,630,3,13648.49,Risque moyen,2.883486550749093,-0.9357575073326287,Revenu élevé
7951,64,M,Universitario,Norte,3032.15,5268.31,723,8,11108.22,Risque faible,1.8798541158118132,0.5010668538980662,Revenu élevé
7952,22,M,Tecnico,Norte,3078.73,6188.01,611,9,8230.41,Risque moyen,1.077297470235115,0.9017533338591711,Revenu élevé
7953,60,M,Universitario,Centro,1577.92,3774.22,618,9,5539.41,Risque moyen,-0.29553951919184546,0.554794248654685,Revenu moyen
7954,42,M,Primaria,Occidente,1089.82,2674.41,606,6,5838.41,Risque moyen,-0.5847356388733626,-0.6160320247578683,Revenu faible
7955,35,M,Tecnico,Norte,1634.9,2464.58,523,8,2875.6,Risque moyen,-1.3191605256353025,0.10928172218999999,Revenu moyen
7956,30,F,Universitario,Oriente,2476.6,4751.81,546,3,7176.05,Risque moyen,0.40594167579977475,-1.3788836432014662,Revenu moyen
7957,60,M,Secundaria,Norte,1636.07,3012.83,524,3,4157.2,Risque moyen,-0.7526289267022734,-1.6181461246209905,Revenu moyen
7959,45,F,Tecnico,Inconnue,1711.51,2333.14,541,7,3385.95,Risque moyen,-1.0942554788903103,-0.24517030533208545,Revenu moyen
7960,35,F,Primaria,Centro,2063.0,3889.68,594,6,7797.11,Risque moyen,0.20935810023225523,-0.40314663446373966,Revenu moyen
7963,68,F,Postgrado,Norte,6777.6,13122.27,760,4,26335.97,Risque faible,7.137840926112588,0.21065241820961636,Revenu élevé
7964,73,F,Secundaria,Sur,1284.95,1953.75,537,4,729.44,Risque moyen,-1.4614040334700351,-1.4387738871605047,Revenu faible
7965,44,F,Universitario,Centro,3097.04,4828.37,673,4,11347.77,Risque faible,1.794064189405841,-0.9206057016303085,Revenu élevé
7967,64,M,Tecnico,Oriente,2875.55,6019.76,703,8,8999.48,Risque faible,1.6395999116809812,0.4910397586813218,Revenu moyen
7968,26,M,Tecnico,Norte,2100.83,4439.76,555,7,7679.6,Risque moyen,0.03767888011220497,0.0048144694632572815,Revenu moyen
7972,45,F,Universitario,Sur,4293.91,8507.93,681,8,15619.71,Risque faible,3.3088291998530526,0.9300198730474575,Revenu élevé
7973,50,F,Secundaria,Oriente,2070.39,4760.62,601,7,4779.58,Risque moyen,0.06596116947865954,-0.06574276295433404,Revenu moyen
7974,21,F,Universitario,Oriente,1599.45,3328.04,561,8,5725.07,Risque moyen,-0.6349340188027415,0.2032646769064516,Revenu moyen
7975,63,M,Secundaria,Sur,2316.44,4686.79,666,4,5978.39,Risque faible,0.845976096644009,-1.1214345030684703,Revenu moyen
7977,51,F,Universitario,Occidente,2541.95,4276.11,635,8,8699.57,Risque moyen,0.7000199575129171,0.38198795195537355,Revenu moyen
7978,65,M,Universitario,Oriente,3055.35,7118.01,724,3,12791.45,Risque faible,2.7725680887709685,-1.139735222041605,Revenu élevé
7979,20,M,Secundaria,Sur,2068.5,3268.96,631,4,5289.24,Risque moyen,0.16540191312830718,-1.2270850341501445,Revenu moyen
7980,43,M,Universitario,Norte,2621.22,4893.17,546,12,4559.07,Risque moyen,-0.33476096489625284,1.8020564265510346,Revenu moyen
7982,23,M,Secundaria,Oriente,3698.21,7356.51,575,6,11580.91,Risque moyen,1.9029744706376792,0.047772340383745074,Revenu élevé
7984,41,F,Postgrado,Norte,6015.1,9887.94,746,6,22990.69,Risque faible,5.583574092384106,0.5962962243798158,Revenu élevé
7986,56,M,Secundaria,Occidente,1054.11,2490.46,450,8,1875.78,Risque élevé,-2.0882179001464696,0.06568193647267852,Revenu faible
7989,30,F,Tecnico,Occidente,734.63,1026.64,430,10,2873.75,Risque élevé,-2.6719449351080837,0.6970671891790946,Revenu faible
7990,22,F,Tecnico,Sur,1577.67,2127.33,562,8,4049.92,Risque moyen,-1.0644980362629104,0.09326610990854894,Revenu moyen
7991,42,F,Tecnico,Sur,2262.84,4425.12,572,9,4419.19,Risque moyen,-0.2574127746826965,0.6531943395859922,Revenu moyen
7993,71,F,Universitario,Sur,1756.21,2688.37,617,6,6921.72,Risque moyen,-0.12774614871884207,-0.5321701018784649,Revenu moyen
7994,35,M,Postgrado,Centro,3552.72,6101.59,657,4,12606.03,Risque faible,2.2890300733375675,-0.7677184302396778,Revenu élevé
7995,64,M,Tecnico,Norte,1124.63,2651.58,528,5,2608.46,Risque moyen,-1.3030293289552985,-1.0095075962150586,Revenu faible
7996,35,F,Universitario,Oriente,2719.44,4333.22,630,6,6116.8,Risque moyen,0.6166556359567057,-0.3690508901983551,Revenu moyen
7997,19,M,Universitario,Norte,3653.46,5943.51,676,4,11523.61,Risque faible,2.2982718222994403,-0.8002996004751846,Revenu élevé
7998,27,M,Secundaria,Occidente,2615.4,3948.73,623,7,6200.13,Risque moyen,0.3966416587551691,-0.03865440331674841,Revenu moyen
7999,72,F,Universitario,Sur,1897.74,3293.42,505,9,6481.47,Risque moyen,-0.8321308510850386,0.6295608199009541,Revenu moyen
8000,62,F,Primaria,Sur,2780.15,5812.85,604,5,8725.0,Risque moyen,1.1327275308697928,-0.5643973031849046,Revenu moyen
8005,30,M,Universitario,Occidente,930.85,947.84,443,10,2718.06,Risque élevé,-2.5462391012285077,0.701831066292985,Revenu faible
8007,64,M,Postgrado,Occidente,3798.63,6383.69,661,3,12843.11,Risque faible,2.5617931295312126,-1.081935538357507,Revenu élevé
8008,74,M,Secundaria,Oriente,2137.88,3777.16,616,8,8005.14,Risque moyen,0.24258800448772883,0.30740419829932986,Revenu moyen
8009,72,F,Postgrado,Sur,3657.81,6222.56,679,7,15452.99,Risque faible,2.5927163094639707,0.3764663478790913,Revenu élevé
8011,36,F,Tecnico,Centro,2079.62,3653.39,574,10,4728.37,Risque moyen,-0.5163876654313699,0.9546489515594516,Revenu moyen
8012,52,F,Secundaria,Oriente,2353.48,3737.73,651,4,8475.29,Risque faible,0.8283641747251712,-1.1097314722137444,Revenu moyen
8013,56,M,Tecnico,Norte,2837.39,6271.79,666,7,9713.4,Risque faible,1.5951377690274475,0.17723614623776884,Revenu moyen
8014,70,F,Secundaria,Sur,2589.45,5045.24,621,11,7216.88,Risque moyen,0.4607873643850599,1.4765950694633823,Revenu moyen
8015,43,F,Secundaria,Norte,1538.48,2602.7,541,5,4866.42,Risque moyen,-0.8324163768716845,-0.9277078129777921,Revenu moyen
8018,71,F,Postgrado,Norte,3605.28,5795.26,743,9,13477.46,Risque faible,2.529075155373372,0.9883632808127284,Revenu élevé
8020,61,F,Tecnico,Norte,4384.31,6744.82,659,4,12580.08,Risque faible,2.781490098558075,-0.6526533076088994,Revenu élevé
8021,41,M,Universitario,Norte,3932.79,9293.14,675,5,12192.81,Risque faible,3.124917382247238,-0.2063458938269652,Revenu élevé
8022,58,M,Secundaria,Centro,833.4,1162.5,457,12,3765.61,Risque élevé,-2.4765064746295384,1.4375009112833323,Revenu faible
8025,60,M,Secundaria,Sur,920.0,1406.46,459,13,1586.2,Risque élevé,-2.6630901832053597,1.7673027716875882,Revenu faible
8027,39,F,Secundaria,Norte,2263.09,4358.27,607,9,11017.58,Risque moyen,0.6117316725924437,0.7827389649418935,Revenu moyen
8028,40,F,Secundaria,Centro,3018.12,5660.26,683,7,10841.78,Risque faible,1.7568330074616403,0.17686489078060855,Revenu élevé
8031,36,F,Universitario,Norte,2305.36,3089.24,613,4,5412.6,Risque moyen,0.13292482248610735,-1.204037258855974,Revenu moyen
8032,35,F,Tecnico,Sur,1213.28,2045.84,482,11,3701.32,Risque élevé,-1.9278049741390662,1.1546438020173648,Revenu faible
8033,29,M,Secundaria,Sur,1649.46,3079.05,612,6,4915.0,Risque moyen,-0.3249087043363415,-0.5628057892978767,Revenu moyen
8035,45,F,Secundaria,Centro,1323.43,2895.56,505,6,5474.21,Risque moyen,-1.0720391600331305,-0.5437170367393177,Revenu faible
8036,45,M,Tecnico,Oriente,2481.67,5082.05,669,9,9728.86,Risque faible,1.088845356646319,0.7884951376708847,Revenu moyen
8037,50,F,Universitario,Norte,3219.6,5286.68,668,7,13926.05,Risque faible,1.9900765685362614,0.2508800231642479,Revenu élevé
8041,66,F,Universitario,Norte,3289.27,5707.54,611,7,8799.15,Risque moyen,1.2467132840876132,0.19168622508856914,Revenu élevé
8042,54,F,Secundaria,Norte,999.98,1912.73,532,6,3701.51,Risque moyen,-1.4383679633155029,-0.6837459240937598,Revenu faible
8044,52,F,Universitario,Centro,2696.84,4180.86,626,11,10453.47,Risque moyen,0.684080105701124,1.5076304083036898,Revenu moyen
8046,52,F,Tecnico,Centro,5380.85,10491.46,656,6,17969.41,Risque faible,4.401806835511974,0.49783860313986744,Revenu élevé
8047,57,F,Universitario,Centro,2923.13,6145.92,643,7,8249.81,Risque moyen,1.318695216618936,0.15538091547736524,Revenu moyen
8048,33,M,Universitario,Oriente,2550.23,5830.75,653,8,9155.59,Risque faible,1.1856057720184214,0.47510862930939596,Revenu moyen
8052,71,M,Tecnico,Centro,1507.73,4531.01,591,7,2942.9,Risque moyen,-0.4648739467116019,-0.16969861200675662,Revenu moyen
8053,39,F,Tecnico,Sur,1630.28,4131.81,570,12,5291.75,Risque moyen,-0.6932338165874419,1.6692269284821597,Revenu moyen
8054,33,M,Postgrado,Centro,2791.16,4818.96,686,4,7951.27,Risque faible,1.3922822416613387,-1.0329317710267965,Revenu moyen
8055,45,M,Secundaria,Norte,1456.43,1350.12,544,8,5698.12,Risque moyen,-1.2165177914856904,0.08201154643341811,Revenu faible
8056,65,F,Tecnico,Norte,5191.89,8377.5,639,12,17665.77,Risque moyen,3.3688901449781943,2.5034758732756366,Revenu élevé
8057,52,F,Secundaria,Sur,2043.05,4215.68,594,9,5151.15,Risque moyen,-0.1889438455760523,0.6267464483117081,Revenu moyen
8059,63,M,Secundaria,Occidente,1523.7,2184.77,566,9,2577.35,Risque moyen,-1.264951125744776,0.4139338680787065,Revenu moyen
8061,61,M,Universitario,Norte,1105.67,2699.09,568,9,4054.19,Risque moyen,-1.1670827500192542,0.4363878933893028,Revenu faible
8062,72,F,Tecnico,Centro,2667.97,3880.09,641,5,8522.53,Risque moyen,0.8733006276139067,-0.7083659490384699,Revenu moyen
8063,72,F,Secundaria,Oriente,2203.3,5099.47,529,4,5971.26,Risque moyen,0.07936924842685635,-1.0467915517601296,Revenu moyen
8064,39,M,Secundaria,Inconnue,1790.72,2423.79,628,6,5887.38,Risque moyen,-0.2108480838564735,-0.5725503386375738,Revenu moyen
8065,38,M,Secundaria,Occidente,2906.87,4876.68,732,7,8755.5,Risque faible,1.6185446812140831,0.05162222860686317,Revenu moyen
8066,43,F,Secundaria,Centro,1659.85,2454.3,534,9,3401.36,Risque moyen,-1.2547270820305818,0.47556532182192696,Revenu moyen
8067,57,F,Universitario,Norte,3570.02,6933.35,618,7,11272.05,Risque moyen,1.9186296714539075,0.3422549890108953,Revenu élevé
8068,38,M,Postgrado,Centro,3169.45,5167.91,601,8,8875.45,Risque moyen,0.9688675618828227,0.5127762884941468,Revenu élevé
8069,42,F,Primaria,Centro,390.05,533.04,312,10,2693.99,Risque élevé,-3.633098545706893,0.6846576620578864,Revenu faible
8070,58,M,Universitario,Centro,4186.94,7256.79,708,4,14280.35,Risque faible,3.270430446046633,-0.6254078580518343,Revenu élevé
8071,18,F,Secundaria,Oriente,924.19,960.74,451,14,500.0,Risque élevé,-2.976834719805987,2.078479608819736,Revenu faible
8073,40,F,Tecnico,Occidente,1307.43,2565.34,517,14,3784.12,Risque moyen,-1.751465708891702,2.252557045466724,Revenu faible
8074,68,M,Secundaria,Centro,1778.82,3765.62,634,7,7310.28,Risque moyen,0.18736879840078932,-0.10886521941630647,Revenu moyen
8076,60,F,Secundaria,Centro,2034.36,4236.08,576,7,6359.57,Risque moyen,-0.04514688024453453,-0.052618902465297,Revenu moyen
8078,40,F,Primaria,Oriente,1105.29,1971.33,526,7,3350.03,Risque moyen,-1.5158694671592865,-0.3179870954763245,Revenu faible
8081,30,F,Universitario,Occidente,3307.11,6064.23,695,7,13785.24,Risque faible,2.335767116260465,0.288961411934857,Revenu élevé
8083,35,F,Secundaria,Sur,2020.68,2353.88,518,9,5170.53,Risque moyen,-1.0379668538676992,0.5513280544308755,Revenu moyen
8084,40,M,Secundaria,Sur,1380.47,4399.69,514,9,1099.05,Risque moyen,-1.31310733344907,0.5186750515266626,Revenu faible
8085,32,M,Universitario,Norte,3717.63,8533.3,662,9,11402.17,Risque faible,2.466518506463587,1.147349876995887,Revenu élevé
8086,50,M,Secundaria,Sur,2084.71,3254.31,613,8,8922.14,Risque moyen,0.18608116198484265,0.29410385865811056,Revenu moyen
8087,38,M,Universitario,Occidente,2506.47,3621.0,613,5,12511.85,Risque moyen,0.9957191955617205,-0.6360018156777064,Revenu moyen
8088,74,F,Secundaria,Norte,2168.33,6176.54,611,6,6360.41,Risque moyen,0.6904424841641524,-0.30066037016104213,Revenu moyen
8089,56,F,Universitario,Oriente,3929.38,7958.46,745,5,13932.1,Risque faible,3.431087175178648,-0.27623724633899405,Revenu élevé
8090,40,F,Secundaria,Occidente,3442.64,6795.84,679,9,14349.62,Risque faible,2.3861585920160695,1.0793877617809118,Revenu élevé
8091,44,F,Primaria,Occidente,879.2,602.94,465,5,2077.99,Risque élevé,-2.2646814604478087,-1.1352984645494308,Revenu faible
8092,62,F,Tecnico,Centro,2784.37,6301.21,637,14,7262.85,Risque moyen,0.7196583514994574,2.6345271992471546,Revenu moyen
8093,61,F,Tecnico,Centro,2545.48,3886.97,617,7,7324.25,Risque moyen,0.43445192590254245,-0.020788943275091707,Revenu moyen
8094,35,M,Tecnico,Centro,2695.14,4702.96,659,3,8917.07,Risque faible,1.3303831215554498,-1.37239323350987,Revenu moyen
8095,41,F,Secundaria,Oriente,1214.89,3288.51,575,9,1393.08,Risque moyen,-1.228560026886873,0.41766557401113613,Revenu faible
8096,68,M,Primaria,Norte,1322.31,2050.74,535,9,1606.01,Risque moyen,-1.6595018663440841,0.37896555346542715,Revenu faible
8098,57,M,Universitario,Centro,2895.82,6152.45,690,5,10675.66,Risque faible,1.959196661537778,-0.5283012215607095,Revenu moyen
8099,68,F,Postgrado,Centro,2353.64,3267.77,584,9,7222.85,Risque moyen,-0.10637021068456119,0.6527277146798314,Revenu moyen
8100,59,F,Tecnico,Centro,3437.77,7117.43,670,8,10760.13,Risque faible,2.09337168390069,0.6629126375808684,Revenu élevé
8104,37,M,Universitario,Oriente,2603.47,4065.37,649,7,7890.78,Risque moyen,0.7428903859526287,-0.006516938360677789,Revenu moyen
8107,44,M,Universitario,Oriente,3391.31,6514.89,560,12,11746.86,Risque moyen,1.1503993427422234,2.1256426012202625,Revenu élevé
8108,26,M,Universitario,Norte,1278.08,2662.93,478,7,4318.16,Risque élevé,-1.480271673615984,-0.21793577022013946,Revenu faible
8109,70,M,Tecnico,Oriente,3244.04,5371.58,626,6,10817.6,Risque moyen,1.5145745135195556,-0.15079598116065243,Revenu élevé
8110,62,M,Universitario,Oriente,3728.97,7649.63,715,2,13958.24,Risque faible,3.295640927250525,-1.3718537083154487,Revenu élevé
8112,48,M,Tecnico,Centro,3485.45,5280.42,682,10,9117.65,Risque faible,1.5010692732102038,1.2335710688922616,Revenu élevé
8113,38,M,Postgrado,Sur,1856.14,2582.32,605,7,6122.78,Risque moyen,-0.323612170982787,-0.1838828967450762,Revenu moyen
8114,43,M,Primaria,Oriente,1363.16,3583.13,536,5,4601.54,Risque moyen,-0.7544495252867928,-0.8913177721370353,Revenu faible
8115,57,F,Universitario,Sur,2164.72,4569.7,656,3,5619.29,Risque faible,0.7246372578308571,-1.5038679363544023,Revenu moyen
8117,62,M,Universitario,Sur,2139.34,3635.01,612,7,6928.46,Risque moyen,0.1415186984684543,-0.08080250862211283,Revenu moyen
8118,30,F,Tecnico,Centro,2225.88,3553.24,517,6,6397.82,Risque moyen,-0.3906406987494867,-0.40409743470952303,Revenu moyen
8119,66,M,Universitario,Norte,1688.12,1090.83,599,6,2275.45,Risque moyen,-1.0774762115436878,-0.7281948392969592,Revenu moyen
8120,40,F,Tecnico,Sur,2739.75,3652.04,654,2,8585.44,Risque faible,1.1253519048298821,-1.7918790669237088,Revenu moyen
8123,71,F,Universitario,Norte,3769.41,6523.2,724,7,15218.52,Risque faible,2.9437056882822885,0.3789775272410738,Revenu élevé
8124,70,M,Secundaria,Norte,1260.38,1027.88,512,15,2565.06,Risque moyen,-2.3139091436521744,2.491206225675064,Revenu faible
8125,45,M,Tecnico,Sur,1778.7,4502.48,612,9,4279.81,Risque moyen,-0.22202405718511845,0.5903787891193372,Revenu moyen
8126,34,F,Primaria,Sur,601.64,0.0,415,10,1918.26,Risque élevé,-3.131314546591339,0.6100286926613359,Revenu faible
8127,45,M,Universitario,Sur,1879.32,3396.01,600,7,6046.95,Risque moyen,-0.1787281597540326,-0.13396587548832156,Revenu moyen
8129,19,M,Universitario,Centro,1039.69,3747.66,471,14,2426.34,Risque élevé,-2.02270959391306,2.2855924196501047,Revenu faible
8130,42,M,Tecnico,Oriente,1679.15,2267.33,570,9,5419.84,Risque moyen,-0.867288318780688,0.49598783264063845,Revenu moyen
8131,75,M,Primaria,Norte,1215.11,2224.35,609,6,3595.63,Risque moyen,-0.8403595089106375,-0.6822269588442906,Revenu faible
8132,67,F,Tecnico,Norte,2160.28,4031.33,656,8,8025.18,Risque faible,0.5432070493020614,0.30672281889112246,Revenu moyen
8133,58,M,Universitario,Sur,3212.54,4872.95,643,7,11679.33,Risque moyen,1.5217601821130717,0.1866901617169451,Revenu élevé
8134,23,M,Universitario,Occidente,2087.99,4000.02,641,5,6474.86,Risque moyen,0.44648420714341996,-0.802979386044964,Revenu moyen
8135,28,F,Secundaria,Centro,1826.08,2937.8,564,2,3659.45,Risque moyen,-0.4424700979657918,-1.9912086253340497,Revenu moyen
8136,74,F,Postgrado,Occidente,5252.21,9206.0,748,1,21085.12,Risque faible,5.249311131485571,-1.3477669434233368,Revenu élevé
8137,55,F,Secundaria,Norte,2523.24,3963.6,616,6,6339.23,Risque moyen,0.3969087236127692,-0.39784993758961484,Revenu moyen
8138,23,F,Secundaria,Norte,1873.97,4314.99,543,9,3889.27,Risque moyen,-0.6680677747486571,0.6108196223844224,Revenu moyen
8140,28,F,Secundaria,Oriente,937.08,1045.39,411,10,2099.65,Risque élevé,-2.7747294857549782,0.7085048191200723,Revenu faible
8141,31,F,Secundaria,Centro,2113.34,2071.56,573,9,5874.16,Risque moyen,-0.6632783491802047,0.5349424197367119,Revenu moyen
8143,57,F,Tecnico,Norte,2144.0,3919.66,616,7,9008.45,Risque moyen,0.44080664432955785,-0.01864100889564986,Revenu moyen
8144,20,M,Primaria,Centro,1548.17,3817.08,580,8,4945.79,Risque moyen,-0.5209043494139226,0.20056074796838064,Revenu moyen
8148,50,M,Universitario,Oriente,4810.61,9671.95,687,4,15659.51,Risque faible,4.060461916186876,-0.3853249029572114,Revenu élevé
8150,36,M,Universitario,Sur,2570.42,5341.79,633,8,6497.15,Risque moyen,0.699881807403643,0.3975978369163976,Revenu moyen
8151,35,M,Universitario,Sur,2176.26,4145.44,674,4,8550.05,Risque faible,0.9837956404545324,-1.1116498867959872,Revenu moyen
8153,69,M,Secundaria,Oriente,2817.68,5760.41,562,8,7244.25,Risque moyen,0.5507003443350608,0.49427828090091497,Revenu moyen
8156,52,F,Universitario,Sur,1815.64,3496.54,540,5,5401.41,Risque moyen,-0.47832048392765114,-0.8369298077178563,Revenu moyen
8158,53,M,Secundaria,Oriente,661.28,2697.69,462,4,2100.34,Risque élevé,-1.8646415553196711,-1.3903455429548528,Revenu faible
8160,62,F,Universitario,Norte,3383.85,5447.41,666,7,11017.2,Risque faible,1.7823469488612045,0.21100190141777272,Revenu élevé
8161,66,M,Primaria,Sur,1461.03,3632.18,555,5,5611.26,Risque moyen,-0.487776827056688,-0.864874093038433,Revenu faible
8162,60,M,Postgrado,Norte,3693.59,6368.79,600,9,10191.55,Risque moyen,1.5087835909493321,1.020119293266513,Revenu élevé
8163,51,F,Primaria,Occidente,1073.23,1608.46,543,8,1929.74,Risque moyen,-1.7143807706915888,-0.02426678118650051,Revenu faible
8165,33,M,Tecnico,Sur,2255.72,4585.26,589,9,6225.08,Risque moyen,0.05893357230091765,0.6949678577932935,Revenu moyen
8166,51,F,Primaria,Centro,1790.41,3024.54,586,4,4315.96,Risque moyen,-0.3671241186089931,-1.269505900303586,Revenu moyen
8168,36,F,Secundaria,Centro,909.9,1012.14,559,8,2261.87,Risque moyen,-1.780667157784257,-0.07409851729051477,Revenu faible
8169,40,M,Primaria,Centro,986.05,2913.62,531,13,2226.77,Risque moyen,-1.8267797981111156,1.843043248445926,Revenu faible
8170,36,F,Tecnico,Occidente,2166.71,3298.49,578,11,5091.52,Risque moyen,-0.5569199008450081,1.3063522043833102,Revenu moyen
8171,42,F,Tecnico,Norte,1335.79,2697.83,490,10,5790.33,Risque élevé,-1.4145462888657114,0.8901686771893346,Revenu faible
8172,33,M,Postgrado,Oriente,2456.95,4137.39,595,10,4409.2,Risque moyen,-0.16555266233753774,1.0020057194748746,Revenu moyen
8174,68,F,Secundaria,Occidente,2252.86,2426.45,630,6,5729.29,Risque moyen,-0.021870391724632305,-0.5328211379291017,Revenu moyen
8175,26,M,Primaria,Sur,754.98,525.3,439,8,2282.34,Risque élevé,-2.652450361924911,-0.06261259714328886,Revenu faible
8178,36,F,Postgrado,Oriente,4409.42,7428.26,659,5,15002.79,Risque faible,3.1229648232117646,-0.19830843154281352,Revenu élevé
8179,50,M,Tecnico,Oriente,1251.54,3113.84,561,3,500.0,Risque moyen,-1.049382436409654,-1.7482627587775093,Revenu faible
8180,51,M,Universitario,Oriente,1920.15,2899.59,667,5,6285.71,Risque faible,0.27683416391820714,-0.8987492487194896,Revenu moyen
8181,33,M,Postgrado,Centro,1862.13,3767.46,573,6,8218.92,Risque moyen,0.019360862909721086,-0.4103910439268274,Revenu moyen
8182,61,M,Secundaria,Norte,1567.35,2709.26,566,12,5131.56,Risque moyen,-1.0608996091376635,1.5789403096535681,Revenu moyen
8185,35,F,Secundaria,Centro,1727.01,2661.64,558,11,6309.55,Risque moyen,-0.8680281636679917,1.2640573646968472,Revenu moyen
8188,62,F,Secundaria,Centro,1500.78,2360.35,581,5,6264.17,Risque moyen,-0.520677649881396,-0.931760094232651,Revenu moyen
8191,75,M,Secundaria,Occidente,2047.45,3267.0,671,5,5212.09,Risque faible,0.3211509984903613,-0.8913847349841019,Revenu moyen
8192,23,M,Primaria,Oriente,1204.0,2553.84,527,3,4784.84,Risque moyen,-0.9481339207203898,-1.673100364504297,Revenu faible
8193,49,M,Secundaria,Norte,1035.59,1869.59,524,10,1167.17,Risque moyen,-1.989803001767261,0.69373528581154,Revenu faible
8195,65,F,Universitario,Oriente,3007.25,5184.22,609,2,8921.71,Risque moyen,1.3313841204782424,-1.6497033200166116,Revenu élevé
8197,56,F,Universitario,Centro,1670.81,1790.08,563,6,6575.52,Risque moyen,-0.7069933026005462,-0.5759054788739645,Revenu moyen
8198,48,F,Tecnico,Centro,3064.27,6389.18,699,4,10331.77,Risque faible,2.159806734607628,-0.8679143277282375,Revenu élevé
8200,27,M,Tecnico,Centro,1756.69,2987.17,547,7,4361.63,Risque moyen,-0.8013685819793367,-0.18359499282700545,Revenu moyen
8201,47,M,Secundaria,Norte,1505.22,3147.74,539,3,3059.65,Risque moyen,-0.803047593169457,-1.654357582132299,Revenu moyen
8203,69,M,Universitario,Sur,4688.16,8947.35,826,7,18657.89,Risque faible,4.793979498135716,0.6389132926981941,Revenu élevé
8204,35,M,Universitario,Oriente,1433.27,3673.84,558,5,4043.83,Risque moyen,-0.6337662572258989,-0.9018853713033133,Revenu faible
8206,69,F,Tecnico,Centro,4708.45,8443.25,651,4,14197.55,Risque faible,3.395597215034377,-0.4831347237682354,Revenu élevé
8207,26,F,Secundaria,Sur,1028.8,4002.14,476,11,2911.67,Risque élevé,-1.7066308088010331,1.235322036686333,Revenu faible
8208,48,F,Secundaria,Occidente,1214.26,1806.29,526,7,2667.79,Risque moyen,-1.575387496889725,-0.3325896905075346,Revenu faible
8209,32,F,Tecnico,Centro,1238.12,1690.31,501,8,1975.09,Risque moyen,-1.870691730214141,0.016124065086986616,Revenu faible
8210,21,F,Universitario,Centro,4024.74,7877.17,625,5,12931.86,Risque moyen,2.644922639387288,-0.24045759103349917,Revenu élevé
8212,26,M,Universitario,Oriente,1195.27,2828.2,501,7,809.06,Risque moyen,-1.7046611057052787,-0.30591972910446613,Revenu faible
8217,34,F,Tecnico,Norte,2283.41,4241.9,628,6,7100.38,Risque moyen,0.5045180491030906,-0.392771864268754,Revenu moyen
8218,33,F,Secundaria,Inconnue,1740.88,2884.27,511,7,5982.99,Risque moyen,-0.8751735461414449,-0.1382143284370103,Revenu moyen
8219,32,F,Secundaria,Centro,1045.87,3102.59,530,10,4198.14,Risque moyen,-1.3778458887044522,0.8320058456412385,Revenu faible
8223,22,M,Tecnico,Norte,3197.97,7340.71,664,9,11051.74,Risque faible,1.9727411969640472,1.0198606688916063,Revenu élevé
8225,22,M,Secundaria,Sur,1874.52,2816.96,537,5,2896.03,Risque moyen,-0.8725506059152601,-0.9259954799643468,Revenu moyen
8226,37,F,Tecnico,Norte,1711.82,3077.48,552,9,4878.44,Risque moyen,-0.8434716414868821,0.5419317791684131,Revenu moyen
8227,32,F,Universitario,Centro,1670.86,3572.82,597,8,5573.01,Risque moyen,-0.3570507522032908,0.2046205763593864,Revenu moyen
8228,35,F,Primaria,Sur,2264.59,4649.69,571,2,6076.25,Risque moyen,0.3925243308369358,-1.7986921299277263,Revenu moyen
8229,64,M,Universitario,Occidente,2488.85,4384.66,581,6,6737.02,Risque moyen,0.30666654150453265,-0.3519728970626457,Revenu moyen
8231,46,M,Universitario,Sur,9407.24,17775.07,764,5,38238.88,Risque faible,10.403972307561935,1.3558480954390657,Revenu élevé
8232,30,F,Postgrado,Sur,3573.61,6655.0,637,8,12980.28,Risque moyen,2.0857889209314977,0.7140898314949791,Revenu élevé
8233,21,M,Secundaria,Norte,862.37,2676.71,361,9,849.27,Risque élevé,-2.8202971707793036,0.4326279088190536,Revenu faible
8234,59,M,Primaria,Centro,1844.83,3232.96,548,9,3948.2,Risque moyen,-0.8740324075245821,0.544396333828691,Revenu moyen
8235,62,F,Secundaria,Sur,2408.62,4496.23,589,7,6345.18,Risque moyen,0.2411867882009449,-0.008041699256057418,Revenu moyen
8238,58,F,Primaria,Norte,1101.96,944.41,530,5,3396.27,Risque moyen,-1.5815933466080079,-1.0937288723270784,Revenu faible
8239,25,M,Primaria,Norte,1577.56,1684.92,501,13,2667.96,Risque moyen,-1.9714980173274974,1.8516684017870833,Revenu moyen
8240,20,M,Tecnico,Sur,2465.57,3060.22,666,10,4567.71,Risque faible,0.04383228902872978,0.912007337317999,Revenu moyen
8241,65,M,Tecnico,Sur,1431.5,1875.57,598,10,3621.05,Risque moyen,-1.1360234058414278,0.7539777346914548,Revenu faible
8242,63,M,Secundaria,Sur,2949.96,4972.03,611,4,8145.3,Risque moyen,1.0696112815164545,-0.9707784621836293,Revenu moyen
8244,47,F,Universitario,Occidente,1851.79,4147.21,529,9,6080.06,Risque moyen,-0.5703850595998693,0.6548010229960718,Revenu moyen
8246,28,F,Tecnico,Oriente,1523.6,3237.28,512,6,2167.14,Risque moyen,-1.2143460718105688,-0.582731406133431,Revenu moyen
8247,52,M,Universitario,Sur,1942.5,3201.97,563,5,6868.77,Risque moyen,-0.20185007997971627,-0.8190992022426793,Revenu moyen
8248,54,M,Secundaria,Norte,2719.69,5174.88,596,8,7480.31,Risque moyen,0.6100198005466955,0.4410264910016542,Revenu moyen
8249,59,M,Universitario,Centro,2330.36,5736.52,597,10,5980.48,Risque moyen,0.2935012970301851,1.1172614556251856,Revenu moyen
8250,30,F,Universitario,Sur,2777.03,4341.48,659,2,10902.83,Risque faible,1.5542756897846401,-1.6982258724598096,Revenu moyen
8251,53,M,Universitario,Occidente,2844.79,5516.32,628,6,7176.34,Risque moyen,1.0166419635944945,-0.2636666102898522,Revenu moyen
8252,73,F,Tecnico,Norte,2252.31,4904.49,743,4,9403.57,Risque faible,1.6699680300451571,-1.072161812702628,Revenu moyen
8254,29,F,Universitario,Occidente,1039.66,1376.18,549,4,2567.56,Risque moyen,-1.4268822396144816,-1.4594888580422167,Revenu faible
8256,27,M,Secundaria,Oriente,1403.32,2141.88,523,5,1651.87,Risque moyen,-1.422324586108017,-1.0318648927368732,Revenu faible
8259,69,F,Secundaria,Centro,1813.33,3737.32,666,6,6752.19,Risque faible,0.3892669298739949,-0.4918032014661586,Revenu moyen
8262,71,M,Postgrado,Centro,4770.38,9486.46,725,6,17263.61,Risque faible,4.267626769445991,0.3343791382746695,Revenu élevé
8263,73,M,Postgrado,Sur,3840.68,8680.6,688,9,12904.89,Risque faible,2.8563079097374997,1.189882353658631,Revenu élevé
8264,40,F,Universitario,Sur,1611.8,2517.18,520,4,4268.78,Risque moyen,-0.9423534145860482,-1.2873023028717068,Revenu moyen
8265,56,F,Postgrado,Sur,4346.58,8556.57,725,9,18502.65,Risque faible,3.8334299265064846,1.3407895236551963,Revenu élevé
8266,57,F,Postgrado,Occidente,2968.83,6421.43,651,6,9897.81,Risque faible,1.6748592512446658,-0.14820916720096214,Revenu moyen
8267,56,F,Universitario,Norte,3605.52,7063.6,650,3,9267.22,Risque faible,2.1935082288655012,-1.1368042289685016,Revenu élevé
8270,46,F,Tecnico,Centro,2376.47,4050.33,611,6,5684.87,Risque moyen,0.2574479028609858,-0.4193519685668154,Revenu moyen
8271,31,M,Primaria,Sur,795.41,1310.7,431,8,3490.17,Risque élevé,-2.3922567837092505,0.017674701419207538,Revenu faible
8272,43,F,Universitario,Sur,3320.1,7044.73,705,8,10868.85,Risque faible,2.2459549571582524,0.6341863046395861,Revenu élevé
8273,68,M,Primaria,Sur,2712.81,3858.28,644,5,8800.65,Risque moyen,0.9335915452986905,-0.7004201051039814,Revenu moyen
8275,72,F,Primaria,Oriente,1393.66,3816.7,608,1,4638.1,Risque moyen,-0.014876898938877411,-2.3367245098139873,Revenu faible
8276,48,M,Tecnico,Inconnue,2724.23,4109.71,573,3,6173.68,Risque moyen,0.42921639196155226,-1.4273150076183514,Revenu moyen
8278,48,M,Universitario,Centro,2588.46,5524.59,628,8,7947.84,Risque moyen,0.8656252667379827,0.444956454017524,Revenu moyen
8281,61,M,Universitario,Sur,2115.35,4591.85,666,9,9292.12,Risque faible,0.7696148956276571,0.7166399275948299,Revenu moyen
8284,62,M,Primaria,Centro,819.84,488.05,518,9,500.47,Risque moyen,-2.4138257524334246,0.22314287027328286,Revenu faible
8286,42,F,Universitario,Norte,1604.77,3621.86,597,6,5954.53,Risque moyen,-0.2101042074821784,-0.5053485990210999,Revenu moyen
8287,30,M,Secundaria,Norte,1909.62,3990.28,587,6,7396.29,Risque moyen,0.0843333312002736,-0.41784340588420876,Revenu moyen
8288,75,F,Primaria,Centro,1996.81,1846.81,585,6,5483.57,Risque moyen,-0.541550210148332,-0.5761288718040675,Revenu moyen
8290,45,M,Universitario,Sur,3253.18,7399.61,632,2,14372.06,Risque moyen,2.5982029718383406,-1.3849850051751171,Revenu élevé
8292,72,F,Secundaria,Centro,1329.29,3419.5,572,6,2993.73,Risque moyen,-0.8189517541209241,-0.599010311488768,Revenu faible
8293,23,M,Tecnico,Norte,5714.77,10109.98,729,4,20091.38,Risque faible,5.232642753970544,-0.1924783273031998,Revenu élevé
8295,75,F,Secundaria,Sur,2398.12,2206.21,610,15,5663.92,Risque moyen,-0.6947035882004785,2.6938958782161206,Revenu moyen
8296,52,M,Secundaria,Norte,1763.26,2679.43,591,6,4969.19,Risque moyen,-0.480090662367299,-0.5644486545455295,Revenu moyen
8298,28,M,Universitario,Centro,1771.16,4389.87,562,5,1867.76,Risque moyen,-0.5408480608530791,-0.8791581470605269,Revenu moyen
8299,71,F,Tecnico,Centro,3707.93,6427.73,710,7,11382.99,Risque faible,2.421759222949294,0.28718623585427755,Revenu élevé
8300,37,F,Universitario,Oriente,5644.83,10144.39,713,4,22428.56,Risque faible,5.356492825294551,-0.13711860422311775,Revenu élevé
8301,22,M,Secundaria,Centro,1477.25,1766.71,566,8,2732.67,Risque moyen,-1.294488327939867,0.031213290996750066,Revenu faible
8302,36,M,Secundaria,Sur,2558.98,4619.75,658,10,7749.14,Risque faible,0.6927402498117968,1.0868334070931605,Revenu moyen
8303,39,M,Secundaria,Oriente,2211.2,2604.03,559,5,4672.74,Risque moyen,-0.46534559460124153,-0.875990506157567,Revenu moyen
8304,36,F,Tecnico,Sur,1634.94,3374.28,582,7,4287.39,Risque moyen,-0.5718381362859981,-0.1901897629020159,Revenu moyen
8305,64,M,Secundaria,Sur,1607.51,2449.11,463,7,5741.55,Risque élevé,-1.33025184912417,-0.16000603566373606,Revenu moyen
8307,41,F,Tecnico,Sur,4507.18,7658.56,731,5,17432.03,Risque faible,3.8855466438527206,-0.15313650837225726,Revenu élevé
8308,58,F,Postgrado,Oriente,4902.78,8319.16,740,6,18970.27,Risque faible,4.338976982397005,0.31115390857443853,Revenu élevé
8309,21,M,Primaria,Sur,1167.49,2833.03,551,7,2489.73,Risque moyen,-1.2485286669198319,-0.29280290723057206,Revenu faible
8312,61,F,Universitario,Centro,1387.54,3711.17,571,12,4248.2,Risque moyen,-0.9848974697231266,1.5976664862338967,Revenu faible
8313,72,M,Secundaria,Norte,1131.04,3230.69,558,5,3109.88,Risque moyen,-0.9496619825231799,-0.9774935249982509,Revenu faible
8315,72,F,Tecnico,Sur,1578.23,2864.35,511,9,6181.34,Risque moyen,-1.051895207813301,0.5647481064184118,Revenu moyen
8316,31,F,Secundaria,Sur,1336.03,4396.56,552,9,4054.47,Risque moyen,-0.8053797940911345,0.5639581319568187,Revenu faible
8317,66,F,Primaria,Centro,1707.28,4184.72,605,3,6624.59,Risque moyen,0.2552571375292838,-1.52410760910784,Revenu moyen
8318,36,M,Secundaria,Sur,3550.91,5877.25,708,2,13830.09,Risque faible,2.7914372697926964,-1.4913196669140294,Revenu élevé
8319,55,M,Secundaria,Norte,2123.08,4417.43,602,9,6951.2,Risque moyen,0.11903619622248855,0.6831577633875869,Revenu moyen
8320,53,F,Secundaria,Norte,1430.81,1800.56,552,6,4930.78,Risque moyen,-1.0384774963485295,-0.6303999478314343,Revenu faible
8322,47,M,Tecnico,Centro,1859.22,3208.41,559,6,3097.04,Risque moyen,-0.708402224999096,-0.5525510076104319,Revenu moyen
8325,42,M,Secundaria,Centro,880.44,904.83,477,5,3705.93,Risque élevé,-1.9624953621955024,-1.086282457481137,Revenu faible
8326,33,F,Tecnico,Norte,1878.21,3187.68,581,6,6200.02,Risque moyen,-0.25692885341009863,-0.4917053360895693,Revenu moyen
8327,64,F,Universitario,Centro,1750.19,3531.21,572,4,3139.05,Risque moyen,-0.47972609945654604,-1.264268214470924,Revenu moyen
8328,71,F,Universitario,Norte,1520.56,2819.48,638,13,3977.37,Risque moyen,-0.8143860276387576,1.8799418127728629,Revenu moyen
8331,25,M,Universitario,Centro,1698.47,2848.02,562,10,4828.27,Risque moyen,-0.9064627959144166,0.8792903425288352,Revenu moyen
8332,35,M,Primaria,Sur,1429.67,3855.1,527,8,4671.78,Risque moyen,-0.9022772388042871,0.20913182700339078,Revenu faible
8334,33,F,Universitario,Occidente,1015.86,496.65,475,5,3380.01,Risque élevé,-2.037688257037338,-1.1035048212053853,Revenu faible
8336,36,M,Secundaria,Centro,4313.59,6792.06,682,8,14353.37,Risque faible,2.829371857181806,0.8033489625528751,Revenu élevé
8337,59,F,Tecnico,Norte,4051.44,6941.68,690,3,13476.09,Risque faible,3.02113921468881,-1.0242364479052974,Revenu élevé
8343,27,F,Secundaria,Centro,1058.7,1474.89,510,5,1681.65,Risque moyen,-1.780913817063542,-1.0968543942377915,Revenu faible
8344,51,M,Secundaria,Sur,2227.1,2730.17,583,8,5849.22,Risque moyen,-0.35747940680466295,0.22133318951644568,Revenu moyen
8345,53,M,Tecnico,Occidente,3068.28,5017.63,621,6,9199.87,Risque moyen,1.1707575302445838,-0.22238423757789155,Revenu élevé
8347,23,M,Primaria,Sur,719.08,0.0,473,8,1264.08,Risque élevé,-2.6832007011466636,-0.13480727459193803,Revenu faible
8348,41,M,Secundaria,Occidente,1870.62,3371.46,571,7,4211.24,Risque moyen,-0.5466147462212508,-0.16465966780432537,Revenu moyen
8349,35,F,Primaria,Occidente,2286.48,2705.14,608,3,7519.32,Risque moyen,0.29296418772213595,-1.5358013762560014,Revenu moyen
8350,40,F,Secundaria,Occidente,1496.63,1677.91,541,6,4908.63,Risque moyen,-1.103992835856239,-0.6267861422763096,Revenu faible
8351,23,F,Secundaria,Centro,1649.87,3929.18,660,10,6128.86,Risque faible,0.012461188164651343,0.9226233569217293,Revenu moyen
8353,42,M,Secundaria,Centro,1329.43,1374.47,517,8,2419.91,Risque moyen,-1.7597072833365186,0.009370431343765273,Revenu faible
8354,72,M,Secundaria,Oriente,1949.6,3508.48,498,7,3159.83,Risque élevé,-1.0220648705206092,-0.14009691522084464,Revenu moyen
8355,34,M,Universitario,Norte,3526.8,6161.8,658,6,13218.96,Risque faible,2.2347879845962,-0.038157295249803734,Revenu élevé
8356,63,M,Secundaria,Centro,2809.38,5275.9,706,11,10325.54,Risque faible,1.4206604558864102,1.5429386895835135,Revenu moyen
8358,28,F,Universitario,Sur,2407.18,6357.45,579,5,7535.64,Risque moyen,0.8232891437266681,-0.5840069406349654,Revenu moyen
8359,43,F,Secundaria,Sur,1198.51,1885.81,608,10,3461.71,Risque moyen,-1.1886068391508071,0.7242612808715216,Revenu faible
8362,45,M,Secundaria,Centro,1444.63,2503.3,536,7,4897.6,Risque moyen,-1.043843812046717,-0.22432353548793718,Revenu faible
8363,20,M,Universitario,Centro,2381.11,3896.77,560,7,7678.63,Risque moyen,0.06891880240442982,-0.0022213857098909097,Revenu moyen
8364,28,M,Universitario,Occidente,2565.32,4270.37,642,8,12347.57,Risque moyen,1.1241800587758286,0.46319126771903013,Revenu moyen
8367,68,M,Tecnico,Occidente,2312.95,4451.18,587,8,7579.58,Risque moyen,0.2441569691374911,0.3665987991621154,Revenu moyen
8369,65,F,Secundaria,Sur,1845.01,3877.18,638,13,6555.05,Risque moyen,-0.19028522010556734,2.0304493301265745,Revenu moyen
8372,73,F,Postgrado,Sur,5733.93,9831.62,795,2,22512.88,Risque faible,5.943521226471881,-0.8968971082196825,Revenu élevé
8373,56,M,Primaria,Centro,641.96,784.13,410,15,1495.05,Risque élevé,-3.3336417472023765,2.4398552072802704,Revenu faible
8376,68,F,Primaria,Sur,686.84,1707.82,450,9,3464.37,Risque élevé,-2.3067648191777037,0.37878138946683754,Revenu faible
8377,37,F,Secundaria,Sur,1384.15,3712.68,557,7,3763.36,Risque moyen,-0.8056864825559452,-0.19506857741646302,Revenu faible
8378,65,M,Primaria,Sur,2838.95,5533.95,712,5,6759.06,Risque faible,1.5318498309881345,-0.6680103901894314,Revenu moyen
8379,49,M,Postgrado,Oriente,3458.82,6430.26,588,9,7517.81,Risque moyen,1.0787845834921945,0.9462699218283156,Revenu élevé
8380,39,M,Secundaria,Norte,802.74,2841.01,445,8,4612.86,Risque élevé,-1.8673306141168797,0.12616417760107862,Revenu faible
8381,24,F,Secundaria,Norte,2031.07,3790.94,597,4,6714.33,Risque moyen,0.2066022731123709,-1.1528762644298356,Revenu moyen
8382,26,F,Primaria,Norte,1423.75,2259.0,541,5,3629.15,Risque moyen,-1.0801202165129404,-0.9865354190759994,Revenu faible
8383,62,M,Secundaria,Occidente,1647.93,4294.78,551,5,4639.13,Risque moyen,-0.3926926861752157,-0.8288211970764562,Revenu moyen
8384,18,M,Primaria,Oriente,457.01,526.53,454,4,1673.41,Risque élevé,-2.500832519768409,-1.541731250720782,Revenu faible
8385,46,F,Secundaria,Inconnue,2723.72,4966.46,520,8,7194.53,Risque moyen,0.09102763126533549,0.45707618821890605,Revenu moyen
8389,21,F,Universitario,Sur,2926.75,4417.84,667,9,9532.56,Risque faible,1.1019422760512438,0.7888752522344171,Revenu moyen
8390,52,F,Secundaria,Oriente,1956.32,3561.08,655,5,6190.12,Risque faible,0.35167409467794253,-0.8537133493724886,Revenu moyen
8391,20,M,Secundaria,Centro,1908.61,3568.87,515,7,3605.93,Risque moyen,-0.8805606973571263,-0.13807105753459847,Revenu moyen
8392,71,F,Tecnico,Sur,1912.83,3726.83,576,12,4919.6,Risque moyen,-0.6640180164538984,1.661567895893265,Revenu moyen
8394,57,M,Universitario,Centro,3464.17,5640.07,693,3,13192.44,Risque faible,2.488783132294557,-1.1634305812799024,Revenu élevé
8395,24,F,Universitario,Occidente,7344.79,15740.73,699,9,28405.02,Risque faible,7.4703861266976,2.2785777076634743,Revenu élevé
8396,44,M,Secundaria,Sur,1837.91,2765.59,638,7,5873.84,Risque moyen,-0.12376894761976026,-0.1954764091620977,Revenu moyen
8398,44,M,Secundaria,Oriente,760.79,2249.23,435,10,500.0,Risque élevé,-2.616197458847414,0.7145298097781859,Revenu faible
8403,40,F,Secundaria,Occidente,957.53,1381.71,489,8,1392.54,Risque élevé,-2.1835853312718188,-0.03627708369546943,Revenu faible
8405,28,F,Secundaria,Centro,1125.28,1993.62,507,6,2521.67,Risque moyen,-1.6371332729404788,-0.682530152701303,Revenu faible
8407,70,M,Secundaria,Norte,987.7,1393.31,573,6,2667.71,Risque moyen,-1.418422147624659,-0.7568503859569847,Revenu faible
8409,67,M,Universitario,Oriente,2128.35,3009.52,574,11,6504.58,Risque moyen,-0.5126566727542328,1.3196849767923353,Revenu moyen
8410,53,F,Universitario,Centro,2428.66,3823.98,565,11,10048.59,Risque moyen,0.09605915401232212,1.47968433863641,Revenu moyen
8411,54,F,Tecnico,Norte,2048.13,2642.87,637,6,7317.44,Risque moyen,0.14274071616517175,-0.5070408236172793,Revenu moyen
8414,52,M,Primaria,Centro,739.85,1050.23,543,5,2494.43,Risque moyen,-1.7263715152856591,-1.1483451445805342,Revenu faible
8415,65,M,Primaria,Sur,996.5,3249.91,590,7,500.0,Risque moyen,-1.20631302833416,-0.347463240624942,Revenu faible
8416,22,F,Secundaria,Centro,2294.3,5235.1,607,14,6022.0,Risque moyen,-0.014649590217564082,2.5114669125137463,Revenu moyen
8417,65,F,Universitario,Inconnue,2398.86,4591.3,613,9,8378.09,Risque moyen,0.48215460712006436,0.7468254348329333,Revenu moyen
8418,49,M,Postgrado,Norte,4055.8,7692.79,669,6,13015.68,Risque faible,2.8238245920163183,0.09147245963768527,Revenu élevé
8419,20,M,Secundaria,Occidente,2696.99,3989.67,630,7,6483.78,Risque moyen,0.5096695338303874,-0.02524342498253009,Revenu moyen
8421,64,M,Secundaria,Norte,1558.93,2281.34,569,3,2898.99,Risque moyen,-0.8041857649236812,-1.7165997643502906,Revenu moyen
8423,69,F,Tecnico,Centro,1951.89,3928.51,593,10,6014.82,Risque moyen,-0.26756253333872004,0.9789505791211973,Revenu moyen
8424,31,M,Universitario,Sur,1470.09,2571.74,563,7,5519.26,Risque moyen,-0.7960421531104978,-0.21603003164750303,Revenu faible
8425,65,M,Universitario,Norte,3144.15,6994.02,638,8,11890.5,Risque moyen,1.8724175758646973,0.667726225498592,Revenu élevé
8426,48,M,Tecnico,Centro,1906.32,3640.86,573,11,6037.19,Risque moyen,-0.5254029671552389,1.3250075131035912,Revenu moyen
8427,48,M,Secundaria,Oriente,1046.57,584.7,478,4,500.0,Risque élevé,-2.2216816115494296,-1.519491588690837,Revenu faible
8428,34,F,Postgrado,Centro,3005.26,4259.99,601,7,7957.12,Risque moyen,0.6761946118728105,0.06616649467701888,Revenu élevé
8429,41,F,Tecnico,Norte,779.11,1098.32,489,11,500.0,Risque élevé,-2.597174703315586,0.9828182535948958,Revenu faible
8430,69,F,Secundaria,Norte,792.85,857.71,437,8,3225.48,Risque élevé,-2.4811738059862023,-0.017513670271574626,Revenu faible
8431,40,M,Secundaria,Centro,2226.21,3992.85,601,10,7936.81,Risque moyen,0.10490411793194508,1.048670964147386,Revenu moyen
8432,35,M,Universitario,Norte,2148.62,4494.53,584,5,2976.27,Risque moyen,-0.11791435913483678,-0.821958918846381,Revenu moyen
8435,31,F,Secundaria,Centro,1621.19,3870.13,581,6,4839.86,Risque moyen,-0.3591995386142346,-0.5073851639094314,Revenu moyen
8436,67,M,Universitario,Centro,2495.53,4216.96,563,6,7994.68,Risque moyen,0.29709743969085484,-0.32452811384954605,Revenu moyen
8438,32,M,Tecnico,Oriente,2124.42,3102.44,617,6,4496.9,Risque moyen,-0.1352240940640331,-0.5278804673440958,Revenu moyen
8439,23,F,Universitario,Norte,1709.96,3407.85,614,10,6821.09,Risque moyen,-0.27253477335182136,0.9344802069606678,Revenu moyen
8442,67,M,Primaria,Occidente,1761.71,2663.52,561,7,4342.89,Risque moyen,-0.7874001362063211,-0.2086041709752781,Revenu moyen
8443,53,F,Secundaria,Sur,1864.9,3435.71,593,5,8546.13,Risque moyen,0.1639754416905402,-0.7885333515265265,Revenu moyen
8444,72,M,Secundaria,Norte,2756.28,5262.62,597,9,7421.96,Risque moyen,0.5812874765784207,0.8053997855571636,Revenu moyen
8446,32,M,Universitario,Oriente,2295.51,5171.33,578,7,7677.52,Risque moyen,0.4090574829421027,0.05538143167991913,Revenu moyen
8448,64,M,Secundaria,Oriente,1861.03,3732.9,482,12,3466.1,Risque élevé,-1.3866294791243257,1.6664373265630856,Revenu moyen
8449,30,F,Primaria,Occidente,414.35,1199.13,353,3,500.0,Risque élevé,-3.0283479520426453,-1.8454370741038282,Revenu faible
8451,51,F,Secundaria,Norte,1428.86,2763.46,608,7,4641.6,Risque moyen,-0.5979328389849666,-0.24893872601041636,Revenu faible
8452,41,F,Primaria,Norte,2158.61,4038.81,556,5,6262.32,Risque moyen,-0.03777344017303711,-0.7605450096823891,Revenu moyen
8454,49,M,Tecnico,Sur,1338.69,2155.16,532,6,1976.92,Risque moyen,-1.4226539608911466,-0.6763903886451138,Revenu faible
8455,49,F,Universitario,Norte,967.69,1111.13,502,9,2823.67,Risque moyen,-2.075783239286383,0.3330714758468173,Revenu faible
8456,47,F,Secundaria,Centro,2711.05,5012.64,648,9,7478.45,Risque moyen,0.8153215040486034,0.7649185176234483,Revenu moyen
8457,69,M,Secundaria,Sur,3021.76,5989.64,627,11,10306.33,Risque moyen,1.1937284145465656,1.639682410912879,Revenu élevé
8458,66,M,Universitario,Occidente,1506.13,1938.07,551,8,6212.0,Risque moyen,-0.9772619942063023,0.12929827765347518,Revenu moyen
8460,18,M,Primaria,Norte,1826.88,3430.98,566,4,6584.3,Risque moyen,-0.15063623674350055,-1.1821921067400594,Revenu moyen
8461,51,M,Primaria,Centro,2188.64,3830.61,609,7,6556.49,Risque moyen,0.14770832963590494,-0.07182188389881664,Revenu moyen
8462,32,M,Universitario,Sur,1701.11,3016.11,600,6,4389.52,Risque moyen,-0.44123226464403004,-0.5680082422970306,Revenu moyen
8463,61,F,Universitario,Norte,2244.25,3124.52,642,6,4466.28,Risque moyen,0.0634206498550512,-0.5271236215799485,Revenu moyen
8464,31,M,Universitario,Centro,3018.71,5597.59,569,11,8757.15,Risque moyen,0.6091058903956658,1.6077521770670322,Revenu élevé
8465,74,M,Primaria,Occidente,806.08,1283.8,495,6,3396.13,Risque élevé,-1.9016058218143115,-0.7289366744787505,Revenu faible
8466,46,F,Universitario,Norte,1610.16,3109.75,562,6,4749.73,Risque moyen,-0.6459657249637416,-0.5460025064864538,Revenu moyen
8469,71,F,Postgrado,Norte,12945.84,22405.95,755,9,48432.72,Risque faible,13.605431183036664,3.626334679373269,Revenu élevé
8470,24,M,Tecnico,Norte,3042.56,4093.32,623,6,9881.24,Risque moyen,1.045875767676396,-0.26391829148034857,Revenu élevé
8472,72,M,Universitario,Sur,2696.78,2858.37,685,6,10284.21,Risque faible,1.0460571771424427,-0.38726626129283676,Revenu moyen
8475,55,F,Secundaria,Norte,2149.15,3157.25,578,7,5099.39,Risque moyen,-0.34341165756289965,-0.13360487637878957,Revenu moyen
8476,31,F,Tecnico,Norte,1304.93,2872.14,526,10,6781.12,Risque moyen,-1.0769734089277727,0.9035244282894972,Revenu faible
8477,25,F,Tecnico,Sur,1422.25,3005.35,557,9,2298.78,Risque moyen,-1.2149663876154733,0.44958894757079454,Revenu faible
8480,19,M,Tecnico,Sur,3134.23,6719.06,689,6,11486.92,Risque faible,2.193651151887314,-0.09637368289480332,Revenu élevé
8481,34,M,Secundaria,Inconnue,1761.92,1996.2,558,6,6071.7,Risque moyen,-0.7064264328430413,-0.564410015720621,Revenu moyen
8482,54,F,Secundaria,Norte,1632.21,3649.42,496,8,5230.31,Risque élevé,-0.986403103690181,0.24309137028148084,Revenu moyen
8483,31,F,Universitario,Norte,1339.85,1896.79,623,8,4458.64,Risque moyen,-0.8117290320164722,0.03901595241631617,Revenu faible
8485,73,M,Secundaria,Centro,1397.36,2709.0,533,11,5349.15,Risque moyen,-1.2412465743222956,1.2249262009348103,Revenu faible
8486,47,F,Secundaria,Centro,1121.09,2458.03,506,8,2644.63,Risque moyen,-1.6587194440162139,0.06235935560563344,Revenu faible
8487,46,F,Secundaria,Sur,1949.91,3461.07,638,5,5758.39,Risque moyen,0.18346754116299605,-0.8622291449636975,Revenu moyen
8491,39,M,Secundaria,Norte,735.15,1457.81,430,7,814.51,Risque élevé,-2.6042629628489187,-0.39713947333011984,Revenu faible
8493,54,M,Secundaria,Norte,2565.76,4997.58,655,7,7857.47,Risque faible,0.9565629542443556,0.04047719696430061,Revenu moyen
8494,33,M,Tecnico,Oriente,825.52,2604.36,413,7,500.0,Risque élevé,-2.4559133085069313,-0.32151561073886714,Revenu faible
8495,67,F,Secundaria,Norte,1794.5,3997.61,591,7,2402.04,Risque moyen,-0.5137280967484757,-0.1855130679941381,Revenu moyen
8497,66,M,Primaria,Norte,1251.72,1408.41,446,11,4976.02,Risque élevé,-2.127812116916345,1.1663716556682808,Revenu faible
8499,34,M,Universitario,Oriente,935.17,1597.48,525,9,2427.58,Risque moyen,-1.891627268128912,0.3388609068605436,Revenu faible
8500,33,M,Primaria,Centro,1908.39,3674.89,591,11,4768.06,Risque moyen,-0.5416827271422109,1.2903883578239934,Revenu moyen
8501,75,M,Secundaria,Inconnue,2021.46,4639.92,553,8,5995.48,Risque moyen,-0.20015124300022963,0.329253739970622,Revenu moyen
8502,72,F,Primaria,Sur,2074.0,4394.6,610,10,6667.67,Risque moyen,0.04919584754763502,1.0247148194467872,Revenu moyen
8504,21,M,Tecnico,Occidente,1700.64,2542.17,647,6,6384.63,Risque moyen,-0.060525994836041,-0.5715856936193471,Revenu moyen
8506,56,M,Secundaria,Oriente,1876.45,3875.58,610,8,5626.8,Risque moyen,-0.12508428539981323,0.23713239763293742,Revenu moyen
8508,47,F,Secundaria,Centro,1860.86,3203.3,587,9,6965.26,Risque moyen,-0.3344785942329482,0.5948482954151797,Revenu moyen
8512,42,F,Tecnico,Oriente,1972.09,3395.15,558,4,6568.73,Risque moyen,-0.14629490885866236,-1.1671797329175317,Revenu moyen
8513,22,M,Tecnico,Centro,3481.51,6209.42,662,5,12637.08,Risque faible,2.252276486271178,-0.41223500577883226,Revenu élevé
8515,37,F,Universitario,Norte,2031.4,4652.73,601,12,4226.16,Risque moyen,-0.3424212941000385,1.699618461544007,Revenu moyen
8516,33,F,Secundaria,Sur,873.43,1921.64,429,5,3668.13,Risque élevé,-2.0362777225149795,-1.007253654414099,Revenu faible
8518,58,M,Universitario,Norte,1438.46,2906.88,586,10,2034.23,Risque moyen,-1.1480747369737505,0.7839609482051396,Revenu faible
8520,57,M,Secundaria,Norte,4140.98,8906.15,632,7,13966.18,Risque moyen,2.9338390223944693,0.5656393870385983,Revenu élevé
8521,26,M,Secundaria,Oriente,1265.55,1750.71,568,6,4041.1,Risque moyen,-1.1151859138085727,-0.6763534863548945,Revenu faible
8522,22,F,Secundaria,Centro,1422.99,2407.89,601,5,6225.78,Risque moyen,-0.4293315034499001,-0.9462884602575498,Revenu faible
8523,59,M,Universitario,Oriente,3389.72,6145.34,626,6,10447.75,Risque moyen,1.7013638509152906,-0.10041428379182707,Revenu élevé
8524,74,F,Secundaria,Occidente,1163.55,1542.72,524,11,5058.38,Risque moyen,-1.6687501216425777,1.132507586467956,Revenu faible
8525,19,M,Secundaria,Sur,2658.3,4497.18,612,9,7039.05,Risque moyen,0.4271633011090911,0.736280001450576,Revenu moyen
8527,60,M,Primaria,Centro,2158.99,3902.25,604,3,4859.69,Risque moyen,0.1968888222486871,-1.5368720545124923,Revenu moyen
8528,53,F,Tecnico,Occidente,2411.42,4006.8,633,7,6870.92,Risque moyen,0.45150577553238364,-0.04406874829520325,Revenu moyen
8529,39,M,Universitario,Occidente,2481.74,4040.51,626,6,7393.7,Risque moyen,0.5629568022009827,-0.37801269144142186,Revenu moyen
8530,39,F,Secundaria,Norte,1134.68,2087.7,592,7,3225.52,Risque moyen,-1.1033860951229277,-0.34096084735857773,Revenu faible
8531,39,F,Secundaria,Centro,2282.66,3463.61,567,11,6302.68,Risque moyen,-0.4139494924936437,1.3593044150591054,Revenu moyen
8533,72,M,Tecnico,Norte,1518.6,1744.65,604,9,4149.18,Risque moyen,-0.9754124722255532,0.406358840468152,Revenu moyen
8535,55,M,Primaria,Oriente,476.08,2188.09,333,8,500.0,Risque élevé,-3.2231585169167083,0.01462229101331332,Revenu faible
8536,63,F,Primaria,Norte,2470.74,4251.66,589,5,7593.16,Risque moyen,0.4683629019696162,-0.7032262933870238,Revenu moyen
8538,35,F,Secundaria,Centro,991.42,883.11,533,4,3540.52,Risque moyen,-1.5457688312000315,-1.4634766318050558,Revenu faible
8539,24,F,Universitario,Centro,1723.9,2768.98,601,11,5877.76,Risque moyen,-0.6378920720607902,1.2408690305301062,Revenu moyen
8541,50,F,Tecnico,Sur,2708.9,2862.36,678,6,10860.53,Risque faible,1.0699275391100431,-0.36970189565758865,Revenu moyen
8543,41,M,Primaria,Inconnue,1133.74,1977.91,527,6,1761.16,Risque moyen,-1.5973123193666492,-0.7088271448180071,Revenu faible
8544,21,M,Primaria,Centro,1532.59,2484.13,526,7,5189.34,Risque moyen,-1.0400906904794092,-0.2059554733749132,Revenu moyen
8545,21,F,Tecnico,Sur,837.8,2669.18,411,8,3638.79,Risque élevé,-2.189141115416511,0.11283024979338341,Revenu faible
8547,44,F,Tecnico,Occidente,2101.8,4095.62,596,9,4415.91,Risque moyen,-0.2535623417224271,0.6078665165936382,Revenu moyen
8549,49,F,Universitario,Sur,1558.04,2224.73,565,3,5199.78,Risque moyen,-0.6039320086249989,-1.6661589744489764,Revenu moyen
8551,45,M,Universitario,Occidente,2286.18,4353.97,620,9,7890.29,Risque moyen,0.3759591935461113,0.7081499740421068,Revenu moyen
8552,59,F,Primaria,Inconnue,823.91,2148.27,437,7,1625.64,Risque élevé,-2.296474612916387,-0.3334680230205134,Revenu faible
8554,72,M,Secundaria,Sur,1016.25,526.32,540,10,2351.01,Risque moyen,-2.0668463110609347,0.633577794930724,Revenu faible
8555,53,M,Secundaria,Sur,2119.45,3598.28,583,6,6924.46,Risque moyen,0.01687934957231724,-0.42943336777889035,Revenu moyen
8557,33,F,Universitario,Sur,5398.7,9922.8,731,3,20683.89,Risque faible,5.196143252821098,-0.5785310302468164,Revenu élevé
8558,51,F,Universitario,Norte,1359.41,2686.61,509,9,3624.83,Risque moyen,-1.4550517720413731,0.4767003694301796,Revenu faible
8560,67,M,Primaria,Centro,1917.81,3476.95,521,3,4804.51,Risque moyen,-0.4879142105013453,-1.548404187939761,Revenu moyen
8561,59,M,Secundaria,Norte,966.74,1513.5,541,6,1888.48,Risque moyen,-1.6699697764877253,-0.7550909224101191,Revenu faible
8562,41,F,Universitario,Norte,2432.72,4219.19,666,8,7332.89,Risque faible,0.684496573924041,0.32343138083062717,Revenu moyen
8564,66,F,Tecnico,Norte,1165.22,2702.89,530,6,2271.93,Risque moyen,-1.3604802384556902,-0.6536030373448827,Revenu faible
8565,30,M,Universitario,Occidente,1540.18,3068.47,503,6,6213.77,Risque moyen,-0.8807997555511314,-0.4954164824021876,Revenu moyen
8566,73,M,Tecnico,Norte,1769.92,1668.86,563,7,5778.04,Risque moyen,-0.8356588380321345,-0.23394410357437342,Revenu moyen
8567,35,M,Tecnico,Oriente,2774.82,4575.16,596,8,7133.94,Risque moyen,0.4704015361668991,0.4036849226452289,Revenu moyen
8568,71,F,Secundaria,Sur,1404.08,4220.48,517,9,6552.55,Risque moyen,-0.7638205546359775,0.6324567416351771,Revenu faible
8569,30,M,Secundaria,Occidente,1266.8,1646.72,508,5,3960.89,Risque moyen,-1.435478574885008,-1.0146380338626977,Revenu faible
8573,56,M,Secundaria,Oriente,1669.63,2248.89,623,4,1544.25,Risque moyen,-0.6486701162839538,-1.4052893949348697,Revenu moyen
8574,59,F,Primaria,Centro,1072.82,658.18,482,8,1421.04,Risque élevé,-2.3270405268725636,-0.06343775775663789,Revenu faible
8575,34,M,Secundaria,Norte,3038.89,4114.8,658,11,11329.58,Risque faible,1.091047190226592,1.5418033854072,Revenu élevé
8576,32,M,Secundaria,Centro,422.14,1144.38,392,14,500.0,Risque élevé,-3.494604496532564,2.0678289997191217,Revenu faible
8577,35,M,Universitario,Centro,3751.47,6138.97,690,8,12813.24,Risque faible,2.3453799940352726,0.673495982963692,Revenu élevé
8579,71,M,Tecnico,Sur,2021.45,4289.51,645,6,8036.71,Risque moyen,0.60141093091759,-0.4014673968221332,Revenu moyen
8580,68,F,Secundaria,Oriente,2435.85,4349.73,610,15,7732.46,Risque moyen,-0.012448768807737317,2.868513293628125,Revenu moyen
8583,51,M,Universitario,Sur,2297.52,4049.36,687,2,7904.25,Risque faible,1.1492283764000721,-1.8412476246972742,Revenu moyen
8584,75,M,Secundaria,Centro,1113.57,2856.39,523,6,5864.53,Risque moyen,-1.0219495544656378,-0.5652695839036099,Revenu faible
8585,21,M,Universitario,Centro,2543.77,3520.02,609,7,7833.38,Risque moyen,0.3611714528110376,-0.027115540115555045,Revenu moyen
8586,20,M,Secundaria,Sur,1816.55,3827.04,565,7,3706.98,Risque moyen,-0.5597093051200115,-0.1521001373015397,Revenu moyen
8588,73,M,Universitario,Occidente,2337.58,2950.58,633,7,11114.71,Risque moyen,0.6324743364733,-0.016411359014007993,Revenu moyen
8589,35,M,Tecnico,Oriente,2599.63,5943.75,597,10,7890.49,Risque moyen,0.6458361974109429,1.1981141409051133,Revenu moyen
8590,59,M,Secundaria,Norte,1637.52,3866.26,522,11,6975.84,Risque moyen,-0.793562293182287,1.3566263229436768,Revenu moyen
8591,24,F,Secundaria,Centro,1698.8,3557.35,584,10,3300.42,Risque moyen,-0.7833989496754654,0.8760052652602429,Revenu moyen
8592,57,M,Primaria,Oriente,1103.56,899.88,510,4,2956.35,Risque moyen,-1.6907046178485103,-1.454668056926768,Revenu faible
8593,23,M,Secundaria,Sur,1026.76,1162.67,529,7,5258.62,Risque moyen,-1.5064388621666023,-0.33056031226707244,Revenu faible
8594,39,M,Universitario,Centro,2838.11,5013.7,634,8,11421.87,Risque moyen,1.2534459171537427,0.5149607189873623,Revenu moyen
8596,18,F,Universitario,Occidente,928.86,1488.22,487,5,1995.12,Risque élevé,-1.9354332171244477,-1.0910192254536581,Revenu faible
8597,21,F,Secundaria,Oriente,1509.96,2865.15,468,7,2800.75,Risque élevé,-1.5552370914326237,-0.2139096143174234,Revenu moyen
8599,66,M,Primaria,Occidente,1103.7,3389.48,572,9,2207.32,Risque moyen,-1.1876474654285871,0.4326763442016679,Revenu faible
8601,67,M,Primaria,Inconnue,1935.11,3618.61,600,6,6995.18,Risque moyen,0.05153902372571212,-0.45187828514962114,Revenu moyen
8602,60,M,Primaria,Norte,370.03,1711.0,453,7,1478.09,Risque élevé,-2.499555024329133,-0.4126156405022331,Revenu faible
8603,46,M,Postgrado,Sur,4033.33,6813.26,681,3,14300.21,Risque faible,3.0180034435240737,-1.0107280317916054,Revenu élevé
8604,38,M,Universitario,Centro,3019.66,5221.7,575,6,9357.88,Risque moyen,0.9392638427457182,-0.1909116948200576,Revenu élevé
8605,43,M,Tecnico,Oriente,1974.34,2837.24,644,5,4591.43,Risque moyen,-0.022994744073076317,-0.9251437876809845,Revenu moyen
8606,31,F,Primaria,Occidente,1866.43,2240.89,556,1,5628.74,Risque moyen,-0.3557504165043859,-2.3372176132003175,Revenu moyen
8607,26,F,Universitario,Centro,1369.12,1461.85,524,8,4986.31,Risque moyen,-1.420021682211396,0.07307916766644215,Revenu faible
8609,29,M,Universitario,Sur,1562.2,1536.77,650,5,5559.73,Risque faible,-0.3358657260256438,-1.0206306614315548,Revenu moyen
8610,59,M,Primaria,Centro,1670.99,2415.58,541,10,5099.42,Risque moyen,-1.1052927224871838,0.8671829579470072,Revenu moyen
8611,68,F,Secundaria,Oriente,3582.65,5369.05,714,6,13545.65,Risque faible,2.453153200304141,-0.0966125115558694,Revenu élevé
8612,73,F,Postgrado,Sur,3186.57,5103.07,672,9,11185.75,Risque faible,1.554676069969306,0.8884821244872468,Revenu élevé
8614,23,F,Universitario,Norte,3304.34,6074.61,640,7,11903.88,Risque moyen,1.8200888171160572,0.27152860861331113,Revenu élevé
8615,37,M,Secundaria,Sur,1148.28,3206.12,527,11,5803.07,Risque moyen,-1.2285772359249632,1.2429652711784276,Revenu faible
8618,55,M,Tecnico,Centro,2592.82,5268.78,608,6,10055.65,Risque moyen,1.0368891120952555,-0.22794747170916752,Revenu moyen
8619,25,M,Universitario,Sur,2289.57,2742.47,582,7,7919.86,Risque moyen,-0.05966317118310178,-0.08231298444361379,Revenu moyen
8622,66,F,Secundaria,Norte,1442.12,4121.89,566,7,5857.45,Risque moyen,-0.4268898126057471,-0.12253667718356039,Revenu faible
8623,66,F,Secundaria,Oriente,1387.65,3475.26,533,15,552.17,Risque moyen,-1.8252607016369322,2.590264747031724,Revenu faible
8624,41,F,Universitario,Norte,1302.36,1940.39,507,9,6955.0,Risque moyen,-1.3069330169073066,0.504178149612457,Revenu faible
8626,24,F,Tecnico,Norte,1730.9,2439.14,521,11,5006.93,Risque moyen,-1.2649584448616606,1.2387388195145066,Revenu moyen
8627,36,F,Universitario,Sur,6128.1,12145.45,676,7,25650.0,Risque faible,5.907668762088874,1.187125490101462,Revenu élevé
8628,39,M,Secundaria,Oriente,891.73,868.86,459,6,2531.01,Risque élevé,-2.2544004485763676,-0.7481792837076998,Revenu faible
8629,74,F,Universitario,Centro,2043.38,2858.05,688,12,9192.61,Risque faible,0.3039687628966758,1.6698218001820142,Revenu moyen
8630,72,F,Postgrado,Norte,1953.94,4433.48,569,2,5630.18,Risque moyen,0.15950964593612704,-1.8500184508113504,Revenu moyen
8631,52,M,Primaria,Centro,480.62,875.71,491,15,500.0,Risque élevé,-3.007106036365841,2.370835775111506,Revenu faible
8632,47,F,Primaria,Sur,2262.03,4671.96,634,3,4226.2,Risque moyen,0.5144820503916409,-1.510251766485231,Revenu moyen
8633,46,M,Primaria,Centro,1536.39,3436.09,545,7,4737.03,Risque moyen,-0.7714247509603493,-0.16918229382412514,Revenu moyen
8636,37,M,Universitario,Centro,3160.27,5063.12,725,7,12306.69,Risque faible,2.0871163598607647,0.17000494881257122,Revenu élevé
8637,46,F,Secundaria,Sur,3959.78,5555.77,626,7,14265.94,Risque moyen,2.143767448357663,0.3636168116224529,Revenu élevé
8638,68,F,Universitario,Norte,3887.36,6917.52,671,4,10723.88,Risque faible,2.4907673980060077,-0.7373668563403312,Revenu élevé
8639,58,F,Universitario,Oriente,3195.14,5203.46,693,3,9068.05,Risque faible,1.8606582342894264,-1.3076117781752203,Revenu élevé
8640,59,F,Postgrado,Occidente,2414.69,4826.3,615,4,6112.95,Risque moyen,0.6302719236157915,-1.0779853268785784,Revenu moyen
8641,51,M,Secundaria,Norte,2944.38,6206.58,649,4,10872.49,Risque moyen,1.8323832735828558,-0.855199675517239,Revenu moyen
8643,48,F,Primaria,Centro,1524.62,1846.98,562,3,6265.99,Risque moyen,-0.6061358847138727,-1.6657923870365114,Revenu moyen
8644,47,F,Secundaria,Sur,949.89,1653.76,510,3,602.86,Risque moyen,-1.7741747346644763,-1.8363777215623365,Revenu faible
8646,35,F,Postgrado,Occidente,5054.02,9512.03,692,6,21252.09,Risque faible,4.606633936744241,0.4679054049886683,Revenu élevé
8647,72,F,Universitario,Centro,3820.0,8504.96,733,9,14685.69,Risque faible,3.2580214951213726,1.197727568544773,Revenu élevé
8649,34,M,Universitario,Oriente,6226.33,11196.87,740,4,23510.52,Risque faible,6.092110262455207,-0.00837510134883996,Revenu élevé
8651,31,F,Primaria,Norte,1967.23,4232.25,571,5,5803.27,Risque moyen,-0.03551573381079868,-0.7847001227490429,Revenu moyen
8652,40,F,Universitario,Oriente,1857.19,4128.62,579,6,5770.09,Risque moyen,-0.1222220337522827,-0.4479786678082467,Revenu moyen
8653,42,M,Postgrado,Centro,1886.07,4997.94,651,6,7472.99,Risque faible,0.6724624807197749,-0.38874496361075417,Revenu moyen
8654,32,F,Primaria,Occidente,1076.11,2300.8,487,11,5748.66,Risque élevé,-1.6914676765852532,1.2003775302939725,Revenu faible
8655,63,F,Universitario,Occidente,1173.85,2264.31,600,6,4073.27,Risque moyen,-0.8530419565354919,-0.6689955871834313,Revenu faible
8656,73,M,Universitario,Sur,2944.54,5564.97,647,2,9944.83,Risque moyen,1.714493358768538,-1.6275850338380904,Revenu moyen
8657,39,M,Primaria,Sur,1252.55,2227.86,572,9,3229.34,Risque moyen,-1.2667597214667694,0.4026242841763099,Revenu faible
8659,73,M,Universitario,Occidente,2532.49,3606.65,598,12,6656.99,Risque moyen,-0.12309519075587091,1.7430330873738749,Revenu moyen
8661,36,M,Secundaria,Centro,1535.0,3709.58,570,2,2845.43,Risque moyen,-0.4486673536049948,-1.9953119203516347,Revenu moyen
8663,61,F,Tecnico,Occidente,2964.29,5378.73,735,6,12263.57,Risque faible,2.1891019044453666,-0.19342231821346817,Revenu moyen
8664,51,M,Tecnico,Norte,3258.56,5374.21,683,6,12032.98,Risque faible,1.9813241603440948,-0.14744301837245882,Revenu élevé
8665,52,F,Secundaria,Occidente,554.14,1446.05,428,9,2362.92,Risque élevé,-2.6601140731712194,0.33596296495683575,Revenu faible
8670,46,M,Universitario,Centro,2112.77,3335.98,594,8,4404.45,Risque moyen,-0.36039929061213477,0.20794716759372367,Revenu moyen
8671,23,M,Universitario,Oriente,2604.62,4984.06,562,4,7441.65,Risque moyen,0.5674973108884344,-0.996847209548218,Revenu moyen
8674,68,M,Tecnico,Centro,2180.28,5320.81,706,7,8396.64,Risque faible,1.219595088875611,0.011705726101447036,Revenu moyen
8675,18,F,Universitario,Sur,1358.15,2986.53,567,8,3227.2,Risque moyen,-1.0290834191976153,0.10130487791481449,Revenu faible
8676,44,M,Tecnico,Oriente,990.2,1017.06,461,5,500.0,Risque élevé,-2.3161106642014437,-1.1345796493316185,Revenu faible
8677,38,F,Tecnico,Centro,2280.42,3365.94,641,6,5110.1,Risque moyen,0.18986918039218026,-0.4946775193568198,Revenu moyen
8678,70,M,Primaria,Norte,620.22,698.33,558,8,3486.35,Risque moyen,-1.8482592204097767,-0.0917731864015223,Revenu faible
8679,33,F,Secundaria,Centro,2018.42,3118.35,569,12,5472.23,Risque moyen,-0.7333461438157425,1.6519997611593915,Revenu moyen
8680,61,F,Primaria,Centro,843.62,2068.42,430,13,561.27,Risque élevé,-2.8305386283741365,1.788283244773279,Revenu faible
8681,71,F,Secundaria,Sur,1054.62,1273.71,536,8,500.0,Risque moyen,-1.9810157154199293,-0.07461376815802624,Revenu faible
8685,45,F,Secundaria,Oriente,1440.03,3120.11,526,9,6596.06,Risque moyen,-0.9245531203277351,0.5690253053327895,Revenu faible
8686,18,F,Tecnico,Norte,1702.3,3450.36,521,8,4025.97,Risque moyen,-0.975846709335717,0.1997566235398885,Revenu moyen
8687,53,M,Secundaria,Sur,2038.56,5008.21,569,11,5814.88,Risque moyen,-0.2268389635037733,1.4136551394561296,Revenu moyen
8688,27,F,Universitario,Oriente,3773.71,7889.08,661,4,14208.86,Risque faible,2.948063338585326,-0.6086007243040984,Revenu élevé
8691,74,F,Universitario,Occidente,3580.95,6591.38,772,9,14143.63,Risque faible,2.926621745592767,1.0342019776035283,Revenu élevé
8692,40,F,Tecnico,Norte,3472.11,6579.46,703,6,10180.21,Risque faible,2.2533372116496255,-0.10809996938739162,Revenu élevé
8693,24,F,Universitario,Centro,1875.75,4138.99,563,9,4402.07,Risque moyen,-0.5343043949052639,0.6033754757926589,Revenu moyen
8695,70,F,Secundaria,Centro,2047.86,5090.36,569,4,6328.32,Risque moyen,0.2845730322249058,-1.0720685262496568,Revenu moyen
8696,24,M,Secundaria,Oriente,1754.36,3429.89,650,3,4154.6,Risque faible,0.12621897705438706,-1.6394653840897417,Revenu moyen
8699,51,M,Secundaria,Norte,2438.81,3736.8,647,9,8130.42,Risque moyen,0.49240015750278593,0.6801944053425052,Revenu moyen
8700,63,M,Universitario,Occidente,3366.0,6621.65,670,9,13189.92,Risque faible,2.1452754583679066,1.0398218271673914,Revenu élevé
8701,62,F,Universitario,Oriente,1898.01,2720.57,592,12,8479.86,Risque moyen,-0.4238470288384124,1.6750948797207237,Revenu moyen
8704,31,F,Postgrado,Centro,4021.23,8435.09,663,6,15272.87,Risque faible,3.163060207391727,0.18493207687914306,Revenu élevé
8705,33,F,Primaria,Norte,704.52,956.28,500,8,1322.94,Risque moyen,-2.321743257437503,-0.09157998450173191,Revenu faible
8706,24,M,Tecnico,Norte,1508.57,2566.81,597,8,4534.76,Risque moyen,-0.7445128954752347,0.10736306993837588,Revenu moyen
8710,27,M,Universitario,Centro,2966.18,4281.38,710,3,9108.21,Risque faible,1.6738717958359497,-1.3896337266766474,Revenu moyen
8711,67,M,Secundaria,Norte,2521.67,5521.37,563,9,7413.72,Risque moyen,0.33730068305770083,0.8131555302796349,Revenu moyen
8712,34,M,Secundaria,Occidente,767.04,1050.99,453,4,3276.42,Risque élevé,-2.101663460598144,-1.4450924285385216,Revenu faible
8713,54,F,Secundaria,Norte,4318.02,8134.51,699,5,14029.83,Risque faible,3.3699582694126544,-0.20607440603302873,Revenu élevé
8714,29,M,Secundaria,Centro,990.94,1489.58,619,5,523.77,Risque moyen,-1.2835778841178418,-1.177695249858233,Revenu faible
8715,23,M,Secundaria,Centro,906.69,2242.75,479,6,967.82,Risque élevé,-1.9998123295768357,-0.7114427067686351,Revenu faible
8716,39,M,Universitario,Norte,4753.92,8246.62,726,8,16679.63,Risque faible,3.81901265098881,0.96242062977007,Revenu élevé
8717,49,F,Primaria,Sur,1660.21,3238.24,588,5,6616.27,Risque moyen,-0.19079624822937663,-0.8608629898356256,Revenu moyen
8718,58,M,Universitario,Sur,3836.4,7408.46,732,4,12816.86,Risque faible,3.147270960503929,-0.6939099866968265,Revenu élevé
8719,37,F,Secundaria,Centro,1016.37,2055.81,535,7,1275.68,Risque moyen,-1.6950380113171546,-0.37250447996287656,Revenu faible
8721,71,M,Secundaria,Centro,5013.31,9004.78,728,7,17241.27,Risque faible,4.2198193404753646,0.6853230271142811,Revenu élevé
8722,64,M,Secundaria,Occidente,1066.72,813.79,542,6,3748.21,Risque moyen,-1.5797360498922903,-0.7445377223081123,Revenu faible
8723,70,F,Tecnico,Occidente,2641.99,3511.78,623,2,7743.17,Risque moyen,0.7859786712280152,-1.8144136053060866,Revenu moyen
8724,75,M,Universitario,Oriente,1805.32,2295.11,472,8,4371.45,Risque élevé,-1.430490021884224,0.17246814844739422,Revenu moyen
8728,23,F,Universitario,Centro,2142.4,4232.12,590,10,6457.81,Risque moyen,-0.09590453670395316,1.0260734526943152,Revenu moyen
8729,62,F,Universitario,Norte,2416.73,3838.82,612,11,7658.74,Risque moyen,0.12547236044481155,1.404232577070459,Revenu moyen
8730,50,F,Secundaria,Centro,4106.44,7780.98,671,9,10650.06,Risque faible,2.445135911142816,1.1197440849621496,Revenu élevé
8732,40,M,Universitario,Norte,2587.75,4813.16,632,6,9184.39,Risque moyen,0.990018997093981,-0.28534030099860846,Revenu moyen
8734,30,M,Tecnico,Sur,3379.68,5546.4,564,6,8372.13,Risque moyen,0.9924159036817699,-0.15510379997787957,Revenu élevé
8736,32,M,Universitario,Oriente,2654.14,5692.37,647,11,9464.97,Risque moyen,1.008635168729594,1.559389418835404,Revenu moyen
8739,43,F,Primaria,Norte,1196.1,705.92,498,9,3353.11,Risque élevé,-2.0355103441986895,0.3451193300778115,Revenu faible
8740,50,F,Primaria,Centro,1146.77,1204.34,494,7,4244.74,Risque élevé,-1.7575272777277184,-0.3238700250320344,Revenu faible
8741,32,F,Postgrado,Oriente,3997.13,6901.62,610,6,11342.31,Risque moyen,2.112788683888258,0.028745993179644744,Revenu élevé
8743,62,F,Universitario,Oriente,3086.92,5076.7,574,10,7797.5,Risque moyen,0.5206107635954538,1.2025458438139398,Revenu élevé
8744,72,F,Secundaria,Oriente,1406.26,3008.86,507,6,2287.13,Risque moyen,-1.3288212643394073,-0.6021947939323342,Revenu faible
8745,44,M,Universitario,Sur,3843.8,6064.31,656,4,13842.63,Risque faible,2.523654456179612,-0.7137332880278111,Revenu élevé
8748,19,M,Universitario,Norte,3128.52,6185.88,638,10,10218.31,Risque moyen,1.398043615143609,1.2967255394952029,Revenu élevé
8750,75,F,Secundaria,Sur,1422.79,2803.34,527,7,3782.05,Risque moyen,-1.1568400631302451,-0.2301762431505434,Revenu faible
8754,55,F,Universitario,Norte,3153.82,5064.04,621,2,10967.76,Risque moyen,1.6477061443391239,-1.601852511422228,Revenu élevé
8756,33,F,Secundaria,Occidente,1864.43,3871.77,594,3,7433.31,Risque moyen,0.27281697417968753,-1.5040398189647894,Revenu moyen
8757,31,M,Tecnico,Norte,2000.51,4709.47,610,7,4138.69,Risque moyen,0.013132428959867269,-0.09390619778825401,Revenu moyen
8758,46,M,Secundaria,Oriente,1252.88,1850.17,505,8,1076.18,Risque moyen,-1.8993884661273635,0.004678947775938778,Revenu faible
8759,43,M,Universitario,Centro,1763.08,4024.85,596,11,6715.73,Risque moyen,-0.2988433293644105,1.3386006201718792,Revenu moyen
8760,52,M,Universitario,Centro,2024.07,4649.04,602,11,7078.0,Risque moyen,0.014827237958427853,1.4051503790553954,Revenu moyen
8761,32,M,Primaria,Sur,1584.53,2064.98,537,9,5462.35,Risque moyen,-1.1394602573728358,0.49105285595653536,Revenu moyen
8762,20,M,Tecnico,Oriente,1418.44,2778.03,523,9,4781.29,Risque moyen,-1.2099691442633949,0.5074657255390429,Revenu faible
8763,40,F,Secundaria,Centro,2678.02,5483.17,657,8,8216.46,Risque faible,1.0924320137641075,0.44411051138573665,Revenu moyen
8766,50,M,Secundaria,Sur,3135.66,6073.35,708,2,13804.1,Risque faible,2.6570179244259036,-1.5201182155501274,Revenu élevé
8768,58,M,Tecnico,Norte,1651.57,2899.31,537,6,3353.02,Risque moyen,-0.9637320409940097,-0.5745737560935265,Revenu moyen
8770,24,M,Primaria,Sur,453.35,359.6,359,7,765.89,Risque élevé,-3.3773210592536,-0.4568061269748578,Revenu faible
8771,20,M,Postgrado,Sur,2319.77,3657.17,583,10,6765.0,Risque moyen,-0.15336309541764104,1.0197428752424924,Revenu moyen
8772,75,F,Secundaria,Norte,1725.69,2809.22,642,5,4188.31,Risque moyen,-0.1858498681582591,-0.9586800301110459,Revenu moyen
8773,49,F,Tecnico,Centro,1054.2,1839.91,462,7,2811.46,Risque élevé,-1.9968897265838,-0.3138425962838909,Revenu faible
8774,48,F,Secundaria,Oriente,860.12,1074.79,494,7,4869.49,Risque élevé,-1.8404850258413443,-0.34458036936414116,Revenu faible
8775,35,F,Universitario,Sur,5457.76,9113.04,720,11,18438.89,Risque faible,4.254145786684804,2.194906711334636,Revenu élevé
8776,60,F,Secundaria,Sur,1650.26,2278.07,619,9,5175.33,Risque moyen,-0.6138537456781146,0.46627485425610077,Revenu moyen
8777,24,F,Secundaria,Oriente,2282.06,4092.95,624,5,5792.71,Risque moyen,0.3771260351250458,-0.7868619060624605,Revenu moyen
8778,58,F,Tecnico,Norte,4427.03,6744.64,729,4,17048.69,Risque faible,3.6698203856372564,-0.5790907926753535,Revenu élevé
8779,18,F,Universitario,Centro,3299.12,6616.19,721,7,13923.17,Risque faible,2.616527025954101,0.3116131107647866,Revenu élevé
8780,31,F,Universitario,Norte,1875.85,4383.98,549,5,4684.37,Risque moyen,-0.285794733326066,-0.800003199978846,Revenu moyen
8781,69,M,Secundaria,Sur,1209.94,3197.9,525,10,3271.88,Risque moyen,-1.4136687082737789,0.8344827666942847,Revenu faible
8784,56,F,Postgrado,Norte,3824.08,6413.62,615,6,12585.92,Risque moyen,2.0942298059863895,0.009821524722313004,Revenu élevé
8787,43,F,Universitario,Norte,2421.91,2818.88,585,5,9517.11,Risque moyen,0.3183328702803903,-0.7456521837113703,Revenu moyen
8788,51,F,Tecnico,Centro,1516.87,2307.83,599,4,4331.15,Risque moyen,-0.5550987084161039,-1.3426352857279784,Revenu moyen
8793,50,F,Postgrado,Oriente,3407.52,6625.71,711,2,12098.59,Risque faible,2.730113586894693,-1.5020862459203632,Revenu élevé
8796,64,F,Secundaria,Sur,692.16,0.0,440,13,1425.23,Risque élevé,-3.1845104568890727,1.6689645177858499,Revenu faible
8798,68,F,Postgrado,Sur,4887.13,9551.28,693,5,17578.06,Risque faible,4.2365654693756,0.013207652712213696,Revenu élevé
8800,73,F,Secundaria,Occidente,788.12,1773.85,424,9,500.0,Risque élevé,-2.7077538761800746,0.3369588764715339,Revenu faible
8803,49,M,Postgrado,Centro,3254.37,4789.62,607,4,10436.23,Risque moyen,1.3696132635870477,-0.8987538843422106,Revenu élevé
8804,32,M,Primaria,Occidente,1306.69,1847.36,548,9,3197.81,Risque moyen,-1.4692394816316938,0.39581607353331966,Revenu faible
8805,44,M,Universitario,Occidente,3310.96,6063.9,697,6,11364.36,Risque faible,2.1630787282511164,-0.1238807968440581,Revenu élevé
8806,45,F,Primaria,Norte,1082.15,1401.85,565,8,3729.03,Risque moyen,-1.4403086340719888,-0.004625322667350898,Revenu faible
8807,34,M,Universitario,Centro,3281.69,6721.04,602,7,11862.02,Risque moyen,1.7197219188903068,0.32300224667264,Revenu élevé
8811,19,F,Primaria,Sur,464.61,1083.08,378,7,500.0,Risque élevé,-3.1348199782407034,-0.4283534927480201,Revenu faible
8812,53,F,Universitario,Sur,2575.46,5949.02,625,5,8944.71,Risque moyen,1.222267812472642,-0.5804990513121834,Revenu moyen
8813,67,F,Universitario,Sur,7150.07,14297.6,731,2,25466.53,Risque faible,7.407434633564766,-0.40744608567808366,Revenu élevé
8814,24,M,Tecnico,Norte,4371.05,7674.21,702,5,15302.44,Risque faible,3.442831288835171,-0.20028861787274713,Revenu élevé
8816,32,F,Universitario,Occidente,3080.55,6513.95,630,9,8828.54,Risque moyen,1.3203081172888018,0.9257903265830255,Revenu élevé
8817,42,F,Universitario,Centro,1456.57,4124.35,546,8,2802.45,Risque moyen,-0.9140748399012897,0.17649847886106254,Revenu faible
8819,39,M,Secundaria,Norte,1370.4,2973.86,501,12,3800.42,Risque moyen,-1.6061157163618125,1.5746751412904179,Revenu faible
8820,43,M,Secundaria,Centro,1207.7,2032.94,466,11,2376.37,Risque élevé,-2.1630046922228656,1.1306166267189686,Revenu faible
8822,28,M,Tecnico,Centro,2324.51,4124.62,587,9,5851.52,Risque moyen,-0.06007274130054907,0.6672766255513684,Revenu moyen
8823,27,F,Universitario,Oriente,3041.64,4745.33,644,7,9422.58,Risque moyen,1.1976423783153265,0.11154090778163074,Revenu élevé
8825,54,M,Universitario,Inconnue,3088.54,6329.53,684,2,7359.77,Risque faible,1.8889657878112058,-1.644623177885816,Revenu élevé
8827,60,F,Secundaria,Sur,2469.51,4426.46,604,5,5452.95,Risque moyen,0.3734730934526689,-0.7483388389332238,Revenu moyen
8829,55,F,Universitario,Norte,980.71,95.11,471,9,3874.12,Risque élevé,-2.360216454350443,0.3131093862653199,Revenu faible
8834,63,F,Secundaria,Centro,769.23,1646.06,476,12,1163.28,Risque élevé,-2.5561377574273734,1.3920425170986725,Revenu faible
8836,50,F,Secundaria,Sur,1513.3,1144.24,550,5,2875.69,Risque moyen,-1.3033341040137278,-1.0637069007499913,Revenu moyen
8837,34,F,Universitario,Norte,1645.07,2464.61,565,8,2435.73,Risque moyen,-1.1129332719106608,0.08140566147976042,Revenu moyen
8838,41,M,Secundaria,Norte,3323.05,4775.15,668,4,10673.74,Risque faible,1.7785090153486907,-0.9151341667851682,Revenu élevé
8840,74,F,Universitario,Centro,2975.32,4246.25,634,7,10652.04,Risque moyen,1.1315677961650037,0.10857873525701578,Revenu moyen
8841,19,M,Secundaria,Centro,2514.12,3413.63,618,9,8112.35,Risque moyen,0.2828651677965916,0.6812822999149085,Revenu moyen
8842,49,M,Universitario,Oriente,1671.34,2000.53,468,6,4318.15,Risque élevé,-1.4528530761380694,-0.5719204898721935,Revenu moyen
8843,74,F,Universitario,Centro,1118.05,2686.09,525,6,3719.51,Risque moyen,-1.2645644614666824,-0.6241013756950863,Revenu faible
8844,41,M,Universitario,Norte,3163.22,5183.49,729,6,13575.95,Risque faible,2.330156073221414,-0.15341421047844334,Revenu élevé
8846,21,M,Primaria,Norte,916.51,2352.7,447,5,500.0,Risque élevé,-2.1462311421676024,-1.0578723145644633,Revenu faible
8847,34,F,Secundaria,Norte,726.54,2198.99,545,4,1017.76,Risque moyen,-1.5658258308692705,-1.4748650973602584,Revenu faible
8848,34,F,Universitario,Occidente,2641.4,4475.89,567,8,8591.65,Risque moyen,0.37267185356042903,0.43121621790567766,Revenu moyen
8849,70,M,Secundaria,Sur,1387.47,1513.98,526,5,6471.19,Risque moyen,-1.0496723490520565,-0.9621907242877303,Revenu faible
8850,67,M,Secundaria,Occidente,681.48,972.44,511,9,2496.95,Risque moyen,-2.2051987108641025,0.2863152737612525,Revenu faible
8851,65,F,Primaria,Norte,1629.38,609.7,569,5,5298.55,Risque moyen,-1.007671970539836,-1.0374167978287445,Revenu moyen
8853,57,F,Tecnico,Sur,2442.61,4609.43,662,7,10130.26,Risque faible,1.0973911487334278,0.05446077197009303,Revenu moyen
8855,28,F,Secundaria,Centro,1438.82,2179.52,487,2,1362.41,Risque élevé,-1.4535981298878347,-2.089343362843039,Revenu faible
8856,38,F,Primaria,Centro,1237.11,3116.87,493,12,1453.25,Risque élevé,-1.9194295206515484,1.5208066869960333,Revenu faible
8859,72,M,Tecnico,Sur,1129.27,1332.9,521,10,5643.7,Risque moyen,-1.6226002666826977,0.7740890790584842,Revenu faible
8860,46,F,Primaria,Norte,1391.15,1485.95,501,9,3664.12,Risque moyen,-1.7392518820870848,0.4146100222817572,Revenu faible
8864,34,F,Secundaria,Oriente,1813.02,2916.53,569,5,6183.81,Risque moyen,-0.3513716484353303,-0.8661714727430058,Revenu moyen
8865,35,M,Universitario,Centro,1665.63,5355.0,600,8,5089.91,Risque moyen,-0.01354133455391165,0.2951681908447926,Revenu moyen
8867,65,M,Primaria,Norte,1567.8,2228.49,489,13,5396.63,Risque élevé,-1.6509272484183888,1.949329954372654,Revenu moyen
8869,54,F,Secundaria,Centro,815.27,858.98,544,11,1036.03,Risque moyen,-2.254161947023409,0.9597505542229234,Revenu faible
8871,35,M,Tecnico,Centro,1709.02,3802.67,583,7,4625.5,Risque moyen,-0.40956147907047863,-0.15110174353004915,Revenu moyen
8872,34,M,Universitario,Inconnue,1306.56,2945.73,567,3,3728.71,Risque moyen,-0.6953383004068316,-1.6824831554611068,Revenu faible
8873,26,M,Primaria,Centro,1338.9,2283.63,558,12,2862.39,Risque moyen,-1.5264113356420914,1.4847996796280682,Revenu faible
8874,31,M,Universitario,Occidente,4482.6,8771.18,710,6,17426.78,Risque faible,3.9244508186447753,0.27592320215576477,Revenu élevé
8875,66,F,Tecnico,Norte,2367.91,4553.92,620,6,6233.94,Risque moyen,0.46989382990565304,-0.3826135468661782,Revenu moyen
8876,46,M,Postgrado,Norte,1908.9,3295.65,592,7,6102.05,Risque moyen,-0.22906427836297746,-0.13211822787410762,Revenu moyen
8878,21,M,Tecnico,Sur,1364.68,3734.36,535,7,4136.47,Risque moyen,-0.9003685472836189,-0.17733147895760448,Revenu faible
8879,35,F,Secundaria,Sur,1658.19,3622.44,606,7,3665.95,Risque moyen,-0.4321231074774036,-0.19843688049671226,Revenu moyen
8880,37,M,Universitario,Norte,1751.05,2371.73,506,6,9537.31,Risque moyen,-0.5816418958329469,-0.4419339592726094,Revenu moyen
8885,61,F,Primaria,Sur,1342.31,1931.75,634,5,3322.68,Risque moyen,-0.667700455693781,-1.06205619426686,Revenu faible
8887,30,M,Secundaria,Centro,2122.79,2980.24,555,5,8844.72,Risque moyen,-0.017846424226333053,-0.7665039082760148,Revenu moyen
8890,32,F,Universitario,Sur,1433.08,2536.41,533,6,5663.48,Risque moyen,-0.9182002815852719,-0.5624110508234479,Revenu faible
8891,45,M,Primaria,Norte,722.94,1401.03,413,10,695.43,Risque élevé,-2.9211066452349357,0.6760701376252329,Revenu faible
8892,54,M,Secundaria,Oriente,1527.77,3653.22,509,9,5279.25,Risque moyen,-1.0101603237663765,0.5861802320314446,Revenu moyen
8893,72,M,Secundaria,Sur,3204.54,5703.23,709,7,12157.71,Risque faible,2.131790829815208,0.21516704334966652,Revenu élevé
8894,36,M,Secundaria,Centro,964.75,2523.83,500,8,2536.44,Risque moyen,-1.7564334821502183,0.051527527834842525,Revenu faible
8895,43,M,Primaria,Centro,1815.69,2557.64,533,6,4794.07,Risque moyen,-0.8432580675383919,-0.5443641294711498,Revenu moyen
8898,42,M,Universitario,Norte,2223.49,3756.42,638,5,7395.58,Risque moyen,0.5282703699940157,-0.782023984417698,Revenu moyen
8899,43,M,Secundaria,Norte,1672.97,2173.35,530,14,3462.59,Risque moyen,-1.6384785749911999,2.2515547123290656,Revenu moyen
8900,43,F,Universitario,Norte,4788.75,7795.5,671,12,12423.84,Risque faible,2.7275683352223274,2.2984193542011226,Revenu élevé
8901,63,M,Postgrado,Norte,5272.7,8775.52,696,5,19802.09,Risque faible,4.47903517939718,0.053907390420255906,Revenu élevé
8903,66,M,Universitario,Norte,1483.96,2384.63,505,7,4825.37,Risque moyen,-1.2423903407842571,-0.21513382492328087,Revenu faible
8904,35,M,Primaria,Occidente,2705.84,3722.74,660,6,10148.79,Risque faible,1.0719917319639425,-0.32810196914612927,Revenu moyen
8905,49,M,Universitario,Norte,2567.09,4160.5,610,6,4676.74,Risque moyen,0.2509868349078372,-0.41713398412729846,Revenu moyen
8906,70,F,Secundaria,Occidente,1238.64,1627.57,575,4,4342.08,Risque moyen,-0.9554501331894081,-1.3975410904823495,Revenu faible
8909,50,F,Universitario,Norte,3333.85,5926.85,639,6,12677.7,Risque moyen,1.937126892989256,-0.07385140398719417,Revenu élevé
8910,59,M,Universitario,Centro,3264.48,7693.47,750,9,12864.96,Risque faible,2.767375004020935,1.0489273077551158,Revenu élevé
8911,36,M,Primaria,Norte,1389.55,3110.25,541,9,4779.32,Risque moyen,-1.0459235240174698,0.5158251307931747,Revenu faible
8912,34,F,Secundaria,Sur,2254.63,4708.45,560,7,5865.38,Risque moyen,0.0020054192846456873,-0.008208775812630114,Revenu moyen
8913,61,F,Universitario,Centro,2827.99,5211.49,568,5,10118.08,Risque moyen,0.956437001945056,-0.5470065871595094,Revenu moyen
8914,50,F,Tecnico,Occidente,2395.41,5433.99,631,8,7281.59,Risque moyen,0.715126230892856,0.4048935173082624,Revenu moyen
8915,29,M,Primaria,Norte,1589.99,3861.09,525,5,2889.79,Risque moyen,-0.8413052303079666,-0.8873249143309626,Revenu moyen
8917,73,M,Universitario,Norte,2198.96,1753.38,638,7,7562.06,Risque moyen,-0.014282039171835539,-0.18158237032700864,Revenu moyen
8919,60,M,Secundaria,Norte,1263.34,1689.74,540,12,4873.83,Risque moyen,-1.5832395618045851,1.4967371647598338,Revenu faible
8920,66,F,Universitario,Norte,2895.36,5396.4,649,4,7618.4,Risque moyen,1.3062518096819329,-0.9803950514424312,Revenu moyen
8921,72,F,Tecnico,Sur,1891.99,2266.74,582,6,6902.58,Risque moyen,-0.3683203057340942,-0.5283500185415659,Revenu moyen
8923,52,F,Tecnico,Oriente,2367.25,4347.6,539,10,7634.95,Risque moyen,-0.15685254725611145,1.103762836227531,Revenu moyen
8924,25,F,Secundaria,Norte,651.86,1068.15,373,9,2113.3,Risque élevé,-3.0486419795638358,0.34248279099982304,Revenu faible
8925,69,M,Universitario,Sur,1544.58,2825.98,539,8,4953.28,Risque moyen,-0.972879506213377,0.16138613649444813,Revenu moyen
8927,70,M,Universitario,Norte,1878.12,4653.36,614,4,5175.29,Risque moyen,0.2675651920971783,-1.1598986557572917,Revenu moyen
8930,63,F,Secundaria,Sur,610.97,1184.9,532,11,500.0,Risque moyen,-2.3959927503255654,0.9524568327167094,Revenu faible
8931,63,F,Tecnico,Centro,2138.01,3361.73,619,7,8573.66,Risque moyen,0.2931112829270962,-0.06273450897948048,Revenu moyen
8932,53,F,Universitario,Inconnue,5635.66,10221.82,700,2,21320.49,Risque faible,5.303825730302219,-0.8678359633172374,Revenu élevé
8933,33,F,Tecnico,Centro,1979.69,2760.01,625,9,7496.63,Risque moyen,-0.10068396520052167,0.5753832978013692,Revenu moyen
8934,41,F,Secundaria,Occidente,1502.58,2630.08,596,5,2639.55,Risque moyen,-0.7465499146074281,-1.0046341270835748,Revenu moyen
8935,71,M,Secundaria,Oriente,1324.86,2440.83,529,8,2910.41,Risque moyen,-1.4147106300358159,0.07643979174488304,Revenu faible
8936,18,F,Tecnico,Sur,1200.57,1926.15,495,9,1847.74,Risque élevé,-1.9472550336625811,0.3836074297353161,Revenu faible
8937,66,F,Secundaria,Occidente,619.9,1163.79,447,8,4037.71,Risque élevé,-2.3462909585824203,-0.0023956825423120023,Revenu faible
8938,42,M,Universitario,Sur,1938.61,3999.75,621,14,8634.9,Risque moyen,-0.07428770815079729,2.4587093454535385,Revenu moyen
8940,71,M,Universitario,Occidente,2718.36,6508.62,631,4,11550.76,Risque moyen,1.765761452733844,-0.8357993731124189,Revenu moyen
8941,33,F,Secundaria,Norte,2240.01,4550.34,637,7,6499.38,Risque moyen,0.48053948010421493,-0.039095250014027465,Revenu moyen
8942,33,M,Primaria,Norte,1748.48,2910.39,547,4,5792.48,Risque moyen,-0.4867323214273469,-1.229190685636063,Revenu moyen
8944,25,M,Tecnico,Occidente,2017.85,3224.32,546,7,2076.98,Risque moyen,-0.88250783379251,-0.19614667047676096,Revenu moyen
8949,33,M,Postgrado,Norte,3654.33,6732.38,640,9,13222.69,Risque moyen,2.1159172031288045,1.0879669324337689,Revenu élevé
8951,33,F,Primaria,Oriente,1778.0,3446.72,530,8,6076.51,Risque moyen,-0.6815993418120689,0.24906033976887268,Revenu moyen
8952,24,F,Universitario,Occidente,2112.44,4785.04,587,3,6959.73,Risque moyen,0.4800396934251973,-1.4350109084091038,Revenu moyen
8953,58,F,Tecnico,Centro,936.12,944.71,496,9,2419.08,Risque élevé,-2.201052889964406,0.31396998646560936,Revenu faible
8956,43,M,Universitario,Occidente,1990.45,3042.99,590,6,6762.74,Risque moyen,-0.13003048133348444,-0.48072641034634217,Revenu moyen
8957,43,M,Postgrado,Occidente,1419.53,3632.67,536,7,5434.02,Risque moyen,-0.7599580370539857,-0.1491189577943697,Revenu faible
8958,31,M,Tecnico,Occidente,1414.98,3580.55,577,5,4081.29,Risque moyen,-0.5455270432785203,-0.9167420928434895,Revenu faible
8959,24,M,Secundaria,Sur,1155.88,1617.86,505,10,2614.01,Risque moyen,-1.9562286930190418,0.7318636970977654,Revenu faible
8960,50,F,Tecnico,Norte,1956.15,3722.39,602,6,3799.37,Risque moyen,-0.23394420553918432,-0.5169947535195001,Revenu moyen
8962,74,F,Tecnico,Norte,2932.26,6801.93,730,4,12129.69,Risque faible,2.559113224423768,-0.8298819559770647,Revenu moyen
8964,37,F,Secundaria,Norte,2168.39,3832.86,549,5,5350.55,Risque moyen,-0.21210334964771893,-0.7890110528304397,Revenu moyen
8970,19,M,Postgrado,Sur,2244.11,5327.97,592,8,8308.05,Risque moyen,0.5054007149290609,0.42508234732015,Revenu moyen
8972,61,F,Secundaria,Norte,1924.8,2726.7,690,2,4125.06,Risque faible,0.3431671000509553,-2.0402254261284667,Revenu moyen
8975,29,F,Universitario,Centro,911.1,915.18,432,5,1885.78,Risque élevé,-2.399106077203047,-1.1036480784961813,Revenu faible
8977,61,F,Postgrado,Sur,2017.61,2540.11,598,7,6855.83,Risque moyen,-0.23111338642510865,-0.1512188856294666,Revenu moyen
8978,50,M,Postgrado,Norte,5803.81,10536.39,702,10,21392.39,Risque faible,4.959891825762455,2.027699016875321,Revenu élevé
8980,31,M,Postgrado,Sur,2203.5,5527.4,604,4,7794.31,Risque moyen,0.7985422261151718,-1.0145141376712774,Revenu moyen
8981,41,F,Postgrado,Norte,2307.04,3627.37,599,10,7173.77,Risque moyen,-0.028890600349209847,1.0188401313442417,Revenu moyen
8982,51,M,Tecnico,Sur,1395.77,2961.91,555,13,5328.89,Risque moyen,-1.1859321678380133,1.944212748487669,Revenu faible
8983,61,M,Secundaria,Sur,1041.15,1317.27,495,12,500.0,Risque élevé,-2.4686052404623093,1.3753551337112582,Revenu faible
8984,43,F,Universitario,Norte,2118.51,3125.01,584,7,4532.54,Risque moyen,-0.3859091051205804,-0.15390801125209394,Revenu moyen
8986,45,M,Tecnico,Centro,1624.8,3743.84,556,7,4551.66,Risque moyen,-0.6236212373147193,-0.15205591093836918,Revenu moyen
8988,53,M,Tecnico,Sur,1785.63,2180.38,615,10,4773.9,Risque moyen,-0.7052851660257882,0.8238091313879051,Revenu moyen
8989,57,M,Postgrado,Sur,3755.08,7385.71,679,7,11543.39,Risque faible,2.47848529053963,0.36479513802452157,Revenu élevé
8994,32,M,Tecnico,Centro,2947.02,5910.03,662,8,8261.3,Risque faible,1.3291678945880092,0.4932590643588256,Revenu moyen
8996,40,F,Tecnico,Oriente,2038.39,3658.18,698,4,5154.16,Risque faible,0.615666374647022,-1.2406013900091053,Revenu moyen
8999,19,F,Tecnico,Centro,3639.99,7053.21,670,5,10223.12,Risque faible,2.2965079431801456,-0.40637934407984194,Revenu élevé
9000,37,F,Tecnico,Norte,2569.81,3993.92,662,1,8858.16,Risque faible,1.2644218709167143,-2.143261975067457,Revenu moyen
9001,37,F,Secundaria,Centro,1808.05,4028.34,615,5,5801.98,Risque moyen,0.11360521511925888,-0.8315270512374089,Revenu moyen
9002,63,F,Universitario,Centro,3052.03,5941.84,704,6,10197.98,Risque faible,1.9506205650623485,-0.18515219117697093,Revenu élevé
9006,57,F,Secundaria,Centro,1730.99,3477.65,566,4,9951.66,Risque moyen,0.16486342030934284,-1.1125105514102076,Revenu moyen
9009,31,M,Universitario,Sur,2146.25,3201.05,587,10,6159.85,Risque moyen,-0.3610061035578645,0.961282534325963,Revenu moyen
9011,36,M,Secundaria,Occidente,3491.64,6344.38,637,5,11306.26,Risque moyen,2.00140543796745,-0.4222748168149582,Revenu élevé
9012,51,F,Tecnico,Centro,1420.72,3351.14,561,8,2928.82,Risque moyen,-0.9916424783882729,0.12436189748815307,Revenu faible
9013,61,F,Postgrado,Occidente,3382.6,6156.26,674,6,11298.4,Risque faible,2.070446900866608,-0.1028367582045472,Revenu élevé
9015,23,M,Secundaria,Sur,4377.73,8334.2,675,11,14925.14,Risque faible,3.012937062832039,1.9876432263197457,Revenu élevé
9016,30,F,Tecnico,Norte,1612.6,2980.23,640,11,3682.22,Risque moyen,-0.6354605581054935,1.1753251322698326,Revenu moyen
9018,39,F,Primaria,Occidente,1595.92,2726.08,533,4,3668.71,Risque moyen,-0.8898178294116523,-1.2961208730153415,Revenu moyen
9019,35,F,Universitario,Oriente,2324.91,3777.63,559,7,7116.44,Risque moyen,-0.04336852821617356,-0.026742462713048698,Revenu moyen
9020,29,F,Secundaria,Norte,1373.63,935.55,576,8,3488.59,Risque moyen,-1.377420465509023,-0.014261381716260398,Revenu faible
9022,71,M,Universitario,Norte,3094.91,5840.73,621,11,8877.65,Risque moyen,1.0107596286069311,1.6084288454935278,Revenu élevé
9024,70,M,Universitario,Sur,1387.15,2852.14,543,6,5978.25,Risque moyen,-0.7793212082584955,-0.5458713532874634,Revenu faible
9026,57,M,Secundaria,Centro,1401.24,4163.93,593,11,4038.88,Risque moyen,-0.7127936238387286,1.2530176021216135,Revenu faible
9027,24,F,Primaria,Norte,1733.76,1676.42,544,6,5174.11,Risque moyen,-0.9604420375291897,-0.5996199890943118,Revenu moyen
9029,65,F,Postgrado,Centro,3486.9,6028.55,612,7,12842.27,Risque moyen,1.818087385004602,0.32007328100439414,Revenu élevé
9030,36,M,Universitario,Oriente,2590.79,4404.4,615,7,8805.87,Risque moyen,0.7033077323821036,0.04791687662154311,Revenu moyen
9031,23,M,Universitario,Occidente,1618.03,2844.94,556,5,1224.64,Risque moyen,-1.033426094414474,-0.9951526722026571,Revenu moyen
9033,44,F,Secundaria,Centro,1941.27,3616.68,550,11,7117.72,Risque moyen,-0.5403637270911645,1.3617136433463353,Revenu moyen
9034,70,M,Secundaria,Centro,1882.79,3140.37,562,6,7415.58,Risque moyen,-0.2520700657763535,-0.45798299777592116,Revenu moyen
9035,60,M,Universitario,Norte,2163.65,3257.62,622,7,9906.71,Risque moyen,0.43622994943188487,-0.03754418328823465,Revenu moyen
9038,24,F,Primaria,Oriente,1614.69,1910.72,579,4,2575.28,Risque moyen,-0.8963209728959055,-1.3870204201991176,Revenu moyen
9040,28,M,Universitario,Centro,2433.45,4820.41,681,4,7262.14,Risque faible,1.1431474126562007,-1.0802692379632923,Revenu moyen
9042,20,M,Universitario,Norte,4007.67,9864.73,738,3,15813.38,Risque faible,4.144568717204948,-0.8277264565690448,Revenu élevé
9043,75,M,Tecnico,Sur,2372.59,5209.16,603,2,8645.42,Risque moyen,1.0081328239150964,-1.7122944621103837,Revenu moyen
9044,22,M,Secundaria,Sur,1637.1,2347.5,619,8,4225.95,Risque moyen,-0.6395909748589191,0.09001742050773388,Revenu moyen
9045,40,M,Secundaria,Centro,773.7,2096.94,491,5,3524.63,Risque élevé,-1.6906804139417007,-1.0377469713669414,Revenu faible
9047,54,M,Secundaria,Sur,4373.93,7100.35,699,6,15207.37,Risque faible,3.2325389606575614,0.1234877952966817,Revenu élevé
9049,32,F,Secundaria,Centro,2637.31,3292.78,595,6,6373.53,Risque moyen,0.1823333128032172,-0.41563864609309675,Revenu moyen
9052,23,M,Tecnico,Sur,1525.68,2854.32,609,8,6042.96,Risque moyen,-0.4510407471673929,0.15435148278233904,Revenu moyen
9053,34,M,Postgrado,Occidente,3417.19,6979.0,680,7,12025.75,Risque faible,2.306684057839477,0.31946469541705436,Revenu élevé
9054,43,F,Universitario,Occidente,3068.79,5260.53,617,1,7047.57,Risque moyen,1.2904334505552895,-2.042945987708248,Revenu élevé
9055,38,M,Primaria,Oriente,1291.83,1614.04,558,10,2730.32,Risque moyen,-1.5765129862082023,0.7233738499237918,Revenu faible
9056,25,F,Tecnico,Sur,1882.71,4953.16,624,8,8348.85,Risque moyen,0.4676266700572136,0.35542615087505697,Revenu moyen
9058,74,F,Universitario,Oriente,3362.57,5283.49,581,8,8704.8,Risque moyen,0.9387614307189172,0.5430285262471111,Revenu élevé
9059,28,F,Secundaria,Norte,977.36,1400.59,499,11,712.99,Risque élevé,-2.369686704624796,1.0195509224192407,Revenu faible
9060,55,F,Secundaria,Centro,1061.87,3160.64,537,8,3470.34,Risque moyen,-1.267404675161013,0.10215760488635994,Revenu faible
9061,25,F,Universitario,Norte,2432.02,4955.48,672,3,9671.63,Risque faible,1.4280174371309313,-1.3716286155949653,Revenu moyen
9063,41,M,Tecnico,Oriente,3051.09,5345.46,601,9,8025.49,Risque moyen,0.8073613667428874,0.8501436239686969,Revenu élevé
9064,52,M,Primaria,Centro,2083.5,3671.47,596,5,3593.02,Risque moyen,-0.18557904229061314,-0.8673404106345707,Revenu moyen
9065,72,M,Tecnico,Oriente,1575.4,1443.04,667,9,2912.87,Risque faible,-0.7718238375148605,0.33798576822330784,Revenu moyen
9067,72,M,Primaria,Occidente,1292.42,2326.86,510,13,698.32,Risque moyen,-2.1036905577351126,1.8131322866361401,Revenu faible
9068,31,F,Secundaria,Sur,605.7,931.79,434,11,509.3,Risque élevé,-3.0274948118888076,0.9816015928034449,Revenu faible
9072,61,M,Primaria,Centro,1058.79,1782.72,492,12,3647.45,Risque élevé,-2.057212481760104,1.4765147007849682,Revenu faible
9073,72,M,Primaria,Sur,1044.86,2509.28,496,7,2756.08,Risque élevé,-1.6645853169480325,-0.2924834894067743,Revenu faible
9074,63,F,Primaria,Norte,1721.84,2166.48,590,4,4770.11,Risque moyen,-0.5074057614574348,-1.3173198242498365,Revenu moyen
9075,51,F,Secundaria,Oriente,654.64,156.15,475,10,2408.98,Risque élevé,-2.6727042397686605,0.6082187029410361,Revenu faible
9076,58,F,Secundaria,Occidente,3610.24,6363.83,600,9,7215.71,Risque moyen,1.1675027055864078,0.9446214754424231,Revenu élevé
9077,27,M,Secundaria,Oriente,2205.56,4570.88,592,5,8112.53,Risque moyen,0.49629099360104645,-0.6996064918389303,Revenu moyen
9078,75,M,Secundaria,Sur,1335.71,2343.4,597,5,6311.37,Risque moyen,-0.494173021037936,-0.9546110357031995,Revenu faible
9079,34,F,Secundaria,Centro,1754.33,3969.07,657,8,3097.69,Risque faible,-0.1392872144076289,0.15258958848441012,Revenu moyen
9080,34,M,Secundaria,Centro,2748.88,4752.57,664,9,10316.5,Risque faible,1.161447542248992,0.8103970644924288,Revenu moyen
9082,48,M,Tecnico,Centro,3248.0,5723.2,702,5,11437.92,Risque faible,2.164070673755514,-0.5077889266524463,Revenu élevé
9083,68,F,Universitario,Oriente,2508.45,5061.22,642,10,7336.46,Risque moyen,0.6286938615452414,1.1054834722518472,Revenu moyen
9084,18,M,Secundaria,Occidente,1943.26,4096.46,532,3,1635.85,Risque moyen,-0.606536714215123,-1.5866396918785208,Revenu moyen
9085,29,F,Universitario,Occidente,3471.91,6608.46,646,5,10555.85,Risque moyen,2.0250595008229544,-0.42985932554267964,Revenu élevé
9086,56,M,Secundaria,Centro,1662.51,3102.4,511,4,500.0,Risque moyen,-1.2369752454301346,-1.3296810492953635,Revenu moyen
9087,21,F,Tecnico,Sur,2823.98,4921.94,665,5,10214.72,Risque faible,1.4740716708325732,-0.6056501409166634,Revenu moyen
9088,59,F,Secundaria,Sur,1281.84,2657.67,454,12,2522.51,Risque élevé,-2.1177848063044857,1.540172954246448,Revenu faible
9091,59,M,Universitario,Oriente,1818.92,2759.07,581,8,5022.54,Risque moyen,-0.6183278576344322,0.16631704017262341,Revenu moyen
9092,38,M,Tecnico,Centro,1947.46,2848.38,475,9,1508.96,Risque élevé,-1.5925828148086782,0.5096046480090578,Revenu moyen
9093,39,F,Tecnico,Centro,2624.48,3847.0,569,7,7586.02,Risque moyen,0.20339258809290003,0.011945769020221072,Revenu moyen
9094,74,M,Universitario,Oriente,1430.73,1589.76,559,10,3850.97,Risque moyen,-1.4027792872100557,0.7600865221388946,Revenu faible
9096,35,M,Universitario,Oriente,4015.84,7699.76,678,4,14544.35,Risque faible,3.143462566125165,-0.5965658064836865,Revenu élevé
9097,22,M,Secundaria,Norte,2610.62,5707.95,673,9,8175.39,Risque faible,1.1393698719963397,0.8001555655493818,Revenu moyen
9099,19,F,Secundaria,Centro,892.08,1332.95,476,10,500.0,Risque élevé,-2.514313286709232,0.6554709086750939,Revenu faible
9101,34,M,Primaria,Centro,1443.22,2355.42,515,8,3716.33,Risque moyen,-1.3830654085090404,0.10728828048455531,Revenu faible
9102,27,M,Tecnico,Occidente,1746.96,2080.42,663,6,5279.02,Risque faible,-0.15837300297029425,-0.6261320911202115,Revenu moyen
9103,51,F,Universitario,Occidente,2149.27,3335.9,635,3,7308.29,Risque moyen,0.5065576902570004,-1.5292360216605312,Revenu moyen
9105,25,M,Tecnico,Norte,2103.56,4553.78,587,8,5528.23,Risque moyen,-0.032044593622438465,0.3062201436937099,Revenu moyen
9106,68,F,Secundaria,Norte,1312.07,1725.31,548,9,3155.9,Risque moyen,-1.4971570403306218,0.3883060602107978,Revenu faible
9109,29,M,Tecnico,Occidente,2016.09,3851.05,585,9,5677.31,Risque moyen,-0.276406700566225,0.6189827030258062,Revenu moyen
9110,26,F,Postgrado,Norte,3854.02,7687.8,562,11,11702.3,Risque moyen,1.661721311745943,1.878265677547877,Revenu élevé
9111,19,F,Secundaria,Oriente,824.04,2338.15,519,5,2201.02,Risque moyen,-1.5896679776214395,-1.061487168341391,Revenu faible
9112,25,F,Universitario,Sur,2212.77,3760.64,610,6,9211.64,Risque moyen,0.4838540077288036,-0.3715797253647765,Revenu moyen
9114,28,F,Secundaria,Sur,2439.11,4558.52,585,8,8556.85,Risque moyen,0.4080941307990969,0.40783678052205063,Revenu moyen
9115,70,M,Postgrado,Sur,1970.03,3912.25,653,4,5027.17,Risque faible,0.3631599330554179,-1.2150039961728856,Revenu moyen
9116,53,M,Universitario,Centro,4061.22,6003.86,700,4,12775.38,Risque faible,2.750934549081674,-0.7404430386757233,Revenu élevé
9117,27,F,Primaria,Centro,2065.38,4259.57,547,5,2885.54,Risque moyen,-0.42945829283267195,-0.828911020625566,Revenu moyen
9120,65,F,Universitario,Centro,3153.5,7364.81,639,6,8343.53,Risque moyen,1.721683108508788,-0.10564954349306706,Revenu élevé
9121,25,F,Secundaria,Centro,731.1,256.6,430,11,1019.02,Risque élevé,-3.0894430152055556,0.9677340858983912,Revenu faible
9122,53,M,Universitario,Occidente,2122.74,5003.69,578,5,4596.5,Risque moyen,0.11016954691080978,-0.7555844192224482,Revenu moyen
9123,46,M,Secundaria,Occidente,1243.82,2661.79,542,9,2812.3,Risque moyen,-1.3977812713346143,0.43102428200492365,Revenu faible
9125,29,M,Tecnico,Norte,1317.66,1050.9,578,9,5567.63,Risque moyen,-1.2136637558800858,0.39075360769761813,Revenu faible
9126,31,M,Tecnico,Norte,2583.78,2137.85,699,2,8336.64,Risque faible,0.978656339066373,-1.9204042980600446,Revenu moyen
9127,65,M,Tecnico,Oriente,1955.77,4448.0,547,4,6156.66,Risque moyen,-0.03703618242333298,-1.1120628118056994,Revenu moyen
9128,71,F,Universitario,Norte,1943.8,4488.1,646,8,5438.99,Risque moyen,0.2253556002395953,0.2586118224177609,Revenu moyen
9131,39,M,Primaria,Centro,2557.8,4623.62,639,11,5622.08,Risque moyen,0.30045974155339794,1.404985565431488,Revenu moyen
9134,67,F,Secundaria,Occidente,4969.04,8941.49,740,4,17830.67,Risque faible,4.506504185725321,-0.3873490204930056,Revenu élevé
9136,56,M,Tecnico,Sur,3040.32,4927.88,638,9,10340.2,Risque moyen,1.1696758867191412,0.8605769934321986,Revenu élevé
9140,24,M,Universitario,Norte,2845.45,5054.61,663,11,9858.71,Risque faible,1.0878997328308289,1.5423503076882374,Revenu moyen
9141,26,F,Universitario,Occidente,2535.46,6133.56,621,8,9446.33,Risque moyen,1.0851599891832382,0.512230496175375,Revenu moyen
9142,18,M,Secundaria,Sur,1725.94,4206.74,563,8,6534.73,Risque moyen,-0.301083530057966,0.2836622682399438,Revenu moyen
9143,43,F,Postgrado,Oriente,7190.41,11996.39,731,6,23894.86,Risque faible,6.525392086060106,0.8577406461020308,Revenu élevé
9144,55,F,Tecnico,Sur,1327.48,2628.83,575,4,4425.01,Risque moyen,-0.6977038774660402,-1.3291538324318313,Revenu faible
9145,55,M,Postgrado,Centro,3637.29,4980.26,640,4,12998.54,Risque moyen,2.0269871828115,-0.8081392919825549,Revenu élevé
9146,71,M,Tecnico,Oriente,1400.88,2890.03,585,4,3527.76,Risque moyen,-0.6449804401818812,-1.3317979274668286,Revenu faible
9149,61,M,Postgrado,Oriente,3948.72,7573.5,688,7,14411.91,Risque faible,2.946475209026691,0.45492741532273495,Revenu élevé
9151,72,F,Postgrado,Occidente,2774.1,4341.38,570,13,7803.39,Risque moyen,0.023850713528873357,2.204740157090396,Revenu moyen
9152,75,M,Universitario,Centro,3271.61,4822.98,716,4,11023.63,Risque faible,2.0855174607233304,-0.9309604042156241,Revenu élevé
9153,23,M,Secundaria,Occidente,2567.48,4956.84,580,7,5102.39,Risque moyen,0.22456826446061162,0.009761353339582496,Revenu moyen
9154,34,F,Tecnico,Occidente,1495.44,2119.13,548,7,1660.45,Risque moyen,-1.3656982396716304,-0.3203253703078234,Revenu faible
9155,68,F,Tecnico,Norte,1534.48,2560.09,549,9,7025.46,Risque moyen,-0.8243927127801146,0.5449160990325381,Revenu moyen
9156,67,F,Tecnico,Occidente,1764.53,2194.27,602,3,3973.9,Risque moyen,-0.43232847047472045,-1.6926068804007859,Revenu moyen
9157,55,M,Primaria,Occidente,642.37,0.0,437,14,3852.16,Risque élevé,-3.03632787081049,2.0779957029390235,Revenu faible
9159,68,F,Tecnico,Oriente,2035.9,3294.58,561,3,6606.04,Risque moyen,-0.057003323837503596,-1.5250032276493204,Revenu moyen
9160,27,F,Universitario,Occidente,1090.07,1345.38,459,5,3416.65,Risque élevé,-1.9172616247685121,-1.0391991572411357,Revenu faible
9161,73,F,Tecnico,Norte,1577.65,3947.15,574,10,3142.05,Risque moyen,-0.8264604285505782,0.8879766047719281,Revenu moyen
9162,25,M,Secundaria,Inconnue,2617.62,5359.89,672,7,10768.22,Risque faible,1.4537665029021516,0.12456677708556403,Revenu moyen
9163,38,M,Tecnico,Sur,1541.6,3091.55,540,7,3820.62,Risque moyen,-0.9657361726503543,-0.20712334211214453,Revenu moyen
9165,23,F,Secundaria,Sur,1277.81,1233.83,559,7,3234.21,Risque moyen,-1.4178557599847894,-0.3617691235246357,Revenu faible
9166,38,M,Postgrado,Sur,1707.38,3514.39,579,9,3414.67,Risque moyen,-0.7441247159806779,0.5215972867529307,Revenu moyen
9167,74,F,Secundaria,Occidente,614.91,2113.91,416,8,719.36,Risque élevé,-2.670054184796428,-0.008845714305788671,Revenu faible
9168,56,F,Postgrado,Sur,8726.77,15681.4,811,7,36767.11,Risque faible,9.676854585297352,1.8303292754720648,Revenu élevé
9169,41,M,Universitario,Centro,1656.47,3920.68,531,12,5493.08,Risque moyen,-0.93584858210029,1.6815884915794452,Revenu moyen
9170,50,M,Universitario,Sur,1872.0,2679.48,596,9,6838.59,Risque moyen,-0.400867782731892,0.5586290723585724,Revenu moyen
9171,35,F,Secundaria,Sur,1406.81,1335.74,539,6,3017.9,Risque moyen,-1.4198162134958734,-0.6970213521717488,Revenu faible
9174,74,M,Tecnico,Centro,3403.76,6129.67,702,4,10436.25,Risque faible,2.2748800381529577,-0.8495889326417455,Revenu élevé
9175,69,F,Universitario,Centro,2904.94,5000.42,651,5,8754.59,Risque faible,1.2922445063362278,-0.6200871330173195,Revenu moyen
9176,49,F,Universitario,Centro,4229.23,8037.88,712,9,15606.2,Risque faible,3.30076245695256,1.2399149684285715,Revenu élevé
9177,29,F,Secundaria,Sur,598.98,992.71,470,6,3828.26,Risque élevé,-2.1524615008819614,-0.7445309257364134,Revenu faible
9183,74,M,Primaria,Centro,689.76,111.42,446,10,500.0,Risque élevé,-3.034099149158705,0.578875527480286,Revenu faible
9185,59,F,Primaria,Centro,1469.47,2118.19,558,8,4834.26,Risque moyen,-1.0546217387015742,0.10195282678727362,Revenu faible
9186,49,M,Secundaria,Oriente,1390.63,1758.99,534,8,4275.97,Risque moyen,-1.3621543687333906,0.07179762046954868,Revenu faible
9188,43,M,Postgrado,Norte,5239.04,9732.37,746,1,19091.35,Risque faible,5.1389362928088,-1.3626744740459447,Revenu élevé
9189,42,M,Postgrado,Centro,5130.89,9253.58,687,2,16473.91,Risque faible,4.314050626652582,-1.0757792449003718,Revenu élevé
9190,28,F,Tecnico,Occidente,1213.2,1339.28,597,9,5517.15,Risque moyen,-1.0895415061503142,0.38782198159603926,Revenu faible
9192,51,F,Secundaria,Centro,1804.74,3628.96,535,6,5159.81,Risque moyen,-0.5715179966225615,-0.47593437387785875,Revenu moyen
9194,69,M,Secundaria,Centro,2156.72,3100.58,620,4,6406.01,Risque moyen,0.21644562178725021,-1.1982431207875617,Revenu moyen
9195,57,F,Secundaria,Oriente,3261.95,6458.05,630,4,10543.3,Risque moyen,1.872620914980096,-0.8092414754260281,Revenu élevé
9196,40,F,Universitario,Norte,2214.87,5137.61,589,5,10029.85,Risque moyen,0.799405361657345,-0.6211753251256109,Revenu moyen
9197,46,M,Secundaria,Norte,1719.85,2683.03,529,2,6881.09,Risque moyen,-0.4160526047465586,-1.9275279138709231,Revenu moyen
9198,48,F,Primaria,Sur,1184.59,2058.78,508,8,4862.36,Risque moyen,-1.4774165154433498,0.09449584399384028,Revenu faible
9199,24,F,Secundaria,Centro,2040.21,4065.88,525,9,4981.95,Risque moyen,-0.645228719282218,0.6450240967878043,Revenu moyen
9201,50,M,Postgrado,Occidente,3660.87,7024.95,655,5,14177.52,Risque faible,2.616859788743107,-0.30989075890236084,Revenu élevé
9203,19,F,Tecnico,Oriente,1238.59,2208.36,577,5,2073.33,Risque moyen,-1.1159959834652051,-1.0584909921502614,Revenu faible
9205,64,M,Secundaria,Occidente,1983.71,2675.01,644,12,7819.73,Risque moyen,-0.15952603724575531,1.6422952024165665,Revenu moyen
9207,54,M,Primaria,Centro,905.16,596.53,507,5,2152.66,Risque moyen,-2.000415823800178,-1.1504121990243528,Revenu faible
9208,51,F,Secundaria,Sur,2713.57,4826.16,628,6,6045.83,Risque moyen,0.6996026029099647,-0.3417377049594359,Revenu moyen
9210,52,M,Secundaria,Norte,983.74,1513.59,527,10,2755.09,Risque moyen,-1.9062373753706976,0.702698214833418,Revenu faible
9212,67,F,Secundaria,Occidente,830.3,2313.98,475,14,915.99,Risque élevé,-2.5453690378887415,2.1465809971022174,Revenu faible
9213,71,F,Secundaria,Norte,3146.67,4250.62,731,3,13671.08,Risque faible,2.3345825009107997,-1.280526795604827,Revenu élevé
9214,35,F,Secundaria,Oriente,1556.06,2214.68,550,4,5686.86,Risque moyen,-0.7076414784162081,-1.2916004977827367,Revenu moyen
9216,41,F,Universitario,Sur,5520.46,10019.45,755,6,21242.55,Risque faible,5.278527319272845,0.5132078841320151,Revenu élevé
9217,25,M,Universitario,Centro,3413.97,6988.1,701,7,8915.29,Risque faible,2.111569444568587,0.23992440100705337,Revenu élevé
9220,70,M,Postgrado,Centro,1152.7,1753.61,504,12,2405.39,Risque moyen,-2.081066948076165,1.4503013956716788,Revenu faible
9221,27,M,Primaria,Oriente,879.81,2107.2,545,7,1624.5,Risque moyen,-1.646499198156437,-0.3791577721701935,Revenu faible
9222,40,M,Secundaria,Centro,4624.09,8479.62,688,6,17067.13,Risque faible,3.7553610420925123,0.27427971727956035,Revenu élevé
9223,69,F,Secundaria,Centro,1675.93,4005.91,595,6,4939.29,Risque moyen,-0.2150027992004859,-0.4983501512917393,Revenu moyen
9224,66,F,Universitario,Centro,1885.45,3532.81,621,4,7396.74,Risque moyen,0.302390896671228,-1.1770975622147986,Revenu moyen
9225,28,M,Primaria,Centro,1259.88,1091.49,588,6,4539.86,Risque moyen,-1.0883623981350252,-0.7128382780705721,Revenu faible
9227,75,F,Tecnico,Norte,3901.82,6126.61,697,6,15411.55,Risque faible,2.8383687948100396,0.027554752079558282,Revenu élevé
9228,43,M,Tecnico,Oriente,1476.32,2203.96,547,9,3497.44,Risque moyen,-1.2980144161983613,0.4398799992066569,Revenu faible
9229,53,F,Universitario,Sur,1205.91,3379.41,630,6,2729.47,Risque moyen,-0.5647944203550509,-0.6451736323181799,Revenu faible
9230,50,M,Secundaria,Oriente,1646.07,3883.25,542,6,5205.13,Risque moyen,-0.5380176566947892,-0.4784425639635488,Revenu moyen
9232,30,M,Postgrado,Oriente,4408.25,8566.13,766,6,18053.92,Risque faible,4.243843850674488,0.245919494266356,Revenu élevé
9235,21,M,Tecnico,Inconnue,662.77,363.43,379,5,500.0,Risque élevé,-3.0737430678230684,-1.1667722072300024,Revenu faible
9237,36,F,Secundaria,Centro,1832.7,3375.51,541,11,3218.39,Risque moyen,-1.0899642900939384,1.2532948309551284,Revenu moyen
9238,35,F,Secundaria,Occidente,1909.64,3694.65,662,7,5463.97,Risque faible,0.2021708659008276,-0.15484727338506263,Revenu moyen
9239,54,M,Universitario,Oriente,2021.34,4535.45,591,8,4946.89,Risque moyen,-0.10637655261795549,0.28237974900046797,Revenu moyen
9241,36,F,Universitario,Centro,1656.3,2287.94,549,8,852.53,Risque moyen,-1.4023257433336347,0.04364918583494304,Revenu moyen
9242,75,F,Universitario,Centro,4213.65,7448.82,642,3,14517.02,Risque moyen,3.020708510047363,-0.9342414819060688,Revenu élevé
9243,40,F,Secundaria,Centro,1767.19,3748.65,543,12,7312.59,Risque moyen,-0.6687273081875122,1.7178957253201999,Revenu moyen
9244,71,F,Universitario,Norte,1166.29,1620.41,603,7,3850.83,Risque moyen,-1.0603019779411595,-0.35585429924745493,Revenu faible
9246,18,F,Universitario,Norte,2951.64,5588.9,561,11,9370.86,Risque moyen,0.5951935966927703,1.6183287657355758,Revenu moyen
9247,29,F,Universitario,Centro,2236.4,4171.08,627,8,7427.67,Risque moyen,0.37262382133078514,0.32162663356333737,Revenu moyen
9248,41,F,Tecnico,Centro,949.39,1195.03,487,16,1682.38,Risque élevé,-2.708469368262776,2.820123192781841,Revenu faible
9249,51,M,Tecnico,Centro,1472.98,3722.82,548,12,6112.51,Risque moyen,-0.8907461704543503,1.6589787245142786,Revenu faible
9251,74,M,Primaria,Sur,1296.02,616.63,493,6,4463.0,Risque élevé,-1.7407605201065242,-0.6958996845622516,Revenu faible
9252,25,F,Secundaria,Centro,1646.32,3294.14,531,12,5388.88,Risque moyen,-1.083537513745598,1.6419439870886847,Revenu moyen
9253,35,F,Universitario,Oriente,1763.25,3696.8,658,9,4376.72,Risque faible,-0.1185796944847669,0.5236851606691079,Revenu moyen
9254,74,F,Secundaria,Occidente,2134.13,4401.7,644,8,8367.1,Risque moyen,0.5752590487240725,0.33883139453820277,Revenu moyen
9255,65,F,Secundaria,Norte,3273.93,5552.08,690,3,12502.0,Risque faible,2.302223368026129,-1.200920547699864,Revenu élevé
9256,22,M,Universitario,Centro,9372.04,16121.43,748,3,33314.97,Risque faible,9.564330513524116,0.4373934065082921,Revenu élevé
9257,43,M,Secundaria,Sur,988.94,1810.42,499,6,4826.83,Risque élevé,-1.5433195420069301,-0.650439191014036,Revenu faible
9258,47,F,Universitario,Centro,2508.54,4671.29,689,6,7281.19,Risque faible,1.0669375319379515,-0.3697904141978186,Revenu moyen
9260,30,M,Secundaria,Norte,1182.32,2398.57,526,5,2529.86,Risque moyen,-1.3523983754157767,-1.0195528416895132,Revenu faible
9261,36,F,Secundaria,Centro,2637.11,5630.03,647,8,8485.63,Risque moyen,1.0752651277638452,0.45931029442413956,Revenu moyen
9263,20,F,Primaria,Occidente,952.09,1727.15,479,7,4313.4,Risque élevé,-1.8092098059339072,-0.3038140220674441,Revenu faible
9265,57,F,Tecnico,Sur,917.98,2475.67,379,10,3268.46,Risque élevé,-2.547956392776103,0.8304234478299585,Revenu faible
9266,75,M,Universitario,Centro,3030.08,5918.17,595,4,9714.49,Risque moyen,1.370447550009264,-0.8656207241670909,Revenu élevé
9268,29,F,Universitario,Norte,1776.75,3015.68,622,8,5315.61,Risque moyen,-0.3102318130131046,0.16534411171397098,Revenu moyen
9269,19,F,Universitario,Occidente,3070.0,4714.83,654,4,9363.69,Risque faible,1.443277826209772,-0.9660612686779319,Revenu élevé
9270,28,F,Tecnico,Norte,1205.39,620.72,535,8,4118.74,Risque moyen,-1.690906254923916,-0.01585027135158373,Revenu faible
9271,61,M,Secundaria,Norte,1911.81,2660.35,630,2,5789.91,Risque moyen,0.14153305132495467,-1.9806715748447539,Revenu moyen
9272,45,M,Secundaria,Norte,1512.66,1011.58,626,3,5669.34,Risque moyen,-0.47280940124612303,-1.7576553648562228,Revenu moyen
9274,30,M,Tecnico,Norte,1575.23,2875.64,523,8,5561.26,Risque moyen,-0.9813044801719739,0.18813082988191537,Revenu moyen
9275,54,M,Primaria,Sur,670.18,534.99,451,10,1021.47,Risque élevé,-2.869576476130361,0.6111012132568013,Revenu faible
9276,39,F,Tecnico,Centro,954.52,2300.06,546,6,2203.93,Risque moyen,-1.4466075907700973,-0.7057773644513177,Revenu faible
9277,29,M,Secundaria,Inconnue,1034.28,717.45,525,9,2907.38,Risque moyen,-1.9874863819171147,0.3081358880018465,Revenu faible
9279,54,M,Tecnico,Oriente,2084.06,3386.1,611,6,4318.76,Risque moyen,-0.14555159996469852,-0.5166090992128752,Revenu moyen
9280,24,F,Universitario,Centro,2282.98,4455.13,657,11,6883.41,Risque faible,0.38543843776953446,1.389432743769545,Revenu moyen
9281,43,M,Tecnico,Sur,1468.84,1808.7,588,6,5597.63,Risque moyen,-0.7406129789452371,-0.6274335031848326,Revenu faible
9282,43,F,Secundaria,Norte,611.37,1198.25,469,7,1394.21,Risque élevé,-2.4219457340047,-0.42843520501137833,Revenu faible
9283,41,M,Primaria,Oriente,876.38,1491.54,439,8,1180.04,Risque élevé,-2.510189207205032,-0.019942982159629724,Revenu faible
9284,29,F,Tecnico,Sur,1041.64,1639.9,458,8,962.82,Risque élevé,-2.320283380845479,-0.009052584015002429,Revenu faible
9285,33,M,Tecnico,Sur,3880.48,6614.37,678,9,11955.54,Risque faible,2.278822733431245,1.0569344994091314,Revenu élevé
9286,40,M,Tecnico,Sur,1854.41,3659.13,653,8,4634.58,Risque faible,-0.028979730165366167,0.18070108551911815,Revenu moyen
9287,57,F,Secundaria,Sur,3126.2,4915.61,677,4,9696.14,Risque faible,1.6787296432760157,-0.9519026736627038,Revenu élevé
9289,49,F,Universitario,Centro,5635.81,10091.04,693,5,21471.23,Risque faible,5.062994615939394,0.20385978441603705,Revenu élevé
9290,32,F,Primaria,Centro,1356.68,3291.71,565,7,1796.2,Risque moyen,-1.061190731332426,-0.27015776757148097,Revenu faible
9291,54,M,Universitario,Oriente,2882.56,3841.42,689,8,12306.07,Risque faible,1.437974324474002,0.446468878241148,Revenu moyen
9292,30,M,Primaria,Centro,2815.85,5134.17,619,8,8697.23,Risque moyen,0.901762594549595,0.46498675271565876,Revenu moyen
9293,22,M,Secundaria,Norte,1046.9,1882.65,488,5,3376.69,Risque élevé,-1.6549037000525741,-1.0261235624958422,Revenu faible
9296,69,F,Secundaria,Centro,5876.58,10021.91,665,7,20433.65,Risque faible,4.752604337195759,0.9270871781844717,Revenu élevé
9297,30,M,Universitario,Oriente,1978.62,2268.31,615,4,3672.95,Risque moyen,-0.34417813944387454,-1.322994433000283,Revenu moyen
9298,58,F,Secundaria,Centro,1779.23,3272.35,526,10,2695.44,Risque moyen,-1.2135846071181424,0.8795804560717984,Revenu moyen
9299,70,M,Secundaria,Sur,2378.68,3740.0,658,8,9198.39,Risque faible,0.704813340861097,0.3362695574007939,Revenu moyen
9300,63,M,Secundaria,Occidente,3209.99,5089.97,568,4,12372.37,Risque moyen,1.3839870030830475,-0.824253590317977,Revenu élevé
9301,67,F,Tecnico,Oriente,2830.1,5167.9,671,6,6097.33,Risque faible,1.078942642960313,-0.3290097138818716,Revenu moyen
9304,73,F,Secundaria,Norte,1675.17,3442.47,564,6,5496.46,Risque moyen,-0.45992071652214567,-0.5045388312762845,Revenu moyen
9306,57,F,Primaria,Oriente,979.56,2534.92,453,12,500.0,Risque élevé,-2.48342693438386,1.4589785599855742,Revenu faible
9307,45,F,Secundaria,Oriente,1282.11,2282.72,528,5,3323.59,Risque moyen,-1.2420614496561055,-0.9997162046791654,Revenu faible
9308,49,F,Secundaria,Norte,1733.81,3936.3,633,5,4215.68,Risque moyen,0.006209980194104183,-0.8878974820745679,Revenu moyen
9309,52,M,Secundaria,Norte,1941.22,3240.31,618,3,5832.79,Risque moyen,0.1479999451788506,-1.5803081562309484,Revenu moyen
9310,32,M,Secundaria,Oriente,3483.33,7745.1,613,7,8925.54,Risque moyen,1.7841831896260223,0.33026094412543866,Revenu élevé
9312,53,F,Secundaria,Sur,1499.53,2692.38,537,5,565.99,Risque moyen,-1.2946071331086322,-1.0216277868723074,Revenu faible
9313,38,M,Secundaria,Oriente,3517.14,6203.2,684,6,11452.78,Risque faible,2.2112280099806343,-0.08830336875584831,Revenu élevé
9314,23,M,Universitario,Norte,1243.0,305.45,457,7,1700.33,Risque élevé,-2.386699014008519,-0.40766824185842093,Revenu faible
9315,18,F,Tecnico,Norte,1249.65,2084.59,560,9,4626.52,Risque moyen,-1.2255264060997437,0.43102529469485595,Revenu faible
9316,21,M,Postgrado,Occidente,3904.62,7246.7,781,4,16635.79,Risque faible,3.821759752302141,-0.6325172343014528,Revenu élevé
9317,28,F,Secundaria,Norte,2158.9,3873.05,602,8,5250.77,Risque moyen,-0.09340838781603926,0.25900837629185613,Revenu moyen
9319,43,M,Universitario,Centro,4827.71,9078.43,743,5,18022.46,Risque faible,4.451385035313417,-0.032327919977838314,Revenu élevé
9320,54,F,Universitario,Centro,3188.43,5499.91,612,8,11340.88,Risque moyen,1.36491452044018,0.584609415573299,Revenu élevé
9321,40,M,Postgrado,Centro,1756.06,3331.92,620,8,5561.5,Risque moyen,-0.2383879967136209,0.1881633920032623,Revenu moyen
9322,46,F,Primaria,Oriente,2034.06,3152.46,556,4,4176.07,Risque moyen,-0.42920909158921244,-1.2285257137489458,Revenu moyen
9323,38,M,Primaria,Occidente,1888.5,2427.24,688,3,6470.08,Risque faible,0.4310036694385896,-1.64957031420533,Revenu moyen
9324,65,M,Tecnico,Norte,1881.22,4717.34,512,7,4231.99,Risque moyen,-0.6020345881521003,-0.05860095631352558,Revenu moyen
9325,62,F,Secundaria,Oriente,1269.24,1327.57,506,5,500.0,Risque moyen,-1.8690830425916893,-1.110236865777953,Revenu faible
9326,62,M,Universitario,Norte,1475.69,2440.18,570,6,2434.06,Risque moyen,-1.0345735034139316,-0.653579883710275,Revenu faible
9327,66,M,Primaria,Norte,1046.04,2481.75,538,8,4717.33,Risque moyen,-1.2839847748188988,0.08902904386831732,Revenu faible
9328,44,M,Universitario,Sur,3833.23,6692.19,655,7,12692.04,Risque faible,2.340835375617571,0.36880581664220397,Revenu élevé
9329,56,M,Primaria,Occidente,569.66,1480.21,487,14,3395.46,Risque élevé,-2.505710783429559,2.12404760028407,Revenu faible
9331,30,M,Postgrado,Norte,3673.91,6670.94,622,9,9996.61,Risque moyen,1.6740304956431737,1.0214510277426971,Revenu élevé
9332,40,F,Primaria,Centro,1646.26,3332.04,510,5,6400.2,Risque moyen,-0.6578676315604762,-0.8265308443725758,Revenu moyen
9333,33,F,Secundaria,Occidente,1993.33,4032.12,595,6,6444.03,Risque moyen,0.07746523055445735,-0.4325647666715162,Revenu moyen
9335,21,F,Universitario,Oriente,2197.62,2842.86,548,11,4999.86,Risque moyen,-0.8264893718029425,1.2943158492460456,Revenu moyen
9336,57,M,Tecnico,Norte,1507.72,4325.94,562,7,3611.06,Risque moyen,-0.6103837629976713,-0.15343180007854315,Revenu moyen
9337,33,F,Universitario,Sur,2661.65,5139.8,579,6,8706.72,Risque moyen,0.7291954786154382,-0.24630237264088695,Revenu moyen
9338,48,M,Tecnico,Centro,2365.18,3564.17,625,6,9127.09,Risque moyen,0.5854125299954432,-0.377105294429418,Revenu moyen
9341,42,M,Secundaria,Norte,1501.0,2001.26,534,10,4100.16,Risque moyen,-1.407780737174706,0.8075249878994546,Revenu moyen
9342,61,F,Secundaria,Centro,767.28,1005.47,532,4,1766.75,Risque moyen,-1.8013320820512382,-1.517391137274195,Revenu faible
9343,29,M,Tecnico,Centro,3141.57,6437.55,627,7,11911.77,Risque moyen,1.753379319076006,0.2830842775251874,Revenu élevé
9344,43,M,Secundaria,Norte,2396.85,4002.91,593,5,5017.8,Risque moyen,0.14401495018923077,-0.7847033841290962,Revenu moyen
9345,54,F,Primaria,Norte,546.74,900.99,525,7,500.0,Risque moyen,-2.274187793210224,-0.49724660210062693,Revenu faible
9346,65,F,Secundaria,Norte,4049.44,6305.12,729,11,12813.73,Risque faible,2.5469988934172707,1.7666909123436818,Revenu élevé
9348,45,M,Primaria,Occidente,1544.73,2560.67,580,6,5502.77,Risque moyen,-0.6064135351836084,-0.5751503229250937,Revenu moyen
9350,29,F,Primaria,Sur,1237.28,1972.15,493,10,1575.14,Risque élevé,-2.0244242716994103,0.7420798225341455,Revenu faible
9351,22,M,Universitario,Oriente,2949.78,4590.57,623,6,9294.58,Risque moyen,1.0523011393337007,-0.25719588435343266,Revenu moyen
9352,71,M,Secundaria,Sur,3601.81,7633.75,655,5,13906.62,Risque faible,2.6934044568099202,-0.28635014663266894,Revenu élevé
9353,69,F,Universitario,Sur,1545.29,2996.74,531,7,4614.77,Risque moyen,-0.9557283109226541,-0.19026607371019463,Revenu moyen
9358,22,M,Secundaria,Oriente,1393.18,1858.28,514,7,5634.45,Risque moyen,-1.2558050392634599,-0.24006250688180503,Revenu faible
9359,51,M,Primaria,Sur,481.19,1116.09,444,9,500.0,Risque élevé,-2.85754433161219,0.26057030564206807,Revenu faible
9361,51,M,Tecnico,Sur,1478.55,1854.13,581,2,3467.45,Risque moyen,-0.7368098982644438,-2.0991474409371276,Revenu faible
9362,30,M,Secundaria,Centro,1782.84,5485.22,570,4,4631.7,Risque moyen,0.08937533993682849,-1.1132384517376817,Revenu moyen
9363,56,M,Secundaria,Centro,761.17,1523.51,468,7,500.0,Risque élevé,-2.3881745659345532,-0.41506373500813554,Revenu faible
9364,59,F,Secundaria,Centro,3269.7,4269.09,647,8,9185.75,Risque moyen,1.1227661525584218,0.45653451021541447,Revenu élevé
9366,65,M,Tecnico,Sur,2018.31,5554.93,566,9,4832.78,Risque moyen,-0.11292326836396993,0.707433727833435,Revenu moyen
9367,75,M,Primaria,Norte,705.73,1852.32,469,7,757.21,Risque élevé,-2.3093563934622465,-0.39592236106374823,Revenu faible
9368,31,M,Secundaria,Centro,775.01,567.79,459,7,500.0,Risque élevé,-2.6378615326817316,-0.465098576877199,Revenu faible
9369,28,M,Secundaria,Centro,1524.87,2387.16,507,5,1142.73,Risque moyen,-1.4660253999568507,-1.0103669911447313,Revenu moyen
9371,55,M,Secundaria,Oriente,2734.83,4170.73,624,8,9230.47,Risque moyen,0.7479578348691946,0.41121472656411545,Revenu moyen
9373,70,F,Tecnico,Occidente,2329.44,3470.43,629,5,4422.74,Risque moyen,0.15379829756587324,-0.8516518661709175,Revenu moyen
9374,50,M,Secundaria,Inconnue,1485.22,3145.08,580,9,4743.12,Risque moyen,-0.7728579238147553,0.5085907426880518,Revenu faible
9375,24,F,Universitario,Occidente,1817.33,3918.35,509,12,4437.01,Risque moyen,-1.1070508089202353,1.6828166088424568,Revenu moyen
9377,58,F,Tecnico,Centro,1107.8,2803.92,563,4,500.0,Risque moyen,-1.225762120884498,-1.4232618120610456,Revenu faible
9378,25,M,Postgrado,Centro,2693.64,5984.05,590,11,6191.98,Risque moyen,0.41559625966834485,1.53173690132975,Revenu moyen
9379,54,F,Tecnico,Centro,1901.49,4723.11,592,4,6366.57,Risque moyen,0.28492585067551973,-1.1167976785538747,Revenu moyen
9380,68,M,Secundaria,Occidente,1749.4,2030.94,555,6,5574.9,Risque moyen,-0.7729345512270442,-0.5734687535978357,Revenu moyen
9382,60,M,Universitario,Oriente,2276.29,3365.83,599,6,5440.69,Risque moyen,-0.02507088793852859,-0.46870055881095685,Revenu moyen
9384,32,M,Tecnico,Centro,2980.12,4857.62,608,4,9738.81,Risque moyen,1.2038642227585676,-0.937166374666855,Revenu moyen
9385,55,M,Secundaria,Sur,771.93,1083.79,452,8,2958.99,Risque élevé,-2.381094426896221,-0.01917664110891146,Revenu faible
9387,22,F,Secundaria,Norte,2514.02,4966.78,612,11,9947.99,Risque moyen,0.6400511928572432,1.5306418851990053,Revenu moyen
9388,46,F,Secundaria,Oriente,2592.8,4269.95,584,4,9064.85,Risque moyen,0.7073053292804369,-1.012583658695382,Revenu moyen
9389,36,M,Universitario,Sur,3400.61,6752.32,688,4,11696.4,Risque faible,2.452467093356012,-0.7790071124894042,Revenu élevé
9392,27,M,Primaria,Norte,621.17,1653.15,423,5,500.0,Risque élevé,-2.5589326042109675,-1.1157742910018293,Revenu faible
9393,29,M,Secundaria,Centro,1486.5,713.1,588,2,3683.56,Risque moyen,-0.9118956189320917,-2.1628031703527557,Revenu faible
9397,35,F,Primaria,Oriente,1091.91,2579.88,494,10,2655.75,Risque élevé,-1.8395228914380708,0.7874311998530804,Revenu faible
9399,57,M,Universitario,Occidente,9481.13,16318.07,762,6,33963.47,Risque faible,9.612995622556147,1.5402530720958794,Revenu élevé
9400,53,F,Secundaria,Sur,1318.04,637.47,569,10,4051.27,Risque moyen,-1.5721925626034483,0.6941659876505608,Revenu faible
9401,42,F,Universitario,Oriente,3411.87,6437.36,638,5,11047.76,Risque moyen,1.967166373538409,-0.43078105942728373,Revenu élevé
9402,40,F,Universitario,Sur,3269.03,4941.68,649,4,9290.15,Risque moyen,1.5374417602979538,-0.9333516639064107,Revenu élevé
9403,29,F,Tecnico,Centro,1454.75,2861.82,555,7,3136.18,Risque moyen,-1.0326530440594945,-0.2509419134441005,Revenu faible
9407,20,M,Tecnico,Centro,1750.85,1727.71,606,4,7657.05,Risque moyen,-0.19780735665114513,-1.2819364257844894,Revenu moyen
9408,26,F,Universitario,Centro,1347.95,3124.88,539,12,5640.05,Risque moyen,-1.1710739707818236,1.605769272263405,Revenu faible
9409,70,F,Tecnico,Centro,3363.7,6292.76,592,5,12033.8,Risque moyen,1.7469708246745148,-0.40076192652481535,Revenu élevé
9417,31,M,Universitario,Centro,2184.79,4144.81,549,9,6086.39,Risque moyen,-0.3135886039183311,0.6775426512271696,Revenu moyen
9418,21,M,Universitario,Norte,6034.7,10634.45,725,6,21471.52,Risque faible,5.470439982192775,0.6165538990545398,Revenu élevé
9420,58,M,Secundaria,Norte,1489.67,2694.89,589,6,4256.76,Risque moyen,-0.6758894139524501,-0.6048330577655661,Revenu faible
9421,62,F,Primaria,Centro,1549.7,2983.96,596,8,6939.6,Risque moyen,-0.3980055200014393,0.19027538821325476,Revenu moyen
9422,67,M,Tecnico,Centro,2500.45,4404.78,639,8,8467.55,Risque moyen,0.7096848704130053,0.3784466582115827,Revenu moyen
9423,32,M,Secundaria,Sur,1313.61,1588.13,543,8,2393.12,Risque moyen,-1.570804701597978,0.007940589615626702,Revenu faible
9425,59,F,Universitario,Occidente,2173.18,4617.16,601,10,6917.36,Risque moyen,0.11041967188424832,1.0567652629697888,Revenu moyen
9426,33,M,Secundaria,Centro,1790.75,2437.23,586,5,4180.05,Risque moyen,-0.567866493311947,-0.9490247646348586,Revenu moyen
9427,29,F,Universitario,Norte,2078.07,2743.4,572,7,6340.56,Risque moyen,-0.3686757441766957,-0.1336155199471838,Revenu moyen
9428,69,M,Universitario,Norte,7559.69,13624.41,703,7,24257.28,Risque faible,6.834431299671143,1.3656811982951174,Revenu élevé
9429,22,F,Universitario,Occidente,2027.9,4032.88,554,7,6086.81,Risque moyen,-0.24834203657682977,-0.06127771612059592,Revenu moyen
9431,59,M,Universitario,Centro,2529.06,3850.79,646,6,4503.31,Risque moyen,0.3635112447333847,-0.45883720631651054,Revenu moyen
9432,18,M,Secundaria,Norte,1300.33,1752.53,562,6,1446.76,Risque moyen,-1.40187494487812,-0.7288747113720573,Revenu faible
9435,43,F,Primaria,Centro,3491.69,5816.54,623,7,11853.35,Risque moyen,1.738382927170922,0.28093455235518633,Revenu élevé
9437,65,F,Primaria,Centro,1555.31,2318.99,610,6,4889.95,Risque moyen,-0.5395901690046929,-0.6155078154743633,Revenu moyen
9438,44,F,Universitario,Norte,2652.01,4869.12,666,8,6230.04,Risque faible,0.8005324112734521,0.3570818059999665,Revenu moyen
9439,41,F,Tecnico,Oriente,1781.58,2157.3,586,7,6562.71,Risque moyen,-0.5114269035680777,-0.1971326463838779,Revenu moyen
9441,63,F,Secundaria,Sur,3752.61,7162.67,707,5,12507.9,Risque faible,2.818921429209405,-0.3543081281684111,Revenu élevé
9442,59,F,Secundaria,Centro,1092.2,2125.66,512,4,500.0,Risque moyen,-1.6760700494758876,-1.4411134859896513,Revenu faible
9445,43,M,Universitario,Centro,2354.63,4525.88,599,6,7529.79,Risque moyen,0.46785511960889065,-0.34676132773868523,Revenu moyen
9448,40,F,Secundaria,Sur,1194.5,3970.9,474,5,2640.58,Risque élevé,-1.3087541046251576,-0.9013328351676804,Revenu faible
9449,39,M,Secundaria,Norte,901.43,919.23,418,10,2205.65,Risque élevé,-2.764272439218762,0.6970384160278988,Revenu faible
9450,21,F,Secundaria,Norte,1626.41,3429.54,585,11,5371.13,Risque moyen,-0.6847572180574795,1.2656205495724593,Revenu moyen
9451,66,F,Tecnico,Centro,1931.57,3353.0,595,4,3573.04,Risque moyen,-0.2619128238034016,-1.2578537156639042,Revenu moyen
9452,26,M,Tecnico,Occidente,1422.63,2917.46,512,6,5585.19,Risque moyen,-0.9734192621696486,-0.5336343828128629,Revenu faible
9454,24,F,Universitario,Sur,1995.02,3442.73,625,8,6318.04,Risque moyen,-0.008107292656022877,0.23221391841587605,Revenu moyen
9455,40,F,Secundaria,Sur,3611.48,6131.62,732,5,11032.01,Risque faible,2.537163081393466,-0.47214538147243834,Revenu élevé
9457,66,M,Tecnico,Sur,1646.92,1754.46,534,6,7312.57,Risque moyen,-0.8194936264757519,-0.5505342484218568,Revenu moyen
9459,57,M,Tecnico,Oriente,2450.6,4476.46,653,2,8687.89,Risque faible,1.183994131922247,-1.768880175819798,Revenu moyen
9460,72,F,Primaria,Centro,2062.08,3232.76,579,7,5624.35,Risque moyen,-0.3039837360449443,-0.1261103752546117,Revenu moyen
9462,64,F,Secundaria,Centro,795.75,1867.16,488,8,963.0,Risque élevé,-2.198214144979529,-0.032813809226432365,Revenu faible
9463,48,M,Primaria,Sur,1042.28,1016.94,490,7,3585.96,Risque élevé,-1.9319978445182964,-0.3577840127508215,Revenu faible
9466,65,M,Secundaria,Norte,2685.3,5078.49,692,8,9466.83,Risque faible,1.3439999354532508,0.43385403921964827,Revenu moyen
9467,68,F,Secundaria,Centro,995.6,1691.85,541,4,3300.01,Risque moyen,-1.3502750720564884,-1.4252313133161834,Revenu faible
9469,51,F,Universitario,Occidente,2964.14,6273.36,642,10,9032.64,Risque moyen,1.2498133119813783,1.2575278511899897,Revenu moyen
9470,72,M,Universitario,Sur,3191.28,4678.43,676,6,9649.26,Risque faible,1.5199605136130399,-0.24492230617559496,Revenu élevé
9472,66,F,Tecnico,Centro,806.36,1615.82,522,10,2607.55,Risque moyen,-2.003168236500325,0.6906333164437025,Revenu faible
9473,43,M,Secundaria,Occidente,1974.42,4924.62,539,9,4856.93,Risque moyen,-0.4211845692996395,0.6794087656983516,Revenu moyen
9474,33,F,Universitario,Occidente,2348.25,4200.66,637,6,6432.6,Risque moyen,0.507254106615157,-0.40812784259451534,Revenu moyen
9475,74,F,Secundaria,Centro,1169.9,4098.68,561,7,1065.26,Risque moyen,-1.0667141980880368,-0.25590075233114135,Revenu faible
9479,44,M,Tecnico,Occidente,1459.41,3254.5,535,12,5190.8,Risque moyen,-1.1667386129933615,1.6155529299730844,Revenu faible
9480,21,M,Tecnico,Centro,2806.9,4359.69,564,8,8919.1,Risque moyen,0.43307923475410587,0.4490064191277207,Revenu moyen
9481,33,M,Primaria,Centro,1163.34,936.18,526,6,3646.92,Risque moyen,-1.6180182549348396,-0.7233211510372184,Revenu faible
9482,47,F,Universitario,Oriente,1352.84,1763.9,524,10,3370.53,Risque moyen,-1.6536386280794155,0.7676514650351431,Revenu faible
9483,61,F,Tecnico,Centro,4120.68,7223.42,785,7,18255.72,Risque faible,3.9093390613490087,0.4942482546726888,Revenu élevé
9485,53,F,Universitario,Norte,2487.49,4562.14,648,6,10826.73,Risque moyen,1.1577019817921181,-0.27952689151451304,Revenu moyen
9486,20,F,Primaria,Sur,1412.37,3120.69,584,12,4803.74,Risque moyen,-0.966139120553919,1.5725079548313632,Revenu faible
9487,39,M,Universitario,Norte,1638.73,2861.88,534,6,5632.45,Risque moyen,-0.760710011185035,-0.5250929977463494,Revenu moyen
9488,66,M,Secundaria,Oriente,2817.8,3478.7,662,7,8439.21,Risque faible,0.8408135179334625,-0.013553204548966606,Revenu moyen
9490,67,M,Universitario,Sur,2807.79,5983.5,612,10,9644.38,Risque moyen,1.0094143416192565,1.2531525348762427,Revenu moyen
9492,67,M,Primaria,Norte,2034.91,3436.84,665,3,6181.74,Risque faible,0.5411056068753737,-1.573252113301859,Revenu moyen
9493,72,M,Primaria,Sur,1642.17,3158.73,648,4,5750.05,Risque moyen,0.11144274472110564,-1.2713463483896128,Revenu moyen
9494,66,F,Secundaria,Norte,1451.15,3541.94,542,6,1538.94,Risque moyen,-1.067989602140461,-0.5996781348912057,Revenu faible
9495,29,M,Universitario,Oriente,1164.34,1205.2,539,11,3095.91,Risque moyen,-1.8531089753197019,1.0619050317431058,Revenu faible
9496,72,F,Secundaria,Norte,1884.38,2897.1,582,4,4433.09,Risque moyen,-0.3664226653480752,-1.263489117434479,Revenu moyen
9497,38,M,Secundaria,Sur,1589.71,2355.05,532,10,4735.58,Risque moyen,-1.2423408233678885,0.8517534511199857,Revenu moyen
9498,73,F,Universitario,Sur,1272.38,1392.34,632,9,1624.48,Risque moyen,-1.2472109137431446,0.29279525983274224,Revenu faible
9500,48,F,Universitario,Occidente,3268.41,5983.67,644,8,9486.84,Risque moyen,1.4987827988290512,0.563965192232089,Revenu élevé
9501,61,F,Secundaria,Centro,1603.21,1982.49,611,7,4410.86,Risque moyen,-0.6966798573689726,-0.28416091741021093,Revenu moyen
9502,48,M,Primaria,Occidente,971.36,646.5,417,4,1907.96,Risque élevé,-2.454380727730306,-1.4637957382482245,Revenu faible
9504,40,M,Postgrado,Centro,7479.07,14377.45,719,2,26924.59,Risque faible,7.640711151610321,-0.33309935229450993,Revenu élevé
9507,37,M,Tecnico,Sur,2162.24,3540.29,600,8,7735.0,Risque moyen,0.0806936772846045,0.29708966693078,Revenu moyen
9508,32,F,Tecnico,Centro,1342.02,1387.62,518,13,3433.02,Risque moyen,-1.9542412220282452,1.8216246014416464,Revenu faible
9509,40,M,Secundaria,Oriente,1359.13,4502.82,506,7,3030.23,Risque moyen,-1.0240357674050142,-0.14526379605181453,Revenu faible
9513,38,M,Tecnico,Centro,783.92,2268.5,481,10,2579.43,Risque élevé,-2.118364694423502,0.7441501835834506,Revenu faible
9514,32,F,Primaria,Centro,1069.38,902.29,545,11,3721.75,Risque moyen,-1.857383251066001,1.046739538885414,Revenu faible
9515,34,F,Postgrado,Norte,4953.69,10966.51,623,13,12836.79,Risque moyen,3.165778949133007,2.8864776723169387,Revenu élevé
9516,67,M,Primaria,Centro,2149.5,4179.94,674,5,8882.64,Risque faible,0.9515859999253011,-0.7471142929683787,Revenu moyen
9517,54,F,Universitario,Centro,2042.51,2600.74,604,9,7683.43,Risque moyen,-0.21260322287961658,0.5858123613433676,Revenu moyen
9519,36,M,Universitario,Oriente,4082.44,7290.72,637,14,10708.83,Risque moyen,1.824771206758604,2.8935087899791685,Revenu élevé
9520,47,F,Primaria,Occidente,1627.18,3809.04,540,7,3243.74,Risque moyen,-0.8372022734342937,-0.1704118296976721,Revenu moyen
9521,62,M,Postgrado,Occidente,8694.2,15280.04,812,9,34042.05,Risque faible,9.179419438164635,2.457046630030759,Revenu élevé
9522,35,M,Primaria,Sur,2216.56,5024.3,598,6,7786.76,Risque moyen,0.5363340859949015,-0.32476839544057073,Revenu moyen
9524,53,F,Secundaria,Oriente,1466.41,3249.71,507,4,5819.76,Risque moyen,-0.7651122132434208,-1.2177842585556793,Revenu faible
9525,53,M,Secundaria,Norte,3291.65,5702.38,688,8,12744.52,Risque faible,2.0421449965079,0.6037053487343422,Revenu élevé
9527,69,M,Universitario,Norte,2453.37,3758.27,628,7,8405.68,Risque moyen,0.5444624881238983,-0.017535873266628758,Revenu moyen
9528,36,M,Secundaria,Norte,3492.06,5822.74,634,3,9616.9,Risque moyen,1.8249786903965024,-1.2044478455329126,Revenu élevé
9529,62,F,Universitario,Oriente,6226.11,10101.21,776,7,25076.95,Risque faible,6.044993660601307,1.0199952099799536,Revenu élevé
9530,61,M,Secundaria,Occidente,1777.82,4133.91,585,15,4017.58,Risque moyen,-0.8612041991372515,2.720563494923949,Revenu moyen
9531,24,F,Postgrado,Centro,1504.57,2315.38,567,3,1975.74,Risque moyen,-0.9261914453529705,-1.7397766111476136,Revenu moyen
9532,74,F,Tecnico,Norte,1630.52,2546.36,550,11,3847.8,Risque moyen,-1.232473335575619,1.1961329547276365,Revenu moyen
9535,21,M,Primaria,Centro,3306.73,4155.8,656,7,12289.53,Risque faible,1.5482359714931937,0.16203487712004128,Revenu élevé
9536,51,M,Secundaria,Occidente,1374.18,1449.51,550,6,5761.15,Risque moyen,-1.063033515089669,-0.6364787852315483,Revenu faible
9537,19,M,Secundaria,Norte,2607.02,5776.61,613,8,8878.26,Risque moyen,0.9340122435691838,0.4891183146431343,Revenu moyen
9538,22,M,Universitario,Occidente,2185.11,4118.05,606,8,7676.82,Risque moyen,0.24199198546057443,0.32874764899834474,Revenu moyen
9539,72,F,Universitario,Norte,2925.68,4782.23,630,10,9279.74,Risque moyen,0.8725618591398032,1.1784050638831085,Revenu moyen
9542,59,M,Secundaria,Sur,1295.35,3413.46,571,1,3525.16,Risque moyen,-0.4732880681887807,-2.377974524930372,Revenu faible
9544,30,F,Primaria,Occidente,1065.93,1279.63,546,7,3866.56,Risque moyen,-1.5081646283033916,-0.3591642896411264,Revenu faible
9545,56,M,Universitario,Norte,2024.48,2535.85,613,9,5697.56,Risque moyen,-0.38475436347742137,0.5313925586942954,Revenu moyen
9546,22,F,Postgrado,Sur,4181.1,8394.63,694,6,15189.89,Risque faible,3.395093234401117,0.1819955891810834,Revenu élevé
9549,27,M,Secundaria,Norte,930.9,885.75,469,10,500.0,Risque élevé,-2.6340566880861136,0.6363966991333088,Revenu faible
9552,68,F,Tecnico,Centro,1516.04,2925.25,591,4,4077.95,Risque moyen,-0.4976801651184266,-1.3090438727102882,Revenu moyen
9553,38,M,Universitario,Centro,2141.35,3119.58,579,9,6905.47,Risque moyen,-0.2883647765289988,0.6189789979544484,Revenu moyen
9557,66,M,Universitario,Centro,4056.11,7233.65,766,8,15880.3,Risque faible,3.4664585573749664,0.8011132024101804,Revenu élevé
9558,56,M,Secundaria,Centro,2215.06,4741.17,574,4,6618.97,Risque moyen,0.3396159099082428,-1.0720558209946045,Revenu moyen
9560,38,M,Universitario,Centro,3847.02,6970.08,671,5,13793.56,Risque faible,2.7376553501132554,-0.3112095502179468,Revenu élevé
9561,47,M,Universitario,Centro,2037.96,2259.1,650,5,6027.98,Risque faible,0.06380766726086175,-0.9228246441559429,Revenu moyen
9563,66,F,Universitario,Norte,2757.75,4441.36,633,8,5858.66,Risque moyen,0.5217357690333339,0.34882104212235876,Revenu moyen
9565,34,F,Secundaria,Norte,2012.77,4534.01,621,7,6852.37,Risque moyen,0.3243297522410718,-0.04652057928009636,Revenu moyen
9567,75,F,Tecnico,Sur,2210.8,4064.44,598,10,6966.65,Risque moyen,-0.003588260092433318,1.0307732154584928,Revenu moyen
9570,69,F,Tecnico,Sur,2237.77,4235.1,590,7,5482.96,Risque moyen,0.03193674997388122,-0.05940409899543224,Revenu moyen
9571,57,M,Universitario,Centro,1455.22,1766.9,586,9,4574.75,Risque moyen,-1.059379162914513,0.41932911246381255,Revenu faible
9572,55,F,Universitario,Centro,2888.72,5875.61,674,7,8765.22,Risque faible,1.4823626365232347,0.13412786356149167,Revenu moyen
9573,60,M,Universitario,Norte,4596.79,9020.09,695,5,16628.17,Risque faible,3.9171089630886855,-0.06763157296461607,Revenu élevé
9574,36,M,Secundaria,Centro,2396.78,4264.26,563,8,5622.7,Risque moyen,-0.10253446233141986,0.3303221208236991,Revenu moyen
9578,30,M,Tecnico,Sur,1883.17,2828.99,593,5,7323.29,Risque moyen,-0.08247147024877824,-0.8496057225006765,Revenu moyen
9579,31,M,Postgrado,Oriente,3017.57,5485.88,740,16,10734.69,Risque faible,1.481644576344044,3.3567416930562644,Revenu élevé
9584,66,M,Primaria,Sur,3076.15,4453.29,672,9,12009.63,Risque faible,1.4554747478441064,0.858911459118807,Revenu élevé
9585,53,M,Secundaria,Norte,2266.05,2281.29,591,8,4967.51,Risque moyen,-0.4797653388534955,0.17549227863797018,Revenu moyen
9586,75,M,Universitario,Centro,2967.17,5386.15,628,11,8856.76,Risque moyen,0.9001700811375437,1.5662775691243063,Revenu moyen
9587,61,M,Secundaria,Centro,768.97,1065.82,470,11,1072.34,Risque élevé,-2.6613420972711817,1.001456797859731,Revenu faible
9588,27,M,Tecnico,Occidente,2032.73,2835.05,660,4,5652.9,Risque faible,0.26649283086697084,-1.2604818666547581,Revenu moyen
9589,48,M,Primaria,Sur,1166.77,1873.33,594,6,2953.39,Risque moyen,-1.089091108021925,-0.714949394545173,Revenu faible
9591,74,M,Universitario,Centro,4576.43,9690.59,741,7,18150.27,Risque faible,4.35259722838843,0.6981354011806057,Revenu élevé
9592,18,F,Universitario,Norte,2352.63,5647.92,639,5,8521.06,Risque moyen,1.1043613792539824,-0.635070956982547,Revenu moyen
9594,75,M,Universitario,Centro,1762.75,2937.61,538,2,6356.25,Risque moyen,-0.34512025974164146,-1.9245948274517601,Revenu moyen
9597,45,M,Primaria,Centro,3374.31,6545.53,634,6,10188.98,Risque moyen,1.8002398422915218,-0.08813335439682038,Revenu élevé
9598,33,F,Tecnico,Oriente,1380.31,1475.0,557,6,5876.71,Risque moyen,-1.0020253220914077,-0.6349554106925805,Revenu faible
9601,40,F,Tecnico,Oriente,1619.56,1028.78,549,8,4229.53,Risque moyen,-1.3378430271665847,0.04348502445875483,Revenu moyen
9603,37,M,Universitario,Centro,4979.19,9724.08,731,7,18427.06,Risque faible,4.497354839668601,0.7492233543242361,Revenu élevé
9605,71,F,Universitario,Sur,2671.53,4666.05,630,3,9166.06,Risque moyen,1.167631211952126,-1.3581021942657345,Revenu moyen
9608,22,M,Tecnico,Occidente,1626.27,2699.28,599,6,2210.56,Risque moyen,-0.7691348494954439,-0.6423118785033266,Revenu moyen
9609,73,F,Primaria,Norte,1280.27,2027.81,544,8,1899.03,Risque moyen,-1.5363852979720578,0.018633396382379038,Revenu faible
9612,64,M,Universitario,Sur,2241.73,4148.75,633,8,9024.84,Risque moyen,0.5693559668115107,0.3542419162495605,Revenu moyen
9613,23,M,Postgrado,Sur,1375.8,3550.29,495,8,3624.44,Risque élevé,-1.2851322148974524,0.17705607071539542,Revenu faible
9614,74,M,Primaria,Oriente,1566.88,2243.82,583,9,2120.94,Risque moyen,-1.1812375707946368,0.4035043562330144,Revenu moyen
9615,46,M,Secundaria,Inconnue,1598.16,1081.45,585,8,991.55,Risque moyen,-1.4561427377349252,-0.04489626009404693,Revenu moyen
9616,36,M,Tecnico,Sur,2326.3,5047.09,678,4,8434.01,Risque faible,1.249090365529941,-1.0495018875548763,Revenu moyen
9617,50,F,Tecnico,Occidente,2039.49,4733.22,612,6,6393.92,Risque moyen,0.34016968642683987,-0.3963053743008761,Revenu moyen
9618,18,F,Postgrado,Norte,1391.89,3676.19,476,8,3094.98,Risque élevé,-1.41787936667763,0.18247240945940094,Revenu faible
9619,62,M,Primaria,Occidente,2725.46,4150.95,664,7,9409.59,Risque faible,1.0560877486424411,0.03765131217369694,Revenu moyen
9622,38,M,Secundaria,Norte,3288.0,6324.99,703,6,11779.94,Risque faible,2.2867781113785304,-0.10424019015798511,Revenu élevé
9623,52,M,Universitario,Norte,1965.99,2781.9,609,7,4312.23,Risque moyen,-0.3977790020770089,-0.20456859592702423,Revenu moyen
9626,20,F,Tecnico,Sur,1697.8,3622.68,579,11,2684.19,Risque moyen,-0.925132939080774,1.2255868501409852,Revenu moyen
9627,42,M,Secundaria,Oriente,1425.97,1765.26,525,10,5569.02,Risque moyen,-1.3912900994775472,0.8239451668659452,Revenu faible
9629,55,M,Postgrado,Sur,4036.56,7321.61,669,6,12181.56,Risque faible,2.6515303123627847,0.04926616319912159,Revenu élevé
9631,72,M,Universitario,Centro,1872.23,4191.59,577,4,4978.07,Risque moyen,-0.07068601836091219,-1.1750338861338778,Revenu moyen
9632,37,F,Postgrado,Centro,2501.53,4555.98,613,9,6835.43,Risque moyen,0.3591790650789439,0.7196935646110686,Revenu moyen
9633,69,M,Secundaria,Sur,1402.7,3656.66,522,8,5763.05,Risque moyen,-0.872990889464371,0.22197480069737563,Revenu faible
9635,62,M,Primaria,Norte,721.62,1849.99,465,8,3523.7,Risque élevé,-2.1052872204588606,0.027359517568974853,Revenu faible
9636,51,M,Universitario,Centro,2613.93,4673.16,614,7,8679.47,Risque moyen,0.7510549380854025,0.06329594987089666,Revenu moyen
9639,72,F,Universitario,Centro,5235.84,11491.59,694,12,18770.21,Risque faible,4.484055061443578,2.6884037801267615,Revenu élevé
9641,40,F,Primaria,Occidente,2928.88,6330.51,669,5,12245.77,Risque faible,2.0483187649670977,-0.46988474744928704,Revenu moyen
9644,70,F,Secundaria,Sur,3635.07,6618.3,685,4,13003.66,Risque faible,2.6384477989100854,-0.733529480157996,Revenu élevé
9645,30,F,Secundaria,Occidente,2410.16,4519.72,608,8,7868.58,Risque moyen,0.45247620264461036,0.3769181007335479,Revenu moyen
9646,66,F,Universitario,Norte,1939.89,3527.85,609,8,6266.26,Risque moyen,-0.11253728348166772,0.2379250165762105,Revenu moyen
9648,26,M,Universitario,Occidente,2660.56,5480.91,655,7,8296.41,Risque faible,1.14359367003098,0.0874543730939958,Revenu moyen
9649,34,F,Secundaria,Occidente,1341.07,2730.93,490,12,1252.18,Risque élevé,-1.9961088880132902,1.5051472326408923,Revenu faible
9650,19,M,Postgrado,Sur,5014.12,9713.84,717,8,19038.07,Risque faible,4.427613659300403,1.1296400833951379,Revenu élevé
9651,36,M,Universitario,Centro,2831.87,5872.08,634,7,11779.12,Risque moyen,1.5318816216597064,0.21463483987353907,Revenu moyen
9652,36,M,Postgrado,Sur,5232.19,9701.41,711,3,20115.57,Risque faible,4.9037286377735905,-0.6110804833625852,Revenu élevé
9653,73,M,Secundaria,Centro,2118.58,4302.23,621,8,5846.67,Risque moyen,0.15366190190027454,0.2849634283775142,Revenu moyen
9656,59,M,Primaria,Centro,893.74,1598.48,528,6,848.28,Risque moyen,-1.8656883132251427,-0.7747837410511131,Revenu faible
9657,59,M,Secundaria,Centro,4013.9,7877.51,651,10,9467.68,Risque faible,2.1254395492479405,1.4563636100135724,Revenu élevé
9658,37,F,Secundaria,Norte,2309.78,3311.18,614,12,6243.5,Risque moyen,-0.22694789412219074,1.6881284511330257,Revenu moyen
9661,44,F,Secundaria,Norte,1529.53,3355.53,455,15,2692.12,Risque élevé,-2.0307168804072178,2.680326428348389,Revenu moyen
9662,64,F,Postgrado,Oriente,3626.23,5976.98,735,7,15171.46,Risque faible,2.8281043122808556,0.32765008817027363,Revenu élevé
9663,19,F,Secundaria,Sur,1703.37,2637.13,523,8,7567.19,Risque moyen,-0.7724723167709117,0.23185954213482268,Revenu moyen
9664,53,M,Secundaria,Oriente,1274.67,1631.21,587,6,4047.5,Risque moyen,-1.02424889632217,-0.6908191596869736,Revenu faible
9665,36,F,Tecnico,Norte,1193.13,2665.42,479,10,833.79,Risque élevé,-2.054421292127728,0.7676058696471905,Revenu faible
9666,34,M,Universitario,Oriente,2877.65,3820.34,653,10,12011.67,Risque faible,1.064441012650994,1.1694645929690373,Revenu moyen
9668,56,M,Universitario,Centro,2217.8,2385.49,575,10,8921.15,Risque moyen,-0.29113788594869755,0.9886403024803798,Revenu moyen
9669,35,M,Secundaria,Centro,1883.96,2842.01,685,7,7056.65,Risque faible,0.3095926395386497,-0.18107560902806033,Revenu moyen
9670,70,M,Primaria,Sur,1069.32,1951.75,504,6,500.0,Risque moyen,-1.8945184617305235,-0.734638705049113,Revenu faible
9671,71,M,Primaria,Sur,1810.17,4222.28,527,11,5125.51,Risque moyen,-0.8065707749084303,1.3496462152751312,Revenu moyen
9673,34,F,Postgrado,Occidente,1830.71,2178.54,608,4,5468.42,Risque moyen,-0.2818275192818621,-1.2985610667345944,Revenu moyen
9677,62,F,Tecnico,Centro,4099.38,6715.54,703,7,14725.62,Risque faible,2.948018093960512,0.4198894580184781,Revenu élevé
9678,21,M,Primaria,Norte,2478.19,3056.2,598,10,4149.9,Risque moyen,-0.39474477126851953,0.9341400181506768,Revenu moyen
9679,55,F,Secundaria,Centro,1839.9,2422.75,558,7,2687.76,Risque moyen,-0.9933210313345832,-0.2511716316070655,Revenu moyen
9680,42,M,Secundaria,Occidente,2278.2,5123.65,635,11,8358.01,Risque moyen,0.5470045549064115,1.4709666218976958,Revenu moyen
9682,47,M,Secundaria,Oriente,2553.45,6752.27,576,9,6429.18,Risque moyen,0.5868162389487476,0.8594364054396858,Revenu moyen
9683,29,M,Universitario,Occidente,2039.89,4385.05,600,9,5836.5,Risque moyen,-0.04872601451694028,0.64905497239505,Revenu moyen
9684,21,M,Secundaria,Norte,1406.69,1748.54,496,4,500.0,Risque élevé,-1.7188695582601627,-1.4257987326545223,Revenu faible
9686,46,F,Secundaria,Occidente,1097.96,2419.67,518,9,3170.52,Risque moyen,-1.614404640900913,0.4219852155237338,Revenu faible
9687,26,F,Universitario,Sur,3023.85,5971.55,613,13,8423.98,Risque moyen,0.7902074430245835,2.317722410447426,Revenu élevé
9688,21,M,Tecnico,Sur,1353.58,2308.59,495,6,1698.38,Risque élevé,-1.6302246856811715,-0.6557188117372353,Revenu faible
9689,68,F,Universitario,Centro,2242.83,3810.44,664,4,8444.86,Risque faible,0.8709590471390342,-1.1226020701841284,Revenu moyen
9690,41,M,Secundaria,Oriente,539.57,1359.05,418,8,983.91,Risque élevé,-2.8225228649611207,-0.05470772225898982,Revenu faible
9692,22,M,Secundaria,Oriente,1376.6,3355.58,509,11,3209.29,Risque moyen,-1.473759215461137,1.222864095763957,Revenu faible
9693,35,F,Secundaria,Occidente,970.07,884.83,484,6,4171.04,Risque élevé,-1.9028884216840225,-0.7139679178967838,Revenu faible
9694,59,M,Tecnico,Sur,1672.23,2064.97,578,6,4152.98,Risque moyen,-0.8085477725566126,-0.621344811190328,Revenu moyen
9695,74,F,Secundaria,Sur,1293.98,2010.4,540,9,1041.52,Risque moyen,-1.7083932545357026,0.35891647131121795,Revenu faible
9697,29,F,Secundaria,Norte,3036.75,6277.05,727,5,10344.03,Risque faible,2.2280815787169033,-0.5317952193150166,Revenu élevé
9698,35,F,Secundaria,Sur,2799.61,5405.63,671,7,8703.51,Risque faible,1.32160292260023,0.0983441593403396,Revenu moyen
9699,34,M,Universitario,Norte,3258.94,5377.83,674,7,9846.26,Risque faible,1.6423575188645647,0.164993751546536,Revenu élevé
9700,47,F,Universitario,Occidente,4254.7,7533.02,733,3,16310.06,Risque faible,3.775159827813536,-0.9258771553674685,Revenu élevé
9701,41,F,Universitario,Sur,1915.49,3090.82,566,6,4468.39,Risque moyen,-0.5278895941157291,-0.5261573399004269,Revenu moyen
9702,28,F,Tecnico,Occidente,1744.43,3989.09,632,9,6094.29,Risque moyen,-0.041189540733263905,0.5893625472608605,Revenu moyen
9704,40,F,Universitario,Occidente,2679.17,5935.91,650,5,9116.4,Risque faible,1.4274938669305044,-0.5787456979897242,Revenu moyen
9705,34,F,Primaria,Sur,1815.86,3883.81,628,5,3414.73,Risque moyen,-0.08229902323868278,-0.898974006121324,Revenu moyen
9706,18,F,Universitario,Oriente,2211.93,3764.57,539,5,6704.02,Risque moyen,-0.12831949618892255,-0.7537251264264063,Revenu moyen
9709,26,F,Primaria,Sur,885.78,1547.61,423,4,1458.99,Risque élevé,-2.309940220020303,-1.432562804789094,Revenu faible
9710,32,F,Postgrado,Centro,4926.92,9479.12,709,3,18822.77,Risque faible,4.584761534261662,-0.6813859440935891,Revenu élevé
9712,41,M,Universitario,Occidente,3873.0,6533.39,720,7,12292.85,Risque faible,2.665267561280681,0.3251105398289369,Revenu élevé
9714,39,F,Secundaria,Norte,1571.08,2994.87,513,7,1947.31,Risque moyen,-1.3250635251931389,-0.24010965580020288,Revenu moyen
9715,44,M,Primaria,Centro,1154.84,1305.43,509,7,2898.61,Risque moyen,-1.7826487897965362,-0.35441989204873026,Revenu faible
9716,36,M,Secundaria,Occidente,990.12,2277.74,474,10,2997.8,Risque élevé,-2.0285953896439826,0.7769472511971051,Revenu faible
9717,62,M,Tecnico,Sur,1474.8,1810.31,612,3,7145.52,Risque moyen,-0.2502252519848122,-1.6752910801519891,Revenu faible
9719,37,M,Secundaria,Centro,1344.42,2376.05,534,8,3494.97,Risque moyen,-1.3308538975137456,0.08551158563984884,Revenu faible
9721,38,F,Primaria,Norte,1215.8,1514.99,533,8,4244.07,Risque moyen,-1.4959785314938976,0.04071766607348235,Revenu faible
9722,66,F,Secundaria,Norte,1531.18,2660.01,543,9,2919.69,Risque moyen,-1.2613230119774366,0.4602880173455898,Revenu moyen
9724,18,F,Universitario,Inconnue,2163.87,3886.31,615,8,5586.07,Risque moyen,0.02238227612400292,0.26197856675257064,Revenu moyen
9726,64,M,Secundaria,Sur,990.53,1337.12,625,9,2523.15,Risque moyen,-1.325487652864167,0.28619388191886524,Revenu faible
9728,56,F,Primaria,Norte,1111.73,952.62,521,7,500.0,Risque moyen,-2.0509867540765723,-0.43860133328266765,Revenu faible
9729,39,F,Secundaria,Centro,1097.76,320.27,435,3,2520.74,Risque élevé,-2.2394565031091243,-1.8224790800951367,Revenu faible
9731,65,M,Universitario,Norte,5897.78,11749.97,703,5,20713.03,Risque faible,5.504854633475888,0.3033613298722937,Revenu élevé
9735,45,F,Universitario,Oriente,2869.3,6309.11,560,7,8194.45,Risque moyen,0.8367588917793726,0.19581778966040778,Revenu moyen
9737,56,M,Universitario,Norte,2010.63,2980.39,592,11,3529.81,Risque moyen,-0.7673824909907498,1.231432343446695,Revenu moyen
9738,66,F,Secundaria,Centro,1470.09,1671.8,573,2,6287.18,Risque moyen,-0.5366253604987387,-2.043185892698812,Revenu faible
9739,46,F,Secundaria,Sur,1033.42,351.79,513,7,2184.63,Risque moyen,-2.085138042838151,-0.43921652604621153,Revenu faible
9741,61,F,Universitario,Oriente,2611.49,5395.16,646,7,9179.69,Risque moyen,1.1426504448733796,0.10182276385807106,Revenu moyen
9742,25,F,Tecnico,Centro,3776.4,7310.35,722,12,14862.03,Risque faible,2.7526082530274745,2.2059601104729363,Revenu élevé
9743,71,M,Secundaria,Sur,851.44,0.0,456,9,3194.08,Risque élevé,-2.5923789872073044,0.28665430861244345,Revenu faible
9744,48,M,Secundaria,Centro,852.35,2037.51,519,6,3070.14,Risque moyen,-1.614837045751858,-0.6990036021648636,Revenu faible
9745,51,M,Universitario,Sur,2797.26,5195.29,689,7,11593.57,Risque faible,1.6786034977251632,0.1431513374902394,Revenu moyen
9746,24,M,Secundaria,Occidente,1307.9,2618.32,531,12,500.0,Risque moyen,-1.8697765925625252,1.4600009384765131,Revenu faible
9748,35,M,Postgrado,Centro,2587.86,4789.14,612,8,9625.73,Risque moyen,0.787618079050543,0.447392450181587,Revenu moyen
9749,55,M,Tecnico,Sur,3681.51,5788.86,678,6,11646.01,Risque faible,2.176562547680173,-0.08958821714400529,Revenu élevé
9750,26,F,Secundaria,Occidente,1775.8,3258.07,662,6,5293.66,Risque faible,0.09881442121845499,-0.5543315606424768,Revenu moyen
9751,26,M,Secundaria,Norte,2417.51,3331.99,585,9,6408.87,Risque moyen,-0.14377068852902827,0.643689125552026,Revenu moyen
9752,63,F,Primaria,Centro,871.2,2384.84,507,3,3121.1,Risque moyen,-1.4112835631211338,-1.7432233695738788,Revenu faible
9753,25,M,Tecnico,Centro,1575.04,3512.3,566,5,5499.23,Risque moyen,-0.4123720911968063,-0.8684404151726379,Revenu moyen
9755,52,F,Secundaria,Centro,1793.86,2022.56,576,4,6023.54,Risque moyen,-0.46156509149284397,-1.284164644340493,Revenu moyen
9756,35,M,Secundaria,Centro,1066.36,1990.83,516,8,3707.21,Risque moyen,-1.6126519805617414,0.04957580626931521,Revenu faible
9758,31,M,Postgrado,Centro,6461.81,12242.31,704,8,23519.79,Risque faible,5.951078918493377,1.5213622878644695,Revenu élevé
9760,47,F,Secundaria,Norte,871.56,798.24,416,10,835.19,Risque élevé,-2.954808825028337,0.6570997122833017,Revenu faible
9761,21,M,Postgrado,Occidente,3565.03,6173.56,644,8,9947.78,Risque moyen,1.710123561451433,0.6136647567612744,Revenu élevé
9762,56,F,Tecnico,Centro,3188.93,6086.82,674,7,10478.82,Risque faible,1.8282938020864483,0.21372066262565761,Revenu élevé
9763,37,M,Universitario,Sur,1710.15,3213.13,614,10,3309.52,Risque moyen,-0.6741467727058496,0.8438345875170543,Revenu moyen
9768,60,F,Universitario,Inconnue,1961.52,4156.96,578,8,3804.98,Risque moyen,-0.40523881579055626,0.23477587937745104,Revenu moyen
9770,39,F,Primaria,Sur,932.15,1937.48,575,8,2170.77,Risque moyen,-1.4905184299520853,-0.027594905594439768,Revenu faible
9771,48,M,Secundaria,Norte,1812.41,4862.31,588,11,3720.09,Risque moyen,-0.4553539171627769,1.3277391102601446,Revenu moyen
9772,40,F,Secundaria,Sur,1294.44,2278.94,572,3,6705.08,Risque moyen,-0.5067646471680786,-1.657266192097105,Revenu faible
9773,65,M,Secundaria,Centro,777.85,908.09,419,5,766.06,Risque élevé,-2.647640530566856,-1.1362185413552077,Revenu faible
9777,21,F,Universitario,Centro,2297.3,4946.2,594,9,6752.9,Risque moyen,0.23636228303577553,0.7295357349802578,Revenu moyen
9778,32,M,Tecnico,Centro,1084.05,1376.21,543,7,6606.23,Risque moyen,-1.2165865151235389,-0.2885605227891832,Revenu faible
9779,41,F,Secundaria,Oriente,2179.38,4364.93,614,8,6323.22,Risque moyen,0.20004826527947178,0.30831603914901395,Revenu moyen
9780,42,M,Secundaria,Centro,1254.65,3356.32,471,8,2291.87,Risque élevé,-1.6547852851640241,0.13494500165768983,Revenu faible
9781,18,M,Universitario,Occidente,3355.87,6043.21,618,8,11849.82,Risque moyen,1.637456878654123,0.6408684748006936,Revenu élevé
9782,24,F,Universitario,Centro,3457.51,7269.01,685,2,10241.67,Risque faible,2.5437067013331167,-1.490299219887,Revenu élevé
9783,74,M,Primaria,Centro,1846.48,3658.18,579,7,6715.94,Risque moyen,-0.19177925997209017,-0.0973235045856384,Revenu moyen
9787,22,F,Primaria,Sur,2256.47,4475.27,492,6,3479.43,Risque élevé,-0.6291506896838144,-0.40244454063549256,Revenu moyen
9791,55,F,Primaria,Occidente,1568.55,3968.01,556,11,2767.72,Risque moyen,-1.0326599202053464,1.245527374725096,Revenu moyen
9792,29,M,Primaria,Norte,1113.4,2229.02,600,8,4313.05,Risque moyen,-0.9861150752297129,0.04375344846603738,Revenu faible
9793,56,F,Tecnico,Occidente,1627.27,3234.73,589,9,6049.45,Risque moyen,-0.507539021009472,0.5528046761882464,Revenu moyen
9796,27,M,Postgrado,Centro,3320.86,5276.77,636,11,12514.58,Risque moyen,1.4471198319693874,1.6727288434510086,Revenu élevé
9798,47,M,Tecnico,Occidente,3850.42,6993.59,647,4,12819.22,Risque moyen,2.5653230102006286,-0.6783123616011757,Revenu élevé
9799,61,F,Tecnico,Norte,1654.22,3187.02,615,10,6130.02,Risque moyen,-0.40763776813495806,0.9002944031736265,Revenu moyen
9801,34,M,Universitario,Centro,5350.76,10993.18,683,8,18220.43,Risque faible,4.555211439059315,1.232714169467988,Revenu élevé
9803,24,M,Postgrado,Occidente,7977.42,15016.38,696,3,29175.23,Risque faible,8.017267945859862,0.1702347594607632,Revenu élevé
9804,58,M,Secundaria,Norte,1217.58,1771.86,493,9,1876.22,Risque élevé,-1.9816931355048544,0.3778282101610451,Revenu faible
9805,48,M,Tecnico,Oriente,5458.67,10937.89,703,5,19581.83,Risque faible,5.033413831425438,0.1888603062412959,Revenu élevé
9806,68,M,Secundaria,Centro,1405.76,2069.47,553,6,6256.3,Risque moyen,-0.8500156570345815,-0.5876864315843047,Revenu faible
9807,72,M,Tecnico,Oriente,2404.92,5086.46,637,9,7273.51,Risque moyen,0.6174421914479676,0.7403380408831587,Revenu moyen
9808,56,M,Tecnico,Oriente,2312.94,3881.69,605,5,3738.44,Risque moyen,0.022602117054089897,-0.8340484437202077,Revenu moyen
9811,23,F,Primaria,Norte,1948.51,2610.44,642,5,5580.34,Risque moyen,0.007903622317395925,-0.9175002917844685,Revenu moyen
9812,67,M,Secundaria,Oriente,1636.85,2919.45,571,7,4981.73,Risque moyen,-0.6608703321858882,-0.19572910163755575,Revenu moyen
9813,55,M,Universitario,Sur,2771.22,6267.13,705,7,7692.58,Risque faible,1.5885884426878727,0.1074264421575321,Revenu moyen
9815,75,F,Secundaria,Sur,969.91,3742.11,492,9,1089.34,Risque élevé,-1.7542312665644701,0.45110432346528007,Revenu faible
9816,68,M,Tecnico,Sur,1966.74,3363.29,575,4,4953.52,Risque moyen,-0.22103885491409683,-1.2136985720257423,Revenu moyen
9817,51,M,Universitario,Oriente,4305.94,7694.94,639,6,15003.19,Risque moyen,2.9561578461453912,0.17386780308969563,Revenu élevé
9819,32,M,Secundaria,Norte,1927.02,2167.13,611,7,6013.7,Risque moyen,-0.35789777113489635,-0.20636262516947373,Revenu moyen
9820,31,F,Primaria,Norte,557.35,558.45,396,7,500.0,Risque élevé,-3.1013682880712494,-0.4580296904848732,Revenu faible
9822,67,F,Primaria,Norte,1182.93,1430.6,506,8,3066.22,Risque moyen,-1.8073404345909236,0.018221125054390542,Revenu faible
9823,54,M,Tecnico,Sur,1886.15,3129.34,610,8,4222.97,Risque moyen,-0.42324781712072707,0.16306384526027903,Revenu moyen
9824,67,F,Universitario,Centro,2337.52,3076.84,592,6,7170.83,Risque moyen,0.07564538340526086,-0.43735899225587294,Revenu moyen
9830,27,F,Secundaria,Oriente,1412.33,4146.99,532,11,6575.37,Risque moyen,-0.8103261529383249,1.3378836514330668,Revenu faible
9831,68,F,Secundaria,Oriente,1033.08,1432.0,563,7,3722.22,Risque moyen,-1.4043771160569667,-0.36437660455090304,Revenu faible
9834,46,M,Universitario,Centro,2599.09,4183.74,575,8,7660.97,Risque moyen,0.24465549771810882,0.38560906970068876,Revenu moyen
9835,65,F,Secundaria,Oriente,2034.96,2700.06,641,7,6187.06,Risque moyen,-0.0056147666175081785,-0.1747638711259089,Revenu moyen
9836,34,M,Primaria,Norte,413.02,0.0,403,10,500.0,Risque élevé,-3.4262137966482697,0.5653933906472459,Revenu faible
9838,30,F,Secundaria,Norte,1426.34,3508.87,500,12,3529.02,Risque moyen,-1.5031467690918139,1.6053379795599114,Revenu faible
9839,73,M,Universitario,Sur,3470.47,7228.87,619,5,10929.94,Risque moyen,2.0354480862714612,-0.37342150877376235,Revenu élevé
9840,19,F,Universitario,Sur,1462.52,2229.73,441,5,3613.99,Risque élevé,-1.6600913071946786,-0.9398692580454934,Revenu faible
9841,21,F,Universitario,Sur,1297.11,2701.75,528,5,2136.42,Risque moyen,-1.2688655781408125,-1.000829271871452,Revenu faible
9842,27,M,Secundaria,Centro,1831.67,4330.54,608,8,3419.25,Risque moyen,-0.2857251906778523,0.21023992175145823,Revenu moyen
9843,56,M,Universitario,Sur,3419.16,5119.62,686,2,11215.18,Risque faible,2.1780731827476623,-1.5970037099977197,Revenu élevé
9846,69,F,Tecnico,Oriente,2600.51,4513.22,578,6,7155.81,Risque moyen,0.40584144025097096,-0.3230605764807653,Revenu moyen
9848,36,F,Secundaria,Sur,1588.93,3980.61,508,8,4105.18,Risque moyen,-0.9791675516231275,0.22733222864324817,Revenu moyen
9850,49,F,Primaria,Norte,2628.94,2933.05,598,8,8835.53,Risque moyen,0.24799331482482975,0.33214665382461184,Revenu moyen
9851,27,F,Secundaria,Centro,1121.7,1132.63,506,14,4196.38,Risque moyen,-2.1549650668999085,2.1660671736712067,Revenu faible
9852,26,F,Secundaria,Centro,2156.31,3683.48,597,8,6421.15,Risque moyen,-0.04394770074360946,0.27647752993480373,Revenu moyen
9853,44,F,Secundaria,Sur,1821.41,3488.51,610,4,3908.07,Risque moyen,-0.15652759691736007,-1.2596763311370975,Revenu moyen
9855,36,M,Postgrado,Oriente,1718.94,2533.68,563,7,3310.39,Risque moyen,-0.9269711354061712,-0.2444466580678315,Revenu moyen
9856,38,F,Secundaria,Centro,1606.25,3694.83,604,5,4610.69,Risque moyen,-0.22828171590693416,-0.8920724938931959,Revenu moyen
9858,55,M,Universitario,Sur,837.95,603.95,480,3,2149.36,Risque élevé,-2.061120256870721,-1.8594465900817887,Revenu faible
9859,21,M,Tecnico,Oriente,7629.27,13262.82,698,6,26497.89,Risque faible,7.049901470676325,1.0466799996462002,Revenu élevé
9860,41,F,Primaria,Centro,775.83,3573.67,472,9,2027.92,Risque élevé,-1.8922624075168315,0.4530585898395854,Revenu faible
9861,52,M,Tecnico,Norte,2777.56,6043.33,669,3,12404.39,Risque faible,2.065574383713319,-1.2125073268447795,Revenu moyen
9863,21,M,Secundaria,Sur,4099.43,7634.47,742,8,13118.11,Risque faible,3.1447386471616063,0.7768445428063585,Revenu élevé
9864,74,F,Tecnico,Occidente,4486.18,7282.15,703,3,15086.39,Risque faible,3.5164933120585204,-0.9325138658594356,Revenu élevé
9867,65,M,Tecnico,Centro,3754.62,6665.5,735,3,12284.43,Risque faible,2.9812060516181464,-1.1157292969828643,Revenu élevé
9868,71,M,Postgrado,Centro,1996.52,2856.99,642,7,6885.69,Risque moyen,0.08918654610826247,-0.15398851762948204,Revenu moyen
9872,61,M,Secundaria,Norte,4433.74,8337.52,735,5,17661.56,Risque faible,4.045856592818863,-0.11738791581191074,Revenu élevé
9874,57,M,Primaria,Norte,869.97,727.69,513,10,845.44,Risque moyen,-2.398627419857942,0.609429913255909,Revenu faible
9875,30,F,Secundaria,Centro,1328.39,1844.01,503,8,5748.59,Risque moyen,-1.4013655492866914,0.11803428240193245,Revenu faible
9876,21,M,Primaria,Sur,1281.45,2353.22,518,2,5279.64,Risque moyen,-0.8979991967752712,-2.0196815279108375,Revenu faible
9878,31,M,Secundaria,Oriente,1969.45,1783.71,553,6,6375.1,Risque moyen,-0.663117250430709,-0.5478392794297823,Revenu moyen
9879,30,F,Universitario,Sur,1625.02,4212.7,548,6,2211.92,Risque moyen,-0.7489189114073326,-0.5317091461258285,Revenu moyen
9882,34,M,Universitario,Centro,1799.27,3840.06,526,10,7636.13,Risque moyen,-0.5778100699824896,1.0260810270034084,Revenu moyen
9883,53,M,Secundaria,Centro,1637.41,2067.6,615,14,7159.44,Risque moyen,-0.7961428545006428,2.287339516375862,Revenu moyen
9884,57,M,Universitario,Norte,2259.89,4293.32,590,9,6411.89,Risque moyen,0.023873060673267776,0.6822135417126347,Revenu moyen
9885,66,M,Universitario,Oriente,3713.59,7206.09,716,7,11838.25,Risque faible,2.6710802879221633,0.34043880642273305,Revenu élevé
9886,52,M,Secundaria,Occidente,2113.2,2170.95,623,4,5318.24,Risque moyen,-0.09269503717067726,-1.2822218819212783,Revenu moyen
9889,19,M,Secundaria,Sur,1173.13,2883.06,502,10,2036.12,Risque moyen,-1.7579132514295375,0.795141647680257,Revenu faible
9890,74,M,Tecnico,Centro,1668.64,1607.78,578,8,4779.8,Risque moyen,-0.9675607001626558,0.08111409786738014,Revenu moyen
9891,30,F,Tecnico,Centro,785.07,1493.42,415,12,1024.78,Risque élevé,-2.9550057837683283,1.4090291165953748,Revenu faible
9892,69,M,Tecnico,Centro,455.24,1562.31,422,10,500.0,Risque élevé,-2.965760569154384,0.6514357208448568,Revenu faible
9893,19,M,Tecnico,Inconnue,3371.42,6327.73,640,8,11948.36,Risque moyen,1.8437944598879545,0.6511699100110587,Revenu élevé
9894,69,F,Secundaria,Norte,1421.16,3151.32,598,6,2680.75,Risque moyen,-0.7165771170881493,-0.6245779517715626,Revenu faible
9895,45,F,Postgrado,Sur,3788.6,7397.47,731,10,14912.73,Risque faible,2.959297304040604,1.4941319052771493,Revenu élevé
9896,60,M,Universitario,Occidente,1824.84,2565.18,655,2,4897.38,Risque faible,0.14055876552241037,-2.0259055761261253,Revenu moyen
9898,39,F,Primaria,Sur,933.78,2281.67,515,11,2388.51,Risque moyen,-1.935062044624569,1.0971467726805535,Revenu faible
9899,64,M,Tecnico,Oriente,1191.38,1752.09,512,5,4331.31,Risque moyen,-1.3830718982913812,-1.0091456047402543,Revenu faible
9900,60,F,Tecnico,Sur,2452.63,4359.07,595,10,9961.25,Risque moyen,0.4494857368910033,1.1399435695154552,Revenu moyen
9901,72,M,Universitario,Oriente,2958.12,5984.41,712,5,12613.28,Risque faible,2.277917753011972,-0.49820908785521,Revenu moyen
9903,52,F,Universitario,Oriente,2914.59,5101.99,651,5,8543.27,Risque faible,1.2961034289579434,-0.6180558113355348,Revenu moyen
9905,29,F,Universitario,Norte,1985.57,4663.04,488,6,6077.69,Risque élevé,-0.45927039247556845,-0.35684844895078977,Revenu moyen
9906,41,M,Primaria,Sur,828.32,1082.4,413,5,5195.28,Risque élevé,-2.1703252491025595,-1.018484337458208,Revenu faible
9907,22,F,Secundaria,Centro,1554.66,4033.97,457,16,7855.93,Risque élevé,-1.3971753669066396,3.195442897346786,Revenu moyen
9909,56,F,Universitario,Centro,2836.26,4967.99,589,7,6841.44,Risque moyen,0.5705591169367502,0.07128489498059462,Revenu moyen
9910,56,F,Universitario,Oriente,2898.03,5827.01,690,4,9776.47,Risque faible,1.861356569245096,-0.9248505499772043,Revenu moyen
9911,30,M,Secundaria,Norte,1306.25,3304.24,551,1,3193.6,Risque moyen,-0.6435920825000755,-2.381759797150295,Revenu faible
9913,74,F,Postgrado,Centro,4158.45,6011.57,652,8,12375.34,Risque faible,2.2197009099103022,0.7121071194484466,Revenu élevé
9914,70,F,Tecnico,Centro,2009.46,3460.98,575,5,3879.49,Risque moyen,-0.35523916902660385,-0.8706724795904303,Revenu moyen
9915,62,M,Secundaria,Oriente,1831.45,3116.34,568,9,7036.77,Risque moyen,-0.46963363525192536,0.5971722292807246,Revenu moyen
9916,29,M,Secundaria,Occidente,1969.8,3443.81,632,10,7542.94,Risque moyen,0.023530698715534464,0.9695462279421012,Revenu moyen
9917,30,F,Tecnico,Occidente,1491.73,3664.35,525,9,2784.87,Risque moyen,-1.1847265661525874,0.5198057699905168,Revenu faible
9919,27,F,Secundaria,Sur,1703.16,2996.75,541,11,6091.47,Risque moyen,-0.929386308823154,1.2839333649827573,Revenu moyen
9921,74,F,Secundaria,Oriente,1588.89,2679.47,596,4,5558.83,Risque moyen,-0.33793568709123073,-1.285125290590459,Revenu moyen
9922,57,M,Primaria,Centro,1163.89,1360.95,568,6,3868.5,Risque moyen,-1.2579155920247733,-0.7125397451551092,Revenu faible
9923,71,M,Tecnico,Centro,4067.6,7508.28,727,5,17057.41,Risque faible,3.6082591713096126,-0.21041438432138654,Revenu élevé
9925,62,F,Tecnico,Occidente,3261.53,5337.89,600,2,8969.99,Risque moyen,1.4220683767658484,-1.611415942488588,Revenu élevé
9926,52,F,Postgrado,Oriente,4051.92,6902.37,692,7,13909.01,Risque faible,2.8192570451030177,0.41268922901120775,Revenu élevé
9927,20,F,Universitario,Oriente,2614.23,4242.15,629,5,8487.51,Risque moyen,0.8533876104771209,-0.6878891903033966,Revenu moyen
9930,43,F,Tecnico,Oriente,1079.9,754.47,567,9,2663.91,Risque moyen,-1.7384676125543919,0.2902225297982942,Revenu faible
9932,24,F,Tecnico,Centro,2186.58,4089.95,534,6,6328.78,Risque moyen,-0.20037833631817514,-0.3859415208516082,Revenu moyen
9933,70,M,Secundaria,Oriente,3010.77,5334.14,670,10,10690.57,Risque faible,1.4051850242199997,1.2323968941604118,Revenu élevé
9934,73,F,Tecnico,Oriente,2812.68,5869.69,620,8,8472.88,Risque moyen,1.0391453915676228,0.5018028085430147,Revenu moyen
9936,59,F,Secundaria,Centro,939.51,2182.73,505,8,3644.3,Risque moyen,-1.6961111916145277,0.05213908823484372,Revenu faible
9937,69,F,Tecnico,Sur,2219.56,4131.57,629,7,9004.51,Risque moyen,0.5933297787111972,-0.0050946145170976944,Revenu moyen
9941,48,M,Secundaria,Occidente,889.94,0.0,543,8,500.0,Risque moyen,-2.278443441977303,-0.16730030699141843,Revenu faible
9942,28,F,Universitario,Sur,1767.36,2698.84,593,11,5727.35,Risque moyen,-0.6971259045585063,1.241146212836286,Revenu moyen
9943,62,M,Secundaria,Occidente,5630.89,9697.88,663,9,15914.76,Risque faible,3.9808368356535624,1.4987766888324974,Revenu élevé
9944,24,M,Tecnico,Sur,1115.53,3077.96,564,5,5776.48,Risque moyen,-0.6794901536515968,-0.9302507682187247,Revenu faible
9945,62,F,Tecnico,Norte,2284.11,3789.67,682,6,9912.8,Risque faible,1.0153900464320134,-0.37965549637869517,Revenu moyen
9946,19,M,Secundaria,Norte,2252.54,3795.66,616,6,4552.94,Risque moyen,0.0650009594671596,-0.4737646422188849,Revenu moyen
9952,51,M,Secundaria,Norte,2844.7,5008.71,610,7,11625.48,Risque moyen,1.1973123451839889,0.17313611229571632,Revenu moyen
9954,33,F,Universitario,Sur,4847.2,8911.8,710,3,17281.63,Risque faible,4.27898047360416,-0.7571590419057503,Revenu élevé
9955,42,F,Primaria,Oriente,1843.59,1821.42,609,3,7589.95,Risque moyen,-0.06599268551425343,-1.6280997666868535,Revenu moyen
9958,56,M,Tecnico,Centro,2186.41,4431.01,700,10,7229.66,Risque faible,0.6910623326716246,1.009733795080894,Revenu moyen
9959,34,F,Secundaria,Centro,1684.02,1694.85,589,6,3054.5,Risque moyen,-0.9300781275485074,-0.6714587699255666,Revenu moyen
9960,62,F,Secundaria,Sur,1921.43,4223.31,580,8,4856.02,Risque moyen,-0.28826338272161517,0.2576586303507028,Revenu moyen
9961,28,M,Primaria,Sur,2327.39,4282.12,645,3,6820.14,Risque moyen,0.790125228818558,-1.4729395659809486,Revenu moyen
9963,40,M,Tecnico,Oriente,1675.5,3423.73,574,6,4238.05,Risque moyen,-0.5340792730878252,-0.5385398711311262,Revenu moyen
9965,63,M,Primaria,Norte,1169.78,2114.8,496,13,3873.96,Risque élevé,-1.9562307515460053,1.867232914973922,Revenu faible
9966,23,F,Secundaria,Inconnue,633.55,726.91,475,8,500.0,Risque élevé,-2.63152962299271,-0.11899060914784959,Revenu faible
9969,39,F,Secundaria,Norte,2761.71,5774.65,670,6,10226.92,Risque faible,1.596947092780118,-0.2065585643499912,Revenu moyen
9970,37,F,Primaria,Norte,819.39,2469.57,448,8,711.77,Risque élevé,-2.321847329524218,0.01668762776682977,Revenu faible
9971,42,M,Universitario,Centro,2356.39,4830.68,544,8,5649.63,Risque moyen,-0.10840295351364773,0.3684695099644654,Revenu moyen
9973,66,M,Universitario,Norte,3148.03,4192.99,688,6,11691.26,Risque faible,1.6792510419418714,-0.2364304748670817,Revenu élevé
9974,46,F,Secundaria,Sur,1700.69,3087.45,586,6,4923.66,Risque moyen,-0.45384159372290084,-0.5455374246322606,Revenu moyen
9975,25,F,Tecnico,Centro,2004.74,1980.05,526,12,3911.42,Risque moyen,-1.3934627538731297,1.5687803533966256,Revenu moyen
9976,54,F,Primaria,Oriente,827.46,475.74,489,10,1695.08,Risque élevé,-2.523760875100202,0.6207797859578419,Revenu faible
9977,66,M,Universitario,Norte,2223.28,4617.93,682,7,6344.8,Risque faible,0.736789734334122,-0.06052031118465283,Revenu moyen
9979,50,F,Primaria,Sur,1446.51,2978.27,598,6,4073.84,Risque moyen,-0.5996764107317728,-0.6007043990675754,Revenu faible
9980,39,M,Secundaria,Sur,1055.17,1745.54,526,4,4315.34,Risque moyen,-1.298081590531526,-1.3867388709536288,Revenu faible
9981,67,F,Tecnico,Oriente,3467.53,6088.88,690,9,11381.76,Risque faible,2.0068468521807237,0.9687397447893358,Revenu élevé
9982,64,F,Universitario,Norte,1029.13,1568.82,487,4,3885.19,Risque élevé,-1.6200191694134467,-1.3916347302044478,Revenu faible
9984,56,F,Secundaria,Norte,1713.41,2828.99,580,5,6668.89,Risque moyen,-0.29697992061297557,-0.8747270173706738,Revenu moyen
9986,55,F,Secundaria,Norte,1972.27,3863.13,580,3,4427.41,Risque moyen,-0.0749115860350987,-1.5559058146193343,Revenu moyen
9987,71,F,Secundaria,Norte,3063.83,5448.74,680,5,10755.11,Risque faible,1.8295214295606719,-0.5467859268912769,Revenu élevé
9988,70,F,Secundaria,Centro,3701.21,5745.4,674,6,7051.19,Risque faible,1.6804215760654684,-0.1922907584423085,Revenu élevé
9992,48,M,Tecnico,Centro,1436.09,3560.77,607,8,5215.52,Risque moyen,-0.4354384643047953,0.16896329108652258,Revenu faible
9993,27,M,Secundaria,Norte,1956.5,2770.93,538,7,3621.13,Risque moyen,-0.8927588847530066,-0.18977335467235998,Revenu moyen
9997,61,F,Universitario,Norte,4606.28,8374.05,695,3,17278.07,Risque faible,3.9758648767276252,-0.8046255437278728,Revenu élevé
9998,35,F,Universitario,Norte,2511.5,5458.03,614,8,9436.42,Risque moyen,0.8898174947697329,0.47371170519822703,Revenu moyen
9999,40,M,Universitario,Oriente,3722.77,6223.47,703,4,14250.79,Risque faible,2.82530642145291,-0.7279712138096875,Revenu élevé
